InvoiceNo,StockCode,Description,InvoiceDate,Quantity,UnitPrice,Revenue,CustomerID,Country,TransactionType
536365,85123A,WHITE HANGING HEART T-LIGHT HOLDER,12/1/2010,6,2.55,15.3,17850,United Kingdom,Sale
536365,71053,WHITE METAL LANTERN,12/1/2010,6,3.39,20.34,17850,United Kingdom,Sale
536365,84406B,CREAM CUPID HEARTS COAT HANGER,12/1/2010,8,2.75,22,17850,United Kingdom,Sale
536365,84029G,KNITTED UNION FLAG HOT WATER BOTTLE,12/1/2010,6,3.39,20.34,17850,United Kingdom,Sale
536365,84029E,RED WOOLLY HOTTIE WHITE HEART,12/1/2010,6,3.39,20.34,17850,United Kingdom,Sale
536365,22752,SET 7 BABUSHKA NESTING BOXES,12/1/2010,2,7.65,15.3,17850,United Kingdom,Sale
536365,21730,GLASS STAR FROSTED T-LIGHT HOLDER,12/1/2010,6,4.25,25.5,17850,United Kingdom,Sale
536366,22633,HAND WARMER UNION JACK,12/1/2010,6,1.85,11.1,17850,United Kingdom,Sale
536366,22632,HAND WARMER RED RETROSPOT,12/1/2010,6,1.85,11.1,17850,United Kingdom,Sale
536367,84879,ASSORTED COLOUR BIRD ORNAMENT,12/1/2010,32,1.69,54.08,13047,United Kingdom,Sale
536367,22745,POPPY'S PLAYHOUSE BEDROOM,12/1/2010,6,2.1,12.6,13047,United Kingdom,Sale
536367,22748,POPPY'S PLAYHOUSE KITCHEN,12/1/2010,6,2.1,12.6,13047,United Kingdom,Sale
536367,22749,FELTCRAFT PRINCESS CHARLOTTE DOLL,12/1/2010,8,3.75,30,13047,United Kingdom,Sale
536367,22310,IVORY KNITTED MUG COSY,12/1/2010,6,1.65,9.9,13047,United Kingdom,Sale
536367,84969,BOX OF 6 ASSORTED COLOUR TEASPOONS,12/1/2010,6,4.25,25.5,13047,United Kingdom,Sale
536367,22623,BOX OF VINTAGE JIGSAW BLOCKS,12/1/2010,3,4.95,14.85,13047,United Kingdom,Sale
536367,22622,BOX OF VINTAGE ALPHABET BLOCKS,12/1/2010,2,9.95,19.9,13047,United Kingdom,Sale
536367,21754,HOME BUILDING BLOCK WORD,12/1/2010,3,5.95,17.85,13047,United Kingdom,Sale
536367,21755,LOVE BUILDING BLOCK WORD,12/1/2010,3,5.95,17.85,13047,United Kingdom,Sale
536367,21777,RECIPE BOX WITH METAL HEART,12/1/2010,4,7.95,31.8,13047,United Kingdom,Sale
536367,48187,DOORMAT NEW ENGLAND,12/1/2010,4,7.95,31.8,13047,United Kingdom,Sale
536368,22960,JAM MAKING SET WITH JARS,12/1/2010,6,4.25,25.5,13047,United Kingdom,Sale
536368,22913,RED COAT RACK PARIS FASHION,12/1/2010,3,4.95,14.85,13047,United Kingdom,Sale
536368,22912,YELLOW COAT RACK PARIS FASHION,12/1/2010,3,4.95,14.85,13047,United Kingdom,Sale
536368,22914,BLUE COAT RACK PARIS FASHION,12/1/2010,3,4.95,14.85,13047,United Kingdom,Sale
536369,21756,BATH BUILDING BLOCK WORD,12/1/2010,3,5.95,17.85,13047,United Kingdom,Sale
536370,22728,ALARM CLOCK BAKELIKE PINK,12/1/2010,24,3.75,90,12583,France,Sale
536370,22727,ALARM CLOCK BAKELIKE RED,12/1/2010,24,3.75,90,12583,France,Sale
536370,22726,ALARM CLOCK BAKELIKE GREEN,12/1/2010,12,3.75,45,12583,France,Sale
536370,21724,PANDA AND BUNNIES STICKER SHEET,12/1/2010,12,0.85,10.2,12583,France,Sale
536370,21883,STARS GIFT TAPE,12/1/2010,24,0.65,15.6,12583,France,Sale
536370,10002,INFLATABLE POLITICAL GLOBE,12/1/2010,48,0.85,40.8,12583,France,Sale
536370,21791,VINTAGE HEADS AND TAILS CARD GAME,12/1/2010,24,1.25,30,12583,France,Sale
536370,21035,SET/2 RED RETROSPOT TEA TOWELS,12/1/2010,18,2.95,53.1,12583,France,Sale
536370,22326,ROUND SNACK BOXES SET OF4 WOODLAND,12/1/2010,24,2.95,70.8,12583,France,Sale
536370,22629,SPACEBOY LUNCH BOX,12/1/2010,24,1.95,46.8,12583,France,Sale
536370,22659,LUNCH BOX I LOVE LONDON,12/1/2010,24,1.95,46.8,12583,France,Sale
536370,22631,CIRCUS PARADE LUNCH BOX,12/1/2010,24,1.95,46.8,12583,France,Sale
536370,22661,CHARLOTTE BAG DOLLY GIRL DESIGN,12/1/2010,20,0.85,17,12583,France,Sale
536370,21731,RED TOADSTOOL LED NIGHT LIGHT,12/1/2010,24,1.65,39.6,12583,France,Sale
536370,22900,SET 2 TEA TOWELS I LOVE LONDON,12/1/2010,24,2.95,70.8,12583,France,Sale
536370,21913,VINTAGE SEASIDE JIGSAW PUZZLES,12/1/2010,12,3.75,45,12583,France,Sale
536370,22540,MINI JIGSAW CIRCUS PARADE,12/1/2010,24,0.42,10.08,12583,France,Sale
536370,22544,MINI JIGSAW SPACEBOY,12/1/2010,24,0.42,10.08,12583,France,Sale
536370,22492,MINI PAINT SET VINTAGE,12/1/2010,36,0.65,23.4,12583,France,Sale
536371,22086,PAPER CHAIN KIT 50'S CHRISTMAS,12/1/2010,80,2.55,204,13748,United Kingdom,Sale
536372,22632,HAND WARMER RED RETROSPOT,12/1/2010,6,1.85,11.1,17850,United Kingdom,Sale
536372,22633,HAND WARMER UNION JACK,12/1/2010,6,1.85,11.1,17850,United Kingdom,Sale
536373,85123A,WHITE HANGING HEART T-LIGHT HOLDER,12/1/2010,6,2.55,15.3,17850,United Kingdom,Sale
536373,71053,WHITE METAL LANTERN,12/1/2010,6,3.39,20.34,17850,United Kingdom,Sale
536373,84406B,CREAM CUPID HEARTS COAT HANGER,12/1/2010,8,2.75,22,17850,United Kingdom,Sale
536373,20679,EDWARDIAN PARASOL RED,12/1/2010,6,4.95,29.7,17850,United Kingdom,Sale
536373,37370,RETRO COFFEE MUGS ASSORTED,12/1/2010,6,1.06,6.36,17850,United Kingdom,Sale
536373,21871,SAVE THE PLANET MUG,12/1/2010,6,1.06,6.36,17850,United Kingdom,Sale
536373,21071,VINTAGE BILLBOARD DRINK ME MUG,12/1/2010,6,1.06,6.36,17850,United Kingdom,Sale
536373,21068,VINTAGE BILLBOARD LOVE/HATE MUG,12/1/2010,6,1.06,6.36,17850,United Kingdom,Sale
536373,82483,WOOD 2 DRAWER CABINET WHITE FINISH,12/1/2010,2,4.95,9.9,17850,United Kingdom,Sale
536373,82486,WOOD S/3 CABINET ANT WHITE FINISH,12/1/2010,4,6.95,27.8,17850,United Kingdom,Sale
536373,82482,WOODEN PICTURE FRAME WHITE FINISH,12/1/2010,6,2.1,12.6,17850,United Kingdom,Sale
536373,82494L,WOODEN FRAME ANTIQUE WHITE,12/1/2010,6,2.55,15.3,17850,United Kingdom,Sale
536373,84029G,KNITTED UNION FLAG HOT WATER BOTTLE,12/1/2010,6,3.39,20.34,17850,United Kingdom,Sale
536373,84029E,RED WOOLLY HOTTIE WHITE HEART,12/1/2010,6,3.39,20.34,17850,United Kingdom,Sale
536373,22752,SET 7 BABUSHKA NESTING BOXES,12/1/2010,2,7.65,15.3,17850,United Kingdom,Sale
536373,21730,GLASS STAR FROSTED T-LIGHT HOLDER,12/1/2010,6,4.25,25.5,17850,United Kingdom,Sale
536374,21258,VICTORIAN SEWING BOX LARGE,12/1/2010,32,10.95,350.4,15100,United Kingdom,Sale
536375,85123A,WHITE HANGING HEART T-LIGHT HOLDER,12/1/2010,6,2.55,15.3,17850,United Kingdom,Sale
536375,71053,WHITE METAL LANTERN,12/1/2010,6,3.39,20.34,17850,United Kingdom,Sale
536375,84406B,CREAM CUPID HEARTS COAT HANGER,12/1/2010,8,2.75,22,17850,United Kingdom,Sale
536375,20679,EDWARDIAN PARASOL RED,12/1/2010,6,4.95,29.7,17850,United Kingdom,Sale
536375,37370,RETRO COFFEE MUGS ASSORTED,12/1/2010,6,1.06,6.36,17850,United Kingdom,Sale
536375,21871,SAVE THE PLANET MUG,12/1/2010,6,1.06,6.36,17850,United Kingdom,Sale
536375,21071,VINTAGE BILLBOARD DRINK ME MUG,12/1/2010,6,1.06,6.36,17850,United Kingdom,Sale
536375,21068,VINTAGE BILLBOARD LOVE/HATE MUG,12/1/2010,6,1.06,6.36,17850,United Kingdom,Sale
536375,82483,WOOD 2 DRAWER CABINET WHITE FINISH,12/1/2010,2,4.95,9.9,17850,United Kingdom,Sale
536375,82486,WOOD S/3 CABINET ANT WHITE FINISH,12/1/2010,4,6.95,27.8,17850,United Kingdom,Sale
536375,82482,WOODEN PICTURE FRAME WHITE FINISH,12/1/2010,6,2.1,12.6,17850,United Kingdom,Sale
536375,82494L,WOODEN FRAME ANTIQUE WHITE,12/1/2010,6,2.55,15.3,17850,United Kingdom,Sale
536375,84029G,KNITTED UNION FLAG HOT WATER BOTTLE,12/1/2010,6,3.39,20.34,17850,United Kingdom,Sale
536375,84029E,RED WOOLLY HOTTIE WHITE HEART,12/1/2010,6,3.39,20.34,17850,United Kingdom,Sale
536375,22752,SET 7 BABUSHKA NESTING BOXES,12/1/2010,2,7.65,15.3,17850,United Kingdom,Sale
536375,21730,GLASS STAR FROSTED T-LIGHT HOLDER,12/1/2010,6,4.25,25.5,17850,United Kingdom,Sale
536376,22114,HOT WATER BOTTLE TEA AND SYMPATHY,12/1/2010,48,3.45,165.6,15291,United Kingdom,Sale
536376,21733,RED HANGING HEART T-LIGHT HOLDER,12/1/2010,64,2.55,163.2,15291,United Kingdom,Sale
536377,22632,HAND WARMER RED RETROSPOT,12/1/2010,6,1.85,11.1,17850,United Kingdom,Sale
536377,22633,HAND WARMER UNION JACK,12/1/2010,6,1.85,11.1,17850,United Kingdom,Sale
536378,22386,JUMBO BAG PINK POLKADOT,12/1/2010,10,1.95,19.5,14688,United Kingdom,Sale
536378,85099C,JUMBO  BAG BAROQUE BLACK WHITE,12/1/2010,10,1.95,19.5,14688,United Kingdom,Sale
536378,21033,JUMBO BAG CHARLIE AND LOLA TOYS,12/1/2010,10,2.95,29.5,14688,United Kingdom,Sale
536378,20723,STRAWBERRY CHARLOTTE BAG,12/1/2010,10,0.85,8.5,14688,United Kingdom,Sale
536378,84997B,CHILDRENS CUTLERY RETROSPOT RED,12/1/2010,12,3.75,45,14688,United Kingdom,Sale
536378,84997C,CHILDRENS CUTLERY POLKADOT BLUE,12/1/2010,6,3.75,22.5,14688,United Kingdom,Sale
536378,21094,SET/6 RED SPOTTY PAPER PLATES,12/1/2010,12,0.85,10.2,14688,United Kingdom,Sale
536378,20725,LUNCH BAG RED RETROSPOT,12/1/2010,10,1.65,16.5,14688,United Kingdom,Sale
536378,21559,STRAWBERRY LUNCH BOX WITH CUTLERY,12/1/2010,6,2.55,15.3,14688,United Kingdom,Sale
536378,22352,LUNCH BOX WITH CUTLERY RETROSPOT,12/1/2010,6,2.55,15.3,14688,United Kingdom,Sale
536378,21212,PACK OF 72 RETROSPOT CAKE CASES,12/1/2010,120,0.42,50.4,14688,United Kingdom,Sale
536378,21975,PACK OF 60 DINOSAUR CAKE CASES,12/1/2010,24,0.55,13.2,14688,United Kingdom,Sale
536378,21977,PACK OF 60 PINK PAISLEY CAKE CASES,12/1/2010,24,0.55,13.2,14688,United Kingdom,Sale
536378,84991,60 TEATIME FAIRY CAKE CASES,12/1/2010,24,0.55,13.2,14688,United Kingdom,Sale
536378,84519A,TOMATO CHARLIE+LOLA COASTER SET,12/1/2010,6,2.95,17.7,14688,United Kingdom,Sale
536378,85183B,CHARLIE & LOLA WASTEPAPER BIN FLORA,12/1/2010,48,1.25,60,14688,United Kingdom,Sale
536378,85071B,RED CHARLIE+LOLA PERSONAL DOORSIGN,12/1/2010,96,0.38,36.48,14688,United Kingdom,Sale
536378,21931,JUMBO STORAGE BAG SUKI,12/1/2010,10,1.95,19.5,14688,United Kingdom,Sale
536378,21929,JUMBO BAG PINK VINTAGE PAISLEY,12/1/2010,10,1.95,19.5,14688,United Kingdom,Sale
536380,22961,JAM MAKING SET PRINTED,12/1/2010,24,1.45,34.8,17809,United Kingdom,Sale
536381,22139,RETROSPOT TEA SET CERAMIC 11 PC,12/1/2010,23,4.25,97.75,15311,United Kingdom,Sale
536381,84854,GIRLY PINK TOOL SET,12/1/2010,5,4.95,24.75,15311,United Kingdom,Sale
536381,22411,JUMBO SHOPPER VINTAGE RED PAISLEY,12/1/2010,10,1.95,19.5,15311,United Kingdom,Sale
536381,82567,"AIRLINE LOUNGE,METAL SIGN",12/1/2010,2,2.1,4.2,15311,United Kingdom,Sale
536381,21672,WHITE SPOT RED CERAMIC DRAWER KNOB,12/1/2010,6,1.25,7.5,15311,United Kingdom,Sale
536381,22774,RED DRAWER KNOB ACRYLIC EDWARDIAN,12/1/2010,24,1.25,30,15311,United Kingdom,Sale
536381,22771,CLEAR DRAWER KNOB ACRYLIC EDWARDIAN,12/1/2010,24,1.25,30,15311,United Kingdom,Sale
536381,71270,PHOTO CLIP LINE,12/1/2010,1,1.25,1.25,15311,United Kingdom,Sale
536381,22262,FELT EGG COSY CHICKEN,12/1/2010,1,0.85,0.85,15311,United Kingdom,Sale
536381,22637,PIGGY BANK RETROSPOT,12/1/2010,1,2.55,2.55,15311,United Kingdom,Sale
536381,21934,SKULL SHOULDER BAG,12/1/2010,10,1.65,16.5,15311,United Kingdom,Sale
536381,21169,YOU'RE CONFUSING ME METAL SIGN,12/1/2010,3,1.69,5.07,15311,United Kingdom,Sale
536381,21166,COOK WITH WINE METAL SIGN,12/1/2010,1,1.95,1.95,15311,United Kingdom,Sale
536381,21175,GIN AND TONIC DIET METAL SIGN,12/1/2010,2,2.1,4.2,15311,United Kingdom,Sale
536381,37444A,YELLOW BREAKFAST CUP AND SAUCER,12/1/2010,1,2.95,2.95,15311,United Kingdom,Sale
536381,37444C,PINK BREAKFAST CUP AND SAUCER,12/1/2010,1,2.95,2.95,15311,United Kingdom,Sale
536381,22086,PAPER CHAIN KIT 50'S CHRISTMAS,12/1/2010,4,2.95,11.8,15311,United Kingdom,Sale
536381,22083,PAPER CHAIN KIT RETROSPOT,12/1/2010,1,2.95,2.95,15311,United Kingdom,Sale
536381,84971S,SMALL HEART FLOWERS HOOK,12/1/2010,6,0.85,5.1,15311,United Kingdom,Sale
536381,71270,PHOTO CLIP LINE,12/1/2010,3,1.25,3.75,15311,United Kingdom,Sale
536381,47580,TEA TIME DES TEA COSY,12/1/2010,2,2.55,5.1,15311,United Kingdom,Sale
536381,22261,FELT EGG COSY WHITE RABBIT,12/1/2010,1,0.85,0.85,15311,United Kingdom,Sale
536381,84832,ZINC WILLIE WINKIE  CANDLE STICK,12/1/2010,1,0.85,0.85,15311,United Kingdom,Sale
536381,22644,CERAMIC CHERRY CAKE MONEY BANK,12/1/2010,1,1.45,1.45,15311,United Kingdom,Sale
536381,21533,RETROSPOT LARGE MILK JUG,12/1/2010,1,4.95,4.95,15311,United Kingdom,Sale
536381,21557,SET OF 6 FUNKY BEAKERS,12/1/2010,2,2.95,5.9,15311,United Kingdom,Sale
536381,15056BL,EDWARDIAN PARASOL BLACK,12/1/2010,2,5.95,11.9,15311,United Kingdom,Sale
536381,15056N,EDWARDIAN PARASOL NATURAL,12/1/2010,2,5.95,11.9,15311,United Kingdom,Sale
536381,22646,CERAMIC STRAWBERRY CAKE MONEY BANK,12/1/2010,4,1.45,5.8,15311,United Kingdom,Sale
536381,22176,BLUE OWL SOFT TOY,12/1/2010,1,2.95,2.95,15311,United Kingdom,Sale
536381,22438,BALLOON ART MAKE YOUR OWN FLOWERS,12/1/2010,1,1.95,1.95,15311,United Kingdom,Sale
536381,21731,RED TOADSTOOL LED NIGHT LIGHT,12/1/2010,2,1.65,3.3,15311,United Kingdom,Sale
536381,22778,GLASS CLOCHE SMALL,12/1/2010,3,3.95,11.85,15311,United Kingdom,Sale
536381,22719,GUMBALL MONOCHROME COAT RACK,12/1/2010,36,1.06,38.16,15311,United Kingdom,Sale
536381,21523,DOORMAT FANCY FONT HOME SWEET HOME,12/1/2010,10,6.75,67.5,15311,United Kingdom,Sale
536382,10002,INFLATABLE POLITICAL GLOBE,12/1/2010,12,0.85,10.2,16098,United Kingdom,Sale
536382,21912,VINTAGE SNAKES & LADDERS,12/1/2010,8,3.75,30,16098,United Kingdom,Sale
536382,21832,CHOCOLATE CALCULATOR,12/1/2010,12,1.65,19.8,16098,United Kingdom,Sale
536382,22411,JUMBO SHOPPER VINTAGE RED PAISLEY,12/1/2010,10,1.95,19.5,16098,United Kingdom,Sale
536382,22379,RECYCLING BAG RETROSPOT,12/1/2010,10,2.1,21,16098,United Kingdom,Sale
536382,22381,TOY TIDY PINK POLKADOT,12/1/2010,50,1.85,92.5,16098,United Kingdom,Sale
536382,22798,ANTIQUE GLASS DRESSING TABLE POT,12/1/2010,8,2.95,23.6,16098,United Kingdom,Sale
536382,22726,ALARM CLOCK BAKELIKE GREEN,12/1/2010,4,3.75,15,16098,United Kingdom,Sale
536382,22926,IVORY GIANT GARDEN THERMOMETER,12/1/2010,12,5.95,71.4,16098,United Kingdom,Sale
536382,22839,3 TIER CAKE TIN GREEN AND CREAM,12/1/2010,2,14.95,29.9,16098,United Kingdom,Sale
536382,22838,3 TIER CAKE TIN RED AND CREAM,12/1/2010,2,14.95,29.9,16098,United Kingdom,Sale
536382,22783,SET 3 WICKER OVAL BASKETS W LIDS,12/1/2010,4,16.95,67.8,16098,United Kingdom,Sale
C536383,35004C,SET OF 3 COLOURED  FLYING DUCKS,12/1/2010,-1,4.65,-4.65,15311,United Kingdom,Return
536384,82484,WOOD BLACK BOARD ANT WHITE FINISH,12/1/2010,3,6.45,19.35,18074,United Kingdom,Sale
536384,84755,COLOUR GLASS T-LIGHT HOLDER HANGING,12/1/2010,48,0.65,31.2,18074,United Kingdom,Sale
536384,22464,HANGING METAL HEART LANTERN,12/1/2010,12,1.65,19.8,18074,United Kingdom,Sale
536384,21324,HANGING MEDINA LANTERN SMALL,12/1/2010,6,2.95,17.7,18074,United Kingdom,Sale
536384,22457,NATURAL SLATE HEART CHALKBOARD,12/1/2010,12,2.95,35.4,18074,United Kingdom,Sale
536384,22469,HEART OF WICKER SMALL,12/1/2010,40,1.45,58,18074,United Kingdom,Sale
536384,22470,HEART OF WICKER LARGE,12/1/2010,40,2.55,102,18074,United Kingdom,Sale
536384,22224,WHITE LOVEBIRD LANTERN,12/1/2010,6,2.95,17.7,18074,United Kingdom,Sale
536384,21340,CLASSIC METAL BIRDCAGE PLANT HOLDER,12/1/2010,2,12.75,25.5,18074,United Kingdom,Sale
536384,22189,CREAM HEART CARD HOLDER,12/1/2010,4,3.95,15.8,18074,United Kingdom,Sale
536384,22427,ENAMEL FLOWER JUG CREAM,12/1/2010,3,5.95,17.85,18074,United Kingdom,Sale
536384,22428,ENAMEL FIRE BUCKET CREAM,12/1/2010,6,6.95,41.7,18074,United Kingdom,Sale
536384,22424,ENAMEL BREAD BIN CREAM,12/1/2010,8,10.95,87.6,18074,United Kingdom,Sale
536385,22783,SET 3 WICKER OVAL BASKETS W LIDS,12/1/2010,1,19.95,19.95,17420,United Kingdom,Sale
536385,22961,JAM MAKING SET PRINTED,12/1/2010,12,1.45,17.4,17420,United Kingdom,Sale
536385,22960,JAM MAKING SET WITH JARS,12/1/2010,6,4.25,25.5,17420,United Kingdom,Sale
536385,22663,JUMBO BAG DOLLY GIRL DESIGN,12/1/2010,10,1.95,19.5,17420,United Kingdom,Sale
536385,85049A,TRADITIONAL CHRISTMAS RIBBONS,12/1/2010,12,1.25,15,17420,United Kingdom,Sale
536385,22168,ORGANISER WOOD ANTIQUE WHITE,12/1/2010,2,8.5,17,17420,United Kingdom,Sale
536385,22662,LUNCH BAG DOLLY GIRL DESIGN,12/1/2010,10,1.65,16.5,17420,United Kingdom,Sale
536386,84880,WHITE WIRE EGG HOLDER,12/1/2010,36,4.95,178.2,16029,United Kingdom,Sale
536386,85099C,JUMBO  BAG BAROQUE BLACK WHITE,12/1/2010,100,1.65,165,16029,United Kingdom,Sale
536386,85099B,JUMBO BAG RED RETROSPOT,12/1/2010,100,1.65,165,16029,United Kingdom,Sale
536387,79321,CHILLI LIGHTS,12/1/2010,192,3.82,733.44,16029,United Kingdom,Sale
536387,22780,LIGHT GARLAND BUTTERFILES PINK,12/1/2010,192,3.37,647.04,16029,United Kingdom,Sale
536387,22779,WOODEN OWLS LIGHT GARLAND,12/1/2010,192,3.37,647.04,16029,United Kingdom,Sale
536387,22466,FAIRY TALE COTTAGE NIGHT LIGHT,12/1/2010,432,1.45,626.4,16029,United Kingdom,Sale
536387,21731,RED TOADSTOOL LED NIGHT LIGHT,12/1/2010,432,1.25,540,16029,United Kingdom,Sale
536388,21754,HOME BUILDING BLOCK WORD,12/1/2010,3,5.95,17.85,16250,United Kingdom,Sale
536388,21755,LOVE BUILDING BLOCK WORD,12/1/2010,3,5.95,17.85,16250,United Kingdom,Sale
536388,21523,DOORMAT FANCY FONT HOME SWEET HOME,12/1/2010,2,7.95,15.9,16250,United Kingdom,Sale
536388,21363,HOME SMALL WOOD LETTERS,12/1/2010,3,4.95,14.85,16250,United Kingdom,Sale
536388,21411,GINGHAM HEART  DOORSTOP RED,12/1/2010,3,4.25,12.75,16250,United Kingdom,Sale
536388,22318,FIVE HEART HANGING DECORATION,12/1/2010,6,2.95,17.7,16250,United Kingdom,Sale
536388,22464,HANGING METAL HEART LANTERN,12/1/2010,12,1.65,19.8,16250,United Kingdom,Sale
536388,22915,ASSORTED BOTTLE TOP  MAGNETS,12/1/2010,12,0.42,5.04,16250,United Kingdom,Sale
536388,22922,FRIDGE MAGNETS US DINER ASSORTED,12/1/2010,12,0.85,10.2,16250,United Kingdom,Sale
536388,22969,HOMEMADE JAM SCENTED CANDLES,12/1/2010,12,1.45,17.4,16250,United Kingdom,Sale
536388,22923,FRIDGE MAGNETS LES ENFANTS ASSORTED,12/1/2010,12,0.85,10.2,16250,United Kingdom,Sale
536388,21115,ROSE CARAVAN DOORSTOP,12/1/2010,4,6.75,27,16250,United Kingdom,Sale
536388,22469,HEART OF WICKER SMALL,12/1/2010,12,1.65,19.8,16250,United Kingdom,Sale
536388,22242,5 HOOK HANGER MAGIC TOADSTOOL,12/1/2010,12,1.65,19.8,16250,United Kingdom,Sale
536389,22941,CHRISTMAS LIGHTS 10 REINDEER,12/1/2010,6,8.5,51,12431,Australia,Sale
536389,21622,VINTAGE UNION JACK CUSHION COVER,12/1/2010,8,4.95,39.6,12431,Australia,Sale
536389,21791,VINTAGE HEADS AND TAILS CARD GAME,12/1/2010,12,1.25,15,12431,Australia,Sale
536389,35004C,SET OF 3 COLOURED  FLYING DUCKS,12/1/2010,6,5.45,32.7,12431,Australia,Sale
536389,35004G,SET OF 3 GOLD FLYING DUCKS,12/1/2010,4,6.35,25.4,12431,Australia,Sale
536389,85014B,RED RETROSPOT UMBRELLA,12/1/2010,6,5.95,35.7,12431,Australia,Sale
536389,85014A,BLACK/BLUE POLKADOT UMBRELLA,12/1/2010,3,5.95,17.85,12431,Australia,Sale
536389,22193,RED DINER WALL CLOCK,12/1/2010,2,8.5,17,12431,Australia,Sale
536389,22726,ALARM CLOCK BAKELIKE GREEN,12/1/2010,4,3.75,15,12431,Australia,Sale
536389,22727,ALARM CLOCK BAKELIKE RED,12/1/2010,4,3.75,15,12431,Australia,Sale
536389,22192,BLUE DINER WALL CLOCK,12/1/2010,2,8.5,17,12431,Australia,Sale
536389,22191,IVORY DINER WALL CLOCK,12/1/2010,2,8.5,17,12431,Australia,Sale
536389,22195,LARGE HEART MEASURING SPOONS,12/1/2010,24,1.65,39.6,12431,Australia,Sale
536389,22196,SMALL HEART MEASURING SPOONS,12/1/2010,24,0.85,20.4,12431,Australia,Sale
536390,22941,CHRISTMAS LIGHTS 10 REINDEER,12/1/2010,2,8.5,17,17511,United Kingdom,Sale
536390,22960,JAM MAKING SET WITH JARS,12/1/2010,12,3.75,45,17511,United Kingdom,Sale
536390,22961,JAM MAKING SET PRINTED,12/1/2010,12,1.45,17.4,17511,United Kingdom,Sale
536390,22962,JAM JAR WITH PINK LID,12/1/2010,48,0.72,34.56,17511,United Kingdom,Sale
536390,22963,JAM JAR WITH GREEN LID,12/1/2010,48,0.72,34.56,17511,United Kingdom,Sale
536390,22968,ROSE COTTAGE KEEPSAKE BOX,12/1/2010,8,8.5,68,17511,United Kingdom,Sale
536390,84970S,HANGING HEART ZINC T-LIGHT HOLDER,12/1/2010,144,0.64,92.16,17511,United Kingdom,Sale
536390,22910,PAPER CHAIN KIT VINTAGE CHRISTMAS,12/1/2010,40,2.55,102,17511,United Kingdom,Sale
536390,20668,DISCO BALL CHRISTMAS DECORATION,12/1/2010,288,0.1,28.8,17511,United Kingdom,Sale
536390,85123A,WHITE HANGING HEART T-LIGHT HOLDER,12/1/2010,64,2.55,163.2,17511,United Kingdom,Sale
536390,22197,POPCORN HOLDER,12/1/2010,100,0.72,72,17511,United Kingdom,Sale
536390,22198,LARGE POPCORN HOLDER,12/1/2010,50,1.45,72.5,17511,United Kingdom,Sale
536390,21533,RETROSPOT LARGE MILK JUG,12/1/2010,12,4.25,51,17511,United Kingdom,Sale
536390,21080,SET/20 RED RETROSPOT PAPER NAPKINS,12/1/2010,96,0.64,61.44,17511,United Kingdom,Sale
536390,21094,SET/6 RED SPOTTY PAPER PLATES,12/1/2010,96,0.64,61.44,17511,United Kingdom,Sale
536390,21086,SET/6 RED SPOTTY PAPER CUPS,12/1/2010,48,0.65,31.2,17511,United Kingdom,Sale
536390,21786,POLKADOT RAIN HAT,12/1/2010,144,0.32,46.08,17511,United Kingdom,Sale
536390,22654,DELUXE SEWING KIT,12/1/2010,40,4.95,198,17511,United Kingdom,Sale
536390,21485,RETROSPOT HEART HOT WATER BOTTLE,12/1/2010,24,4.25,102,17511,United Kingdom,Sale
536390,84029G,KNITTED UNION FLAG HOT WATER BOTTLE,12/1/2010,24,3.39,81.36,17511,United Kingdom,Sale
536390,84030E,ENGLISH ROSE HOT WATER BOTTLE,12/1/2010,24,3.75,90,17511,United Kingdom,Sale
536390,22174,PHOTO CUBE,12/1/2010,48,1.48,71.04,17511,United Kingdom,Sale
536390,22969,HOMEMADE JAM SCENTED CANDLES,12/1/2010,96,1.25,120,17511,United Kingdom,Sale
536390,85099B,JUMBO BAG RED RETROSPOT,12/1/2010,100,1.65,165,17511,United Kingdom,Sale
C536391,22556,PLASTERS IN TIN CIRCUS PARADE,12/1/2010,-12,1.65,-19.8,17548,United Kingdom,Return
C536391,21984,PACK OF 12 PINK PAISLEY TISSUES,12/1/2010,-24,0.29,-6.96,17548,United Kingdom,Return
C536391,21983,PACK OF 12 BLUE PAISLEY TISSUES,12/1/2010,-24,0.29,-6.96,17548,United Kingdom,Return
C536391,21980,PACK OF 12 RED RETROSPOT TISSUES,12/1/2010,-24,0.29,-6.96,17548,United Kingdom,Return
C536391,21484,CHICK GREY HOT WATER BOTTLE,12/1/2010,-12,3.45,-41.4,17548,United Kingdom,Return
C536391,22557,PLASTERS IN TIN VINTAGE PAISLEY,12/1/2010,-12,1.65,-19.8,17548,United Kingdom,Return
C536391,22553,PLASTERS IN TIN SKULLS,12/1/2010,-24,1.65,-39.6,17548,United Kingdom,Return
536392,22150,3 STRIPEY MICE FELTCRAFT,12/1/2010,6,1.95,11.7,13705,United Kingdom,Sale
536392,22619,SET OF 6 SOLDIER SKITTLES,12/1/2010,4,3.75,15,13705,United Kingdom,Sale
536392,21891,TRADITIONAL WOODEN SKIPPING ROPE,12/1/2010,12,1.25,15,13705,United Kingdom,Sale
536392,21889,WOODEN BOX OF DOMINOES,12/1/2010,12,1.25,15,13705,United Kingdom,Sale
536392,22827,RUSTIC  SEVENTEEN DRAWER SIDEBOARD,12/1/2010,1,165,165,13705,United Kingdom,Sale
536392,22127,PARTY CONES CARNIVAL ASSORTED,12/1/2010,12,1.25,15,13705,United Kingdom,Sale
536392,22128,PARTY CONES CANDY ASSORTED,12/1/2010,12,1.25,15,13705,United Kingdom,Sale
536392,22502,PICNIC BASKET WICKER SMALL,12/1/2010,4,5.95,23.8,13705,United Kingdom,Sale
536392,84879,ASSORTED COLOUR BIRD ORNAMENT,12/1/2010,16,1.69,27.04,13705,United Kingdom,Sale
536392,22338,STAR DECORATION PAINTED ZINC,12/1/2010,24,0.65,15.6,13705,United Kingdom,Sale
536393,22180,RETROSPOT LAMP,12/1/2010,8,9.95,79.6,13747,United Kingdom,Sale
536394,21506,FANCY FONT BIRTHDAY CARD,12/1/2010,24,0.42,10.08,13408,United Kingdom,Sale
536394,22633,HAND WARMER UNION JACK,12/1/2010,96,1.85,177.6,13408,United Kingdom,Sale
536394,22866,HAND WARMER SCOTTY DOG DESIGN,12/1/2010,96,1.85,177.6,13408,United Kingdom,Sale
536394,22865,HAND WARMER OWL DESIGN,12/1/2010,96,1.85,177.6,13408,United Kingdom,Sale
536394,22632,HAND WARMER RED RETROSPOT,12/1/2010,96,1.85,177.6,13408,United Kingdom,Sale
536394,21485,RETROSPOT HEART HOT WATER BOTTLE,12/1/2010,12,4.95,59.4,13408,United Kingdom,Sale
536394,22349,DOG BOWL CHASING BALL DESIGN,12/1/2010,12,3.75,45,13408,United Kingdom,Sale
536394,22558,CLOTHES PEGS RETROSPOT PACK 24,12/1/2010,48,1.25,60,13408,United Kingdom,Sale
536394,85152,HAND OVER THE CHOCOLATE   SIGN,12/1/2010,12,2.1,25.2,13408,United Kingdom,Sale
536394,85123A,WHITE HANGING HEART T-LIGHT HOLDER,12/1/2010,32,2.55,81.6,13408,United Kingdom,Sale
536394,22652,TRAVEL SEWING KIT,12/1/2010,20,1.65,33,13408,United Kingdom,Sale
536395,22188,BLACK HEART CARD HOLDER,12/1/2010,8,3.95,31.6,13767,United Kingdom,Sale
536395,84879,ASSORTED COLOUR BIRD ORNAMENT,12/1/2010,32,1.69,54.08,13767,United Kingdom,Sale
536395,21977,PACK OF 60 PINK PAISLEY CAKE CASES,12/1/2010,24,0.55,13.2,13767,United Kingdom,Sale
536395,84991,60 TEATIME FAIRY CAKE CASES,12/1/2010,24,0.55,13.2,13767,United Kingdom,Sale
536395,21212,PACK OF 72 RETROSPOT CAKE CASES,12/1/2010,24,0.55,13.2,13767,United Kingdom,Sale
536395,21484,CHICK GREY HOT WATER BOTTLE,12/1/2010,8,3.45,27.6,13767,United Kingdom,Sale
536395,21314,SMALL GLASS HEART TRINKET POT,12/1/2010,8,2.1,16.8,13767,United Kingdom,Sale
536395,22730,ALARM CLOCK BAKELIKE IVORY,12/1/2010,4,3.75,15,13767,United Kingdom,Sale
536395,22727,ALARM CLOCK BAKELIKE RED,12/1/2010,8,3.75,30,13767,United Kingdom,Sale
536395,22729,ALARM CLOCK BAKELIKE ORANGE,12/1/2010,8,3.75,30,13767,United Kingdom,Sale
536395,22726,ALARM CLOCK BAKELIKE GREEN,12/1/2010,8,3.75,30,13767,United Kingdom,Sale
536395,22114,HOT WATER BOTTLE TEA AND SYMPATHY,12/1/2010,8,3.95,31.6,13767,United Kingdom,Sale
536395,22867,HAND WARMER BIRD DESIGN,12/1/2010,48,2.1,100.8,13767,United Kingdom,Sale
536395,22866,HAND WARMER SCOTTY DOG DESIGN,12/1/2010,48,2.1,100.8,13767,United Kingdom,Sale
536396,85123A,WHITE HANGING HEART T-LIGHT HOLDER,12/1/2010,6,2.55,15.3,17850,United Kingdom,Sale
536396,71053,WHITE METAL LANTERN,12/1/2010,6,3.39,20.34,17850,United Kingdom,Sale
536396,84406B,CREAM CUPID HEARTS COAT HANGER,12/1/2010,8,2.75,22,17850,United Kingdom,Sale
536396,15056BL,EDWARDIAN PARASOL BLACK,12/1/2010,6,4.95,29.7,17850,United Kingdom,Sale
536396,20679,EDWARDIAN PARASOL RED,12/1/2010,6,4.95,29.7,17850,United Kingdom,Sale
536396,37370,RETRO COFFEE MUGS ASSORTED,12/1/2010,6,1.06,6.36,17850,United Kingdom,Sale
536396,21871,SAVE THE PLANET MUG,12/1/2010,6,1.06,6.36,17850,United Kingdom,Sale
536396,21071,VINTAGE BILLBOARD DRINK ME MUG,12/1/2010,6,1.06,6.36,17850,United Kingdom,Sale
536396,21068,VINTAGE BILLBOARD LOVE/HATE MUG,12/1/2010,6,1.06,6.36,17850,United Kingdom,Sale
536396,82483,WOOD 2 DRAWER CABINET WHITE FINISH,12/1/2010,2,4.95,9.9,17850,United Kingdom,Sale
536396,82486,WOOD S/3 CABINET ANT WHITE FINISH,12/1/2010,4,6.95,27.8,17850,United Kingdom,Sale
536396,82482,WOODEN PICTURE FRAME WHITE FINISH,12/1/2010,6,2.1,12.6,17850,United Kingdom,Sale
536396,82494L,WOODEN FRAME ANTIQUE WHITE,12/1/2010,12,2.55,30.6,17850,United Kingdom,Sale
536396,84029G,KNITTED UNION FLAG HOT WATER BOTTLE,12/1/2010,6,3.39,20.34,17850,United Kingdom,Sale
536396,84029E,RED WOOLLY HOTTIE WHITE HEART,12/1/2010,6,3.39,20.34,17850,United Kingdom,Sale
536396,22752,SET 7 BABUSHKA NESTING BOXES,12/1/2010,2,7.65,15.3,17850,United Kingdom,Sale
536396,22803,IVORY EMBROIDERED QUILT,12/1/2010,2,35.75,71.5,17850,United Kingdom,Sale
536396,21730,GLASS STAR FROSTED T-LIGHT HOLDER,12/1/2010,6,4.25,25.5,17850,United Kingdom,Sale
536397,35004B,SET OF 3 BLACK FLYING DUCKS,12/1/2010,12,4.65,55.8,17924,United Kingdom,Sale
536397,35004C,SET OF 3 COLOURED  FLYING DUCKS,12/1/2010,48,4.65,223.2,17924,United Kingdom,Sale
536398,21980,PACK OF 12 RED RETROSPOT TISSUES,12/1/2010,24,0.29,6.96,13448,United Kingdom,Sale
536398,21844,RED RETROSPOT MUG,12/1/2010,6,2.95,17.7,13448,United Kingdom,Sale
536398,22468,BABUSHKA LIGHTS STRING OF 10,12/1/2010,4,6.75,27,13448,United Kingdom,Sale
536398,22637,PIGGY BANK RETROSPOT,12/1/2010,8,2.55,20.4,13448,United Kingdom,Sale
536398,22752,SET 7 BABUSHKA NESTING BOXES,12/1/2010,6,8.5,51,13448,United Kingdom,Sale
536398,48185,DOORMAT FAIRY CAKE,12/1/2010,2,7.95,15.9,13448,United Kingdom,Sale
536398,22632,HAND WARMER RED RETROSPOT,12/1/2010,12,2.1,25.2,13448,United Kingdom,Sale
536398,22866,HAND WARMER SCOTTY DOG DESIGN,12/1/2010,12,2.1,25.2,13448,United Kingdom,Sale
536398,22865,HAND WARMER OWL DESIGN,12/1/2010,12,2.1,25.2,13448,United Kingdom,Sale
536398,21232,STRAWBERRY CERAMIC TRINKET BOX,12/1/2010,12,1.25,15,13448,United Kingdom,Sale
536398,22064,PINK DOUGHNUT TRINKET POT,12/1/2010,12,1.65,19.8,13448,United Kingdom,Sale
536398,22449,SILK PURSE BABUSHKA PINK,12/1/2010,6,3.35,20.1,13448,United Kingdom,Sale
536398,22114,HOT WATER BOTTLE TEA AND SYMPATHY,12/1/2010,4,3.95,15.8,13448,United Kingdom,Sale
536398,22835,HOT WATER BOTTLE I AM SO POORLY,12/1/2010,8,4.65,37.2,13448,United Kingdom,Sale
536398,22112,CHOCOLATE HOT WATER BOTTLE,12/1/2010,9,4.95,44.55,13448,United Kingdom,Sale
536398,21479,WHITE SKULL HOT WATER BOTTLE,12/1/2010,4,3.75,15,13448,United Kingdom,Sale
536398,22111,SCOTTIE DOG HOT WATER BOTTLE,12/1/2010,9,4.95,44.55,13448,United Kingdom,Sale
536399,22632,HAND WARMER RED RETROSPOT,12/1/2010,6,1.85,11.1,17850,United Kingdom,Sale
536399,22633,HAND WARMER UNION JACK,12/1/2010,6,1.85,11.1,17850,United Kingdom,Sale
536400,22969,HOMEMADE JAM SCENTED CANDLES,12/1/2010,12,1.45,17.4,13448,United Kingdom,Sale
536401,22110,BIRD HOUSE HOT WATER BOTTLE,12/1/2010,1,2.55,2.55,15862,United Kingdom,Sale
536401,22098,BOUDOIR SQUARE TISSUE BOX,12/1/2010,1,1.25,1.25,15862,United Kingdom,Sale
536401,22100,SKULLS SQUARE TISSUE BOX,12/1/2010,2,1.25,2.5,15862,United Kingdom,Sale
536401,22766,PHOTO FRAME CORNICE,12/1/2010,1,2.95,2.95,15862,United Kingdom,Sale
536401,22451,SILK PURSE BABUSHKA RED,12/1/2010,1,3.35,3.35,15862,United Kingdom,Sale
536401,22549,PICTURE DOMINOES,12/1/2010,1,1.45,1.45,15862,United Kingdom,Sale
536401,84744,S/6 SEW ON CROCHET FLOWERS,12/1/2010,1,1.25,1.25,15862,United Kingdom,Sale
536401,85049E,SCANDINAVIAN REDS RIBBONS,12/1/2010,2,1.25,2.5,15862,United Kingdom,Sale
536401,21328,BALLOONS  WRITING SET,12/1/2010,1,1.65,1.65,15862,United Kingdom,Sale
536401,22961,JAM MAKING SET PRINTED,12/1/2010,4,1.45,5.8,15862,United Kingdom,Sale
536401,17091A,LAVENDER INCENSE IN TIN,12/1/2010,1,1.25,1.25,15862,United Kingdom,Sale
536401,22473,TV DINNER TRAY VINTAGE PAISLEY,12/1/2010,1,4.95,4.95,15862,United Kingdom,Sale
536401,84509A,SET OF 4 ENGLISH ROSE PLACEMATS,12/1/2010,2,3.75,7.5,15862,United Kingdom,Sale
536401,84510A,SET OF 4 ENGLISH ROSE COASTERS,12/1/2010,2,1.25,2.5,15862,United Kingdom,Sale
536401,22767,TRIPLE PHOTO FRAME CORNICE,12/1/2010,2,9.95,19.9,15862,United Kingdom,Sale
536401,22768,FAMILY PHOTO FRAME CORNICE,12/1/2010,1,9.95,9.95,15862,United Kingdom,Sale
536401,21463,MIRRORED DISCO BALL,12/1/2010,1,5.95,5.95,15862,United Kingdom,Sale
536401,21464,DISCO BALL ROTATOR BATTERY OPERATED,12/1/2010,1,4.25,4.25,15862,United Kingdom,Sale
536401,20820,SILVER LOOKING MIRROR,12/1/2010,3,4.95,14.85,15862,United Kingdom,Sale
536401,85150,LADIES & GENTLEMEN METAL SIGN,12/1/2010,1,2.55,2.55,15862,United Kingdom,Sale
536401,22117,METAL SIGN HER DINNER IS SERVED,12/1/2010,1,2.95,2.95,15862,United Kingdom,Sale
536401,21169,YOU'RE CONFUSING ME METAL SIGN,12/1/2010,2,1.69,3.38,15862,United Kingdom,Sale
536401,48129,DOORMAT TOPIARY,12/1/2010,1,7.95,7.95,15862,United Kingdom,Sale
536401,82580,BATHROOM METAL SIGN,12/1/2010,1,0.55,0.55,15862,United Kingdom,Sale
536401,82578,KITCHEN METAL SIGN,12/1/2010,1,0.55,0.55,15862,United Kingdom,Sale
536401,82581,TOILET METAL SIGN,12/1/2010,2,0.55,1.1,15862,United Kingdom,Sale
536401,22413,METAL SIGN TAKE IT OR LEAVE IT,12/1/2010,4,2.95,11.8,15862,United Kingdom,Sale
536401,21907,I'M ON HOLIDAY METAL SIGN,12/1/2010,2,2.1,4.2,15862,United Kingdom,Sale
536401,22441,GROW YOUR OWN BASIL IN ENAMEL MUG,12/1/2010,1,2.1,2.1,15862,United Kingdom,Sale
536401,21122,SET/10 PINK POLKADOT PARTY CANDLES,12/1/2010,1,1.25,1.25,15862,United Kingdom,Sale
536401,22851,SET 20 NAPKINS FAIRY CAKES DESIGN,12/1/2010,1,0.85,0.85,15862,United Kingdom,Sale
536401,84991,60 TEATIME FAIRY CAKE CASES,12/1/2010,3,0.55,1.65,15862,United Kingdom,Sale
536401,22810,SET OF 6 T-LIGHTS SNOWMEN,12/1/2010,1,2.95,2.95,15862,United Kingdom,Sale
536401,22809,SET OF 6 T-LIGHTS SANTA,12/1/2010,1,2.95,2.95,15862,United Kingdom,Sale
536401,22435,SET OF 9 HEART SHAPED BALLOONS,12/1/2010,2,1.25,2.5,15862,United Kingdom,Sale
536401,20966,SANDWICH BATH SPONGE,12/1/2010,3,1.25,3.75,15862,United Kingdom,Sale
536401,20963,APPLE BATH SPONGE,12/1/2010,1,1.25,1.25,15862,United Kingdom,Sale
536401,20961,STRAWBERRY BATH SPONGE,12/1/2010,1,1.25,1.25,15862,United Kingdom,Sale
536401,22068,BLACK PIRATE TREASURE CHEST,12/1/2010,2,1.65,3.3,15862,United Kingdom,Sale
536401,21743,STAR PORTABLE TABLE LIGHT,12/1/2010,2,2.95,5.9,15862,United Kingdom,Sale
536401,21744,SNOWFLAKE PORTABLE TABLE LIGHT,12/1/2010,2,2.95,5.9,15862,United Kingdom,Sale
536401,84709B,PINK OVAL JEWELLED MIRROR,12/1/2010,1,5.95,5.95,15862,United Kingdom,Sale
536401,21592,RETROSPOT CIGAR BOX MATCHES,12/1/2010,1,1.25,1.25,15862,United Kingdom,Sale
536401,21587,COSY HOUR GIANT TUBE MATCHES,12/1/2010,2,2.55,5.1,15862,United Kingdom,Sale
536401,20992,JAZZ HEARTS PURSE NOTEBOOK,12/1/2010,9,0.85,7.65,15862,United Kingdom,Sale
536401,22662,LUNCH BAG DOLLY GIRL DESIGN,12/1/2010,1,1.65,1.65,15862,United Kingdom,Sale
536401,85123A,WHITE HANGING HEART T-LIGHT HOLDER,12/1/2010,4,2.95,11.8,15862,United Kingdom,Sale
536401,22804,CANDLEHOLDER PINK HANGING HEART,12/1/2010,3,2.95,8.85,15862,United Kingdom,Sale
536401,82483,WOOD 2 DRAWER CABINET WHITE FINISH,12/1/2010,1,5.95,5.95,15862,United Kingdom,Sale
536401,20749,ASSORTED COLOUR MINI CASES,12/1/2010,1,7.95,7.95,15862,United Kingdom,Sale
536401,20725,LUNCH BAG RED RETROSPOT,12/1/2010,1,1.65,1.65,15862,United Kingdom,Sale
536401,22382,LUNCH BAG SPACEBOY DESIGN,12/1/2010,2,1.65,3.3,15862,United Kingdom,Sale
536401,20726,LUNCH BAG WOODLAND,12/1/2010,1,1.65,1.65,15862,United Kingdom,Sale
536401,22384,LUNCH BAG PINK POLKADOT,12/1/2010,1,1.65,1.65,15862,United Kingdom,Sale
536401,22467,GUMBALL COAT RACK,12/1/2010,5,2.55,12.75,15862,United Kingdom,Sale
536401,84625C,BLUE NEW BAROQUE CANDLESTICK CANDLE,12/1/2010,3,2.95,8.85,15862,United Kingdom,Sale
536401,84625A,PINK NEW BAROQUECANDLESTICK CANDLE,12/1/2010,3,2.95,8.85,15862,United Kingdom,Sale
536401,21108,FAIRY CAKE FLANNEL ASSORTED COLOUR,12/1/2010,9,2.55,22.95,15862,United Kingdom,Sale
536401,22848,BREAD BIN DINER STYLE PINK,12/1/2010,1,16.95,16.95,15862,United Kingdom,Sale
536401,21033,JUMBO BAG CHARLIE AND LOLA TOYS,12/1/2010,4,2.95,11.8,15862,United Kingdom,Sale
536401,47570B,TEA TIME TABLE CLOTH,12/1/2010,1,10.65,10.65,15862,United Kingdom,Sale
536401,84030E,ENGLISH ROSE HOT WATER BOTTLE,12/1/2010,1,4.25,4.25,15862,United Kingdom,Sale
536401,22428,ENAMEL FIRE BUCKET CREAM,12/1/2010,2,6.95,13.9,15862,United Kingdom,Sale
536401,22502,PICNIC BASKET WICKER SMALL,12/1/2010,2,5.95,11.9,15862,United Kingdom,Sale
536402,22086,PAPER CHAIN KIT 50'S CHRISTMAS,12/1/2010,40,2.55,102,15513,United Kingdom,Sale
536402,22910,PAPER CHAIN KIT VINTAGE CHRISTMAS,12/1/2010,40,2.55,102,15513,United Kingdom,Sale
536402,22837,HOT WATER BOTTLE BABUSHKA,12/1/2010,36,4.25,153,15513,United Kingdom,Sale
536403,22867,HAND WARMER BIRD DESIGN,12/1/2010,96,1.85,177.6,12791,Netherlands,Sale
536404,22297,HEART IVORY TRELLIS SMALL,12/1/2010,24,1.25,30,16218,United Kingdom,Sale
536404,22771,CLEAR DRAWER KNOB ACRYLIC EDWARDIAN,12/1/2010,12,1.25,15,16218,United Kingdom,Sale
536404,22772,PINK DRAWER KNOB ACRYLIC EDWARDIAN,12/1/2010,12,1.25,15,16218,United Kingdom,Sale
536404,22773,GREEN DRAWER KNOB ACRYLIC EDWARDIAN,12/1/2010,12,1.25,15,16218,United Kingdom,Sale
536404,22805,BLUE DRAWER KNOB ACRYLIC EDWARDIAN,12/1/2010,12,1.25,15,16218,United Kingdom,Sale
536404,22469,HEART OF WICKER SMALL,12/1/2010,12,1.65,19.8,16218,United Kingdom,Sale
536404,22197,POPCORN HOLDER,12/1/2010,36,0.85,30.6,16218,United Kingdom,Sale
536404,21125,SET 6 FOOTBALL CELEBRATION CANDLES,12/1/2010,12,1.25,15,16218,United Kingdom,Sale
536404,21126,SET OF 6 GIRLS CELEBRATION CANDLES,12/1/2010,12,1.25,15,16218,United Kingdom,Sale
536404,85049C,ROMANTIC PINKS RIBBONS,12/1/2010,12,1.25,15,16218,United Kingdom,Sale
536404,85049D,BRIGHT BLUES RIBBONS,12/1/2010,12,1.25,15,16218,United Kingdom,Sale
536404,85049E,SCANDINAVIAN REDS RIBBONS,12/1/2010,12,1.25,15,16218,United Kingdom,Sale
536404,85049G,CHOCOLATE BOX RIBBONS,12/1/2010,12,1.25,15,16218,United Kingdom,Sale
536404,21061,PARTY INVITES FOOTBALL,12/1/2010,12,0.85,10.2,16218,United Kingdom,Sale
536404,21063,PARTY INVITES JAZZ HEARTS,12/1/2010,12,0.85,10.2,16218,United Kingdom,Sale
536404,21062,PARTY INVITES SPACEMAN,12/1/2010,12,0.85,10.2,16218,United Kingdom,Sale
536404,84380,SET OF 3 BUTTERFLY COOKIE CUTTERS,12/1/2010,12,1.25,15,16218,United Kingdom,Sale
536404,84378,SET OF 3 HEART COOKIE CUTTERS,12/1/2010,12,1.25,15,16218,United Kingdom,Sale
536404,22964,3 PIECE SPACEBOY COOKIE CUTTER SET,12/1/2010,12,2.1,25.2,16218,United Kingdom,Sale
536404,21213,PACK OF 72 SKULL CAKE CASES,12/1/2010,24,0.55,13.2,16218,United Kingdom,Sale
536404,22417,PACK OF 60 SPACEBOY CAKE CASES,12/1/2010,24,0.55,13.2,16218,United Kingdom,Sale
536404,21212,PACK OF 72 RETROSPOT CAKE CASES,12/1/2010,24,0.55,13.2,16218,United Kingdom,Sale
536404,84992,72 SWEETHEART FAIRY CAKE CASES,12/1/2010,24,0.55,13.2,16218,United Kingdom,Sale
536404,21975,PACK OF 60 DINOSAUR CAKE CASES,12/1/2010,24,0.55,13.2,16218,United Kingdom,Sale
536404,22383,LUNCH BAG SUKI DESIGN,12/1/2010,10,1.65,16.5,16218,United Kingdom,Sale
536404,20728,LUNCH BAG CARS BLUE,12/1/2010,10,1.65,16.5,16218,United Kingdom,Sale
536404,20727,LUNCH BAG  BLACK SKULL,12/1/2010,10,1.65,16.5,16218,United Kingdom,Sale
536404,22296,HEART IVORY TRELLIS LARGE,12/1/2010,24,1.65,39.6,16218,United Kingdom,Sale
536405,20914,SET/5 RED RETROSPOT LID GLASS BOWLS,12/1/2010,128,2.55,326.4,14045,United Kingdom,Sale
536406,85123A,WHITE HANGING HEART T-LIGHT HOLDER,12/1/2010,8,2.55,20.4,17850,United Kingdom,Sale
536406,71053,WHITE METAL LANTERN,12/1/2010,8,3.39,27.12,17850,United Kingdom,Sale
536406,84406B,CREAM CUPID HEARTS COAT HANGER,12/1/2010,8,2.75,22,17850,United Kingdom,Sale
536406,20679,EDWARDIAN PARASOL RED,12/1/2010,6,4.95,29.7,17850,United Kingdom,Sale
536406,37370,RETRO COFFEE MUGS ASSORTED,12/1/2010,6,1.06,6.36,17850,United Kingdom,Sale
536406,21871,SAVE THE PLANET MUG,12/1/2010,6,1.06,6.36,17850,United Kingdom,Sale
536406,21071,VINTAGE BILLBOARD DRINK ME MUG,12/1/2010,6,1.06,6.36,17850,United Kingdom,Sale
536406,21068,VINTAGE BILLBOARD LOVE/HATE MUG,12/1/2010,6,1.06,6.36,17850,United Kingdom,Sale
536406,82483,WOOD 2 DRAWER CABINET WHITE FINISH,12/1/2010,4,4.95,19.8,17850,United Kingdom,Sale
536406,82486,WOOD S/3 CABINET ANT WHITE FINISH,12/1/2010,4,6.95,27.8,17850,United Kingdom,Sale
536406,82482,WOODEN PICTURE FRAME WHITE FINISH,12/1/2010,6,2.1,12.6,17850,United Kingdom,Sale
536406,82494L,WOODEN FRAME ANTIQUE WHITE,12/1/2010,6,2.55,15.3,17850,United Kingdom,Sale
536406,84029G,KNITTED UNION FLAG HOT WATER BOTTLE,12/1/2010,6,3.39,20.34,17850,United Kingdom,Sale
536406,84029E,RED WOOLLY HOTTIE WHITE HEART,12/1/2010,6,3.39,20.34,17850,United Kingdom,Sale
536406,22752,SET 7 BABUSHKA NESTING BOXES,12/1/2010,2,7.65,15.3,17850,United Kingdom,Sale
536406,22803,IVORY EMBROIDERED QUILT,12/1/2010,2,35.75,71.5,17850,United Kingdom,Sale
536406,21730,GLASS STAR FROSTED T-LIGHT HOLDER,12/1/2010,6,4.25,25.5,17850,United Kingdom,Sale
536407,22632,HAND WARMER RED RETROSPOT,12/1/2010,6,1.85,11.1,17850,United Kingdom,Sale
536407,22633,HAND WARMER UNION JACK,12/1/2010,6,1.85,11.1,17850,United Kingdom,Sale
536408,22537,MAGIC DRAWING SLATE DINOSAUR,12/1/2010,24,0.42,10.08,14307,United Kingdom,Sale
536408,22533,MAGIC DRAWING SLATE BAKE A CAKE,12/1/2010,24,0.42,10.08,14307,United Kingdom,Sale
536408,20982,12 PENCILS TALL TUBE SKULLS,12/1/2010,12,0.85,10.2,14307,United Kingdom,Sale
536408,21832,CHOCOLATE CALCULATOR,12/1/2010,12,1.65,19.8,14307,United Kingdom,Sale
536408,21915,RED  HARMONICA IN BOX,12/1/2010,12,1.25,15,14307,United Kingdom,Sale
536408,21914,BLUE HARMONICA IN BOX,12/1/2010,12,1.25,15,14307,United Kingdom,Sale
536408,21544,SKULLS  WATER TRANSFER TATTOOS,12/1/2010,12,0.85,10.2,14307,United Kingdom,Sale
536408,22813,PACK 3 BOXES BIRD PANNETONE,12/1/2010,12,1.95,23.4,14307,United Kingdom,Sale
536408,22114,HOT WATER BOTTLE TEA AND SYMPATHY,12/1/2010,4,3.95,15.8,14307,United Kingdom,Sale
536408,84029E,RED WOOLLY HOTTIE WHITE HEART,12/1/2010,4,3.75,15,14307,United Kingdom,Sale
536408,21479,WHITE SKULL HOT WATER BOTTLE,12/1/2010,4,3.75,15,14307,United Kingdom,Sale
536408,22964,3 PIECE SPACEBOY COOKIE CUTTER SET,12/1/2010,6,2.1,12.6,14307,United Kingdom,Sale
536408,84375,SET OF 20 KIDS COOKIE CUTTERS,12/1/2010,12,2.1,25.2,14307,United Kingdom,Sale
536408,22418,10 COLOUR SPACEBOY PEN,12/1/2010,24,0.85,20.4,14307,United Kingdom,Sale
536408,22178,VICTORIAN GLASS HANGING T-LIGHT,12/1/2010,12,1.25,15,14307,United Kingdom,Sale
536408,84970L,SINGLE HEART ZINC T-LIGHT HOLDER,12/1/2010,12,0.95,11.4,14307,United Kingdom,Sale
536408,21733,RED HANGING HEART T-LIGHT HOLDER,12/1/2010,6,2.95,17.7,14307,United Kingdom,Sale
536408,22465,HANGING METAL STAR LANTERN,12/1/2010,12,1.65,19.8,14307,United Kingdom,Sale
536408,84949,SILVER HANGING T-LIGHT HOLDER,12/1/2010,6,1.65,9.9,14307,United Kingdom,Sale
536408,20685,DOORMAT RED RETROSPOT,12/1/2010,2,7.95,15.9,14307,United Kingdom,Sale
536408,48194,DOORMAT HEARTS,12/1/2010,2,7.95,15.9,14307,United Kingdom,Sale
536408,22488,NATURAL SLATE RECTANGLE CHALKBOARD,12/1/2010,12,1.65,19.8,14307,United Kingdom,Sale
536408,22219,LOVEBIRD HANGING DECORATION WHITE,12/1/2010,12,0.85,10.2,14307,United Kingdom,Sale
536408,84879,ASSORTED COLOUR BIRD ORNAMENT,12/1/2010,8,1.69,13.52,14307,United Kingdom,Sale
536408,21754,HOME BUILDING BLOCK WORD,12/1/2010,3,5.95,17.85,14307,United Kingdom,Sale
536408,21755,LOVE BUILDING BLOCK WORD,12/1/2010,3,5.95,17.85,14307,United Kingdom,Sale
536408,22766,PHOTO FRAME CORNICE,12/1/2010,8,2.95,23.6,14307,United Kingdom,Sale
536408,22610,PENS ASSORTED FUNNY FACE,12/1/2010,36,0.85,30.6,14307,United Kingdom,Sale
536408,22716,CARD CIRCUS PARADE,12/1/2010,12,0.42,5.04,14307,United Kingdom,Sale
536408,22706,WRAP COWBOYS,12/1/2010,25,0.42,10.5,14307,United Kingdom,Sale
536408,22371,AIRLINE BAG VINTAGE TOKYO 78,12/1/2010,4,4.25,17,14307,United Kingdom,Sale
536408,85014B,RED RETROSPOT UMBRELLA,12/1/2010,3,5.95,17.85,14307,United Kingdom,Sale
536408,85014A,BLACK/BLUE POLKADOT UMBRELLA,12/1/2010,3,5.95,17.85,14307,United Kingdom,Sale
536408,84997B,CHILDRENS CUTLERY RETROSPOT RED,12/1/2010,6,3.75,22.5,14307,United Kingdom,Sale
536408,21212,PACK OF 72 RETROSPOT CAKE CASES,12/1/2010,24,0.55,13.2,14307,United Kingdom,Sale
536408,21210,SET OF 72 RETROSPOT PAPER  DOILIES,12/1/2010,12,1.45,17.4,14307,United Kingdom,Sale
536408,22914,BLUE COAT RACK PARIS FASHION,12/1/2010,3,4.95,14.85,14307,United Kingdom,Sale
536408,22553,PLASTERS IN TIN SKULLS,12/1/2010,12,1.65,19.8,14307,United Kingdom,Sale
536408,16237,SLEEPING CAT ERASERS,12/1/2010,30,0.21,6.3,14307,United Kingdom,Sale
536408,22714,CARD BIRTHDAY COWBOY,12/1/2010,12,0.42,5.04,14307,United Kingdom,Sale
536408,22812,PACK 3 BOXES CHRISTMAS PANNETONE,12/1/2010,12,1.95,23.4,14307,United Kingdom,Sale
536408,84347,ROTATING SILVER ANGELS T-LIGHT HLDR,12/1/2010,6,2.55,15.3,14307,United Kingdom,Sale
536408,21587,COSY HOUR GIANT TUBE MATCHES,12/1/2010,12,2.55,30.6,14307,United Kingdom,Sale
536408,22736,RIBBON REEL MAKING SNOWMEN,12/1/2010,10,1.65,16.5,14307,United Kingdom,Sale
536408,22492,MINI PAINT SET VINTAGE,12/1/2010,36,0.65,23.4,14307,United Kingdom,Sale
536408,22620,4 TRADITIONAL SPINNING TOPS,12/1/2010,12,1.25,15,14307,United Kingdom,Sale
536408,22619,SET OF 6 SOLDIER SKITTLES,12/1/2010,4,3.75,15,14307,United Kingdom,Sale
536408,21705,BAG 500g SWIRLY MARBLES,12/1/2010,12,1.65,19.8,14307,United Kingdom,Sale
536409,90199C,5 STRAND GLASS NECKLACE CRYSTAL,12/1/2010,3,6.35,19.05,17908,United Kingdom,Sale
536409,21479,WHITE SKULL HOT WATER BOTTLE,12/1/2010,1,3.75,3.75,17908,United Kingdom,Sale
536409,22111,SCOTTIE DOG HOT WATER BOTTLE,12/1/2010,1,4.95,4.95,17908,United Kingdom,Sale
536409,22785,SQUARECUSHION COVER PINK UNION,12/1/2010,1,6.75,6.75,17908,United Kingdom,Sale
536409,22975,SPACEBOY CHILDRENS EGG CUP,12/1/2010,1,1.25,1.25,17908,United Kingdom,Sale
536409,22972,CHILDREN'S SPACEBOY MUG,12/1/2010,1,1.65,1.65,17908,United Kingdom,Sale
536409,22866,HAND WARMER SCOTTY DOG DESIGN,12/1/2010,1,2.1,2.1,17908,United Kingdom,Sale
536409,22568,FELTCRAFT CUSHION OWL,12/1/2010,1,3.75,3.75,17908,United Kingdom,Sale
536409,85116,BLACK CANDELABRA T-LIGHT HOLDER,12/1/2010,1,2.1,2.1,17908,United Kingdom,Sale
536409,22664,TOY TIDY DOLLY GIRL DESIGN,12/1/2010,1,2.1,2.1,17908,United Kingdom,Sale
536409,21609,SET 12 LAVENDER  BOTANICAL T-LIGHTS,12/1/2010,1,2.95,2.95,17908,United Kingdom,Sale
536409,21866,UNION JACK FLAG LUGGAGE TAG,12/1/2010,1,1.25,1.25,17908,United Kingdom,Sale
536409,20669,RED HEART LUGGAGE TAG,12/1/2010,1,1.25,1.25,17908,United Kingdom,Sale
536409,90129F,RED GLASS TASSLE BAG CHARM,12/1/2010,1,2.95,2.95,17908,United Kingdom,Sale
536409,90210B,CLEAR ACRYLIC FACETED BANGLE,12/1/2010,1,2.95,2.95,17908,United Kingdom,Sale
536409,90199C,5 STRAND GLASS NECKLACE CRYSTAL,12/1/2010,1,6.35,6.35,17908,United Kingdom,Sale
536409,21955,DOORMAT UNION JACK GUNS AND ROSES,12/1/2010,1,7.95,7.95,17908,United Kingdom,Sale
536409,72802C,VANILLA SCENT CANDLE JEWELLED BOX,12/1/2010,1,4.25,4.25,17908,United Kingdom,Sale
536409,22109,FULL ENGLISH BREAKFAST PLATE,12/1/2010,1,3.75,3.75,17908,United Kingdom,Sale
536409,85116,BLACK CANDELABRA T-LIGHT HOLDER,12/1/2010,5,2.1,10.5,17908,United Kingdom,Sale
536409,22531,MAGIC DRAWING SLATE CIRCUS PARADE,12/1/2010,1,0.42,0.42,17908,United Kingdom,Sale
536409,21811,HANGING HEART WITH BELL,12/1/2010,1,1.25,1.25,17908,United Kingdom,Sale
536409,22183,CAKE STAND VICTORIAN FILIGREE MED,12/1/2010,1,6.75,6.75,17908,United Kingdom,Sale
536409,21678,PAISLEY PATTERN  STICKERS,12/1/2010,6,0.85,5.1,17908,United Kingdom,Sale
536409,21676,FLOWERS  STICKERS,12/1/2010,6,0.85,5.1,17908,United Kingdom,Sale
536409,84625A,PINK NEW BAROQUECANDLESTICK CANDLE,12/1/2010,1,2.95,2.95,17908,United Kingdom,Sale
536409,84625C,BLUE NEW BAROQUE CANDLESTICK CANDLE,12/1/2010,3,2.95,8.85,17908,United Kingdom,Sale
536409,21931,JUMBO STORAGE BAG SUKI,12/1/2010,2,1.95,3.9,17908,United Kingdom,Sale
536409,85169B,BLACK LOVE BIRD CANDLE,12/1/2010,12,1.25,15,17908,United Kingdom,Sale
536409,16238,PARTY TIME PENCIL ERASERS,12/1/2010,28,0.21,5.88,17908,United Kingdom,Sale
536409,20668,DISCO BALL CHRISTMAS DECORATION,12/1/2010,24,0.12,2.88,17908,United Kingdom,Sale
536409,84906,PINK B'FLY C/COVER W BOBBLES,12/1/2010,1,5.95,5.95,17908,United Kingdom,Sale
536409,21867,PINK UNION JACK  LUGGAGE TAG,12/1/2010,1,1.25,1.25,17908,United Kingdom,Sale
536409,22075,6 RIBBONS ELEGANT CHRISTMAS,12/1/2010,1,1.65,1.65,17908,United Kingdom,Sale
536409,21866,UNION JACK FLAG LUGGAGE TAG,12/1/2010,1,1.25,1.25,17908,United Kingdom,Sale
536409,21326,AGED GLASS SILVER T-LIGHT HOLDER,12/1/2010,12,0.65,7.8,17908,United Kingdom,Sale
536409,21065,BOOM BOX SPEAKER GIRLS,12/1/2010,1,5.95,5.95,17908,United Kingdom,Sale
536409,22074,6 RIBBONS SHIMMERING PINKS,12/1/2010,1,1.65,1.65,17908,United Kingdom,Sale
536409,22900,SET 2 TEA TOWELS I LOVE LONDON,12/1/2010,1,2.95,2.95,17908,United Kingdom,Sale
536409,20713,JUMBO BAG OWLS,12/1/2010,1,1.95,1.95,17908,United Kingdom,Sale
536409,20966,SANDWICH BATH SPONGE,12/1/2010,2,1.25,2.5,17908,United Kingdom,Sale
536409,21116,OWL DOORSTOP,12/1/2010,1,4.95,4.95,17908,United Kingdom,Sale
536409,90199C,5 STRAND GLASS NECKLACE CRYSTAL,12/1/2010,2,6.35,12.7,17908,United Kingdom,Sale
536409,22633,HAND WARMER UNION JACK,12/1/2010,1,2.1,2.1,17908,United Kingdom,Sale
536409,22866,HAND WARMER SCOTTY DOG DESIGN,12/1/2010,1,2.1,2.1,17908,United Kingdom,Sale
536409,22198,LARGE POPCORN HOLDER,12/1/2010,1,1.65,1.65,17908,United Kingdom,Sale
536409,21824,PAINTED METAL STAR WITH HOLLY BELLS,12/1/2010,3,1.45,4.35,17908,United Kingdom,Sale
536409,21823,PAINTED METAL HEART WITH HOLLY BELL,12/1/2010,3,1.45,4.35,17908,United Kingdom,Sale
536409,22153,ANGEL DECORATION STARS ON DRESS,12/1/2010,6,0.42,2.52,17908,United Kingdom,Sale
536409,22197,POPCORN HOLDER,12/1/2010,2,0.85,1.7,17908,United Kingdom,Sale
536409,85099B,JUMBO BAG RED RETROSPOT,12/1/2010,2,1.95,3.9,17908,United Kingdom,Sale
536409,85099F,JUMBO BAG STRAWBERRY,12/1/2010,1,1.95,1.95,17908,United Kingdom,Sale
536409,20717,STRAWBERRY SHOPPER BAG,12/1/2010,1,1.25,1.25,17908,United Kingdom,Sale
536409,20723,STRAWBERRY CHARLOTTE BAG,12/1/2010,1,0.85,0.85,17908,United Kingdom,Sale
536409,22900,SET 2 TEA TOWELS I LOVE LONDON,12/1/2010,1,2.95,2.95,17908,United Kingdom,Sale
536409,21980,PACK OF 12 RED RETROSPOT TISSUES,12/1/2010,12,0.29,3.48,17908,United Kingdom,Sale
536409,22111,SCOTTIE DOG HOT WATER BOTTLE,12/1/2010,1,4.95,4.95,17908,United Kingdom,Sale
536409,22112,CHOCOLATE HOT WATER BOTTLE,12/1/2010,1,4.95,4.95,17908,United Kingdom,Sale
536412,20728,LUNCH BAG CARS BLUE,12/1/2010,3,1.65,4.95,17920,United Kingdom,Sale
536412,22382,LUNCH BAG SPACEBOY DESIGN,12/1/2010,3,1.65,4.95,17920,United Kingdom,Sale
536412,22326,ROUND SNACK BOXES SET OF4 WOODLAND,12/1/2010,1,2.95,2.95,17920,United Kingdom,Sale
536412,22662,LUNCH BAG DOLLY GIRL DESIGN,12/1/2010,4,1.65,6.6,17920,United Kingdom,Sale
536412,22383,LUNCH BAG SUKI DESIGN,12/1/2010,3,1.65,4.95,17920,United Kingdom,Sale
536412,20727,LUNCH BAG  BLACK SKULL,12/1/2010,3,1.65,4.95,17920,United Kingdom,Sale
536412,22328,ROUND SNACK BOXES SET OF 4 FRUITS,12/1/2010,1,2.95,2.95,17920,United Kingdom,Sale
536412,22327,ROUND SNACK BOXES SET OF 4 SKULLS,12/1/2010,1,2.95,2.95,17920,United Kingdom,Sale
536412,22630,DOLLY GIRL LUNCH BOX,12/1/2010,1,1.95,1.95,17920,United Kingdom,Sale
536412,22629,SPACEBOY LUNCH BOX,12/1/2010,1,1.95,1.95,17920,United Kingdom,Sale
536412,21245,GREEN POLKADOT PLATE,12/1/2010,1,1.69,1.69,17920,United Kingdom,Sale
536412,21244,BLUE POLKADOT PLATE,12/1/2010,1,1.69,1.69,17920,United Kingdom,Sale
536412,21242,RED RETROSPOT PLATE,12/1/2010,1,1.69,1.69,17920,United Kingdom,Sale
536412,21243,PINK  POLKADOT PLATE,12/1/2010,1,1.69,1.69,17920,United Kingdom,Sale
536412,22327,ROUND SNACK BOXES SET OF 4 SKULLS,12/1/2010,1,2.95,2.95,17920,United Kingdom,Sale
536412,22273,FELTCRAFT DOLL MOLLY,12/1/2010,1,2.95,2.95,17920,United Kingdom,Sale
536412,22940,FELTCRAFT CHRISTMAS FAIRY,12/1/2010,3,4.25,12.75,17920,United Kingdom,Sale
536412,22652,TRAVEL SEWING KIT,12/1/2010,5,1.65,8.25,17920,United Kingdom,Sale
536412,22759,SET OF 3 NOTEBOOKS IN PARCEL,12/1/2010,1,1.65,1.65,17920,United Kingdom,Sale
536412,21880,RED RETROSPOT TAPE,12/1/2010,10,0.65,6.5,17920,United Kingdom,Sale
536412,21738,COSY SLIPPER SHOES SMALL  RED,12/1/2010,1,2.95,2.95,17920,United Kingdom,Sale
536412,22077,6 RIBBONS RUSTIC CHARM,12/1/2010,1,1.65,1.65,17920,United Kingdom,Sale
536412,85049E,SCANDINAVIAN REDS RIBBONS,12/1/2010,3,1.25,3.75,17920,United Kingdom,Sale
536412,22961,JAM MAKING SET PRINTED,12/1/2010,24,1.45,34.8,17920,United Kingdom,Sale
536412,21448,12 DAISY PEGS IN WOOD BOX,12/1/2010,2,1.65,3.3,17920,United Kingdom,Sale
536412,22837,HOT WATER BOTTLE BABUSHKA,12/1/2010,3,4.65,13.95,17920,United Kingdom,Sale
536412,22749,FELTCRAFT PRINCESS CHARLOTTE DOLL,12/1/2010,2,3.75,7.5,17920,United Kingdom,Sale
536412,22940,FELTCRAFT CHRISTMAS FAIRY,12/1/2010,1,4.25,4.25,17920,United Kingdom,Sale
536412,22749,FELTCRAFT PRINCESS CHARLOTTE DOLL,12/1/2010,1,3.75,3.75,17920,United Kingdom,Sale
536412,22077,6 RIBBONS RUSTIC CHARM,12/1/2010,2,1.65,3.3,17920,United Kingdom,Sale
536412,21738,COSY SLIPPER SHOES SMALL  RED,12/1/2010,2,2.95,5.9,17920,United Kingdom,Sale
536412,85049E,SCANDINAVIAN REDS RIBBONS,12/1/2010,1,1.25,1.25,17920,United Kingdom,Sale
536412,22243,5 HOOK HANGER RED MAGIC TOADSTOOL,12/1/2010,6,1.65,9.9,17920,United Kingdom,Sale
536412,22141,CHRISTMAS CRAFT TREE TOP ANGEL,12/1/2010,1,2.1,2.1,17920,United Kingdom,Sale
536412,22144,CHRISTMAS CRAFT LITTLE FRIENDS,12/1/2010,2,2.1,4.2,17920,United Kingdom,Sale
536412,22243,5 HOOK HANGER RED MAGIC TOADSTOOL,12/1/2010,3,1.65,4.95,17920,United Kingdom,Sale
536412,22077,6 RIBBONS RUSTIC CHARM,12/1/2010,7,1.65,11.55,17920,United Kingdom,Sale
536412,21448,12 DAISY PEGS IN WOOD BOX,12/1/2010,1,1.65,1.65,17920,United Kingdom,Sale
536412,22759,SET OF 3 NOTEBOOKS IN PARCEL,12/1/2010,5,1.65,8.25,17920,United Kingdom,Sale
536412,22242,5 HOOK HANGER MAGIC TOADSTOOL,12/1/2010,5,1.65,8.25,17920,United Kingdom,Sale
536412,85049E,SCANDINAVIAN REDS RIBBONS,12/1/2010,12,1.25,15,17920,United Kingdom,Sale
536412,21731,RED TOADSTOOL LED NIGHT LIGHT,12/1/2010,5,1.65,8.25,17920,United Kingdom,Sale
536412,22243,5 HOOK HANGER RED MAGIC TOADSTOOL,12/1/2010,1,1.65,1.65,17920,United Kingdom,Sale
536412,21739,COSY SLIPPER SHOES SMALL GREEN,12/1/2010,2,2.95,5.9,17920,United Kingdom,Sale
536412,21738,COSY SLIPPER SHOES SMALL  RED,12/1/2010,5,2.95,14.75,17920,United Kingdom,Sale
536412,22271,FELTCRAFT DOLL ROSIE,12/1/2010,2,2.95,5.9,17920,United Kingdom,Sale
536412,22273,FELTCRAFT DOLL MOLLY,12/1/2010,1,2.95,2.95,17920,United Kingdom,Sale
536412,22274,FELTCRAFT DOLL EMILY,12/1/2010,2,2.95,5.9,17920,United Kingdom,Sale
536412,22749,FELTCRAFT PRINCESS CHARLOTTE DOLL,12/1/2010,1,3.75,3.75,17920,United Kingdom,Sale
536412,22751,FELTCRAFT PRINCESS OLIVIA DOLL,12/1/2010,2,3.75,7.5,17920,United Kingdom,Sale
536412,21034,REX CASH+CARRY JUMBO SHOPPER,12/1/2010,1,0.95,0.95,17920,United Kingdom,Sale
536412,22273,FELTCRAFT DOLL MOLLY,12/1/2010,2,2.95,5.9,17920,United Kingdom,Sale
536412,22568,FELTCRAFT CUSHION OWL,12/1/2010,3,3.75,11.25,17920,United Kingdom,Sale
536412,22141,CHRISTMAS CRAFT TREE TOP ANGEL,12/1/2010,1,2.1,2.1,17920,United Kingdom,Sale
536412,22144,CHRISTMAS CRAFT LITTLE FRIENDS,12/1/2010,1,2.1,2.1,17920,United Kingdom,Sale
536412,22570,FELTCRAFT CUSHION RABBIT,12/1/2010,3,3.75,11.25,17920,United Kingdom,Sale
536412,22569,FELTCRAFT CUSHION BUTTERFLY,12/1/2010,2,3.75,7.5,17920,United Kingdom,Sale
536412,21448,12 DAISY PEGS IN WOOD BOX,12/1/2010,1,1.65,1.65,17920,United Kingdom,Sale
536412,22086,PAPER CHAIN KIT 50'S CHRISTMAS,12/1/2010,1,2.95,2.95,17920,United Kingdom,Sale
536412,22569,FELTCRAFT CUSHION BUTTERFLY,12/1/2010,2,3.75,7.5,17920,United Kingdom,Sale
536412,21448,12 DAISY PEGS IN WOOD BOX,12/1/2010,2,1.65,3.3,17920,United Kingdom,Sale
536412,22968,ROSE COTTAGE KEEPSAKE BOX,12/1/2010,4,9.95,39.8,17920,United Kingdom,Sale
536412,22902,TOTE BAG I LOVE LONDON,12/1/2010,7,2.1,14.7,17920,United Kingdom,Sale
536412,21448,12 DAISY PEGS IN WOOD BOX,12/1/2010,2,1.65,3.3,17920,United Kingdom,Sale
536412,22902,TOTE BAG I LOVE LONDON,12/1/2010,7,2.1,14.7,17920,United Kingdom,Sale
536412,21710,FOLDING UMBRELLA PINKWHITE POLKADOT,12/1/2010,1,4.95,4.95,17920,United Kingdom,Sale
536412,21708,FOLDING UMBRELLA CREAM POLKADOT,12/1/2010,1,4.95,4.95,17920,United Kingdom,Sale
536412,21711,FOLDING UMBRELLA WHITE/RED POLKADOT,12/1/2010,1,4.95,4.95,17920,United Kingdom,Sale
536412,22179,SET 10 NIGHT OWL LIGHTS,12/1/2010,2,6.75,13.5,17920,United Kingdom,Sale
536412,22197,POPCORN HOLDER,12/1/2010,5,0.85,4.25,17920,United Kingdom,Sale
536412,22900,SET 2 TEA TOWELS I LOVE LONDON,12/1/2010,2,2.95,5.9,17920,United Kingdom,Sale
536412,21706,FOLDING UMBRELLA RED/WHITE POLKADOT,12/1/2010,1,4.95,4.95,17920,United Kingdom,Sale
536412,22468,BABUSHKA LIGHTS STRING OF 10,12/1/2010,2,6.75,13.5,17920,United Kingdom,Sale
536412,20725,LUNCH BAG RED RETROSPOT,12/1/2010,1,1.65,1.65,17920,United Kingdom,Sale
536412,85184C,SET 4 VALENTINE DECOUPAGE HEART BOX,12/1/2010,1,2.95,2.95,17920,United Kingdom,Sale
536412,21708,FOLDING UMBRELLA CREAM POLKADOT,12/1/2010,1,4.95,4.95,17920,United Kingdom,Sale
536412,22900,SET 2 TEA TOWELS I LOVE LONDON,12/1/2010,2,2.95,5.9,17920,United Kingdom,Sale
536412,21706,FOLDING UMBRELLA RED/WHITE POLKADOT,12/1/2010,1,4.95,4.95,17920,United Kingdom,Sale
536412,22988,SOLDIERS EGG CUP,12/1/2010,6,1.25,7.5,17920,United Kingdom,Sale
536412,85184C,SET 4 VALENTINE DECOUPAGE HEART BOX,12/1/2010,1,2.95,2.95,17920,United Kingdom,Sale
536412,20750,RED RETROSPOT MINI CASES,12/1/2010,1,7.95,7.95,17920,United Kingdom,Sale
536415,22952,60 CAKE CASES VINTAGE CHRISTMAS,12/1/2010,10,0.55,5.5,12838,United Kingdom,Sale
536415,22910,PAPER CHAIN KIT VINTAGE CHRISTMAS,12/1/2010,5,2.95,14.75,12838,United Kingdom,Sale
536415,22739,RIBBON REEL CHRISTMAS SOCK BAUBLE,12/1/2010,3,1.65,4.95,12838,United Kingdom,Sale
536415,22738,RIBBON REEL SNOWY VILLAGE,12/1/2010,3,1.65,4.95,12838,United Kingdom,Sale
536415,22736,RIBBON REEL MAKING SNOWMEN,12/1/2010,3,1.65,4.95,12838,United Kingdom,Sale
536415,22909,SET OF 20 VINTAGE CHRISTMAS NAPKINS,12/1/2010,5,0.85,4.25,12838,United Kingdom,Sale
536415,35591T,TURQUOISE CHRISTMAS TREE,12/1/2010,2,1.25,2.5,12838,United Kingdom,Sale
536415,22186,RED STAR CARD HOLDER,12/1/2010,5,2.95,14.75,12838,United Kingdom,Sale
536415,22695,WICKER WREATH SMALL,12/1/2010,3,1.45,4.35,12838,United Kingdom,Sale
536415,22470,HEART OF WICKER LARGE,12/1/2010,1,2.95,2.95,12838,United Kingdom,Sale
536415,22580,ADVENT CALENDAR GINGHAM SACK,12/1/2010,1,5.95,5.95,12838,United Kingdom,Sale
536415,22469,HEART OF WICKER SMALL,12/1/2010,5,1.65,8.25,12838,United Kingdom,Sale
536415,22147,FELTCRAFT BUTTERFLY HEARTS,12/1/2010,4,1.45,5.8,12838,United Kingdom,Sale
536415,22130,PARTY CONE CHRISTMAS DECORATION,12/1/2010,6,0.85,5.1,12838,United Kingdom,Sale
536415,21791,VINTAGE HEADS AND TAILS CARD GAME,12/1/2010,3,1.25,3.75,12838,United Kingdom,Sale
536415,22694,WICKER STAR,12/1/2010,5,2.1,10.5,12838,United Kingdom,Sale
536415,21790,VINTAGE SNAP CARDS,12/1/2010,3,0.85,2.55,12838,United Kingdom,Sale
536415,22149,FELTCRAFT 6 FLOWER FRIENDS,12/1/2010,4,2.1,8.4,12838,United Kingdom,Sale
536415,22900,SET 2 TEA TOWELS I LOVE LONDON,12/1/2010,3,2.95,8.85,12838,United Kingdom,Sale
536415,22961,JAM MAKING SET PRINTED,12/1/2010,3,1.45,4.35,12838,United Kingdom,Sale
536415,22321,BIRD DECORATION RED RETROSPOT,12/1/2010,12,0.85,10.2,12838,United Kingdom,Sale
536415,22594,CHRISTMAS GINGHAM TREE,12/1/2010,5,0.85,4.25,12838,United Kingdom,Sale
536415,22593,CHRISTMAS GINGHAM STAR,12/1/2010,4,0.85,3.4,12838,United Kingdom,Sale
536415,22595,GINGHAM HEART DECORATION,12/1/2010,6,0.85,5.1,12838,United Kingdom,Sale
536415,21986,PACK OF 12 PINK POLKADOT TISSUES,12/1/2010,12,0.29,3.48,12838,United Kingdom,Sale
536415,22750,FELTCRAFT PRINCESS LOLA DOLL,12/1/2010,2,3.75,7.5,12838,United Kingdom,Sale
536415,22616,PACK OF 12 LONDON TISSUES,12/1/2010,12,0.29,3.48,12838,United Kingdom,Sale
536415,22775,PURPLE DRAWERKNOB ACRYLIC EDWARDIAN,12/1/2010,1,1.25,1.25,12838,United Kingdom,Sale
536415,22899,CHILDREN'S APRON DOLLY GIRL,12/1/2010,2,2.1,4.2,12838,United Kingdom,Sale
536415,22367,CHILDRENS APRON SPACEBOY DESIGN,12/1/2010,3,1.95,5.85,12838,United Kingdom,Sale
536415,22942,CHRISTMAS LIGHTS 10 SANTAS,12/1/2010,3,8.5,25.5,12838,United Kingdom,Sale
536415,22941,CHRISTMAS LIGHTS 10 REINDEER,12/1/2010,3,8.5,25.5,12838,United Kingdom,Sale
536415,22086,PAPER CHAIN KIT 50'S CHRISTMAS,12/1/2010,6,2.95,17.7,12838,United Kingdom,Sale
536415,22940,FELTCRAFT CHRISTMAS FAIRY,12/1/2010,2,4.25,8.5,12838,United Kingdom,Sale
536415,21212,PACK OF 72 RETROSPOT CAKE CASES,12/1/2010,2,0.55,1.1,12838,United Kingdom,Sale
536415,21976,PACK OF 60 MUSHROOM CAKE CASES,12/1/2010,2,0.55,1.1,12838,United Kingdom,Sale
536415,22951,60 CAKE CASES DOLLY GIRL DESIGN,12/1/2010,2,0.55,1.1,12838,United Kingdom,Sale
536415,21977,PACK OF 60 PINK PAISLEY CAKE CASES,12/1/2010,3,0.55,1.65,12838,United Kingdom,Sale
536415,22834,HAND WARMER BABUSHKA DESIGN,12/1/2010,3,2.1,6.3,12838,United Kingdom,Sale
536415,22867,HAND WARMER BIRD DESIGN,12/1/2010,3,2.1,6.3,12838,United Kingdom,Sale
536415,22865,HAND WARMER OWL DESIGN,12/1/2010,3,2.1,6.3,12838,United Kingdom,Sale
536415,22632,HAND WARMER RED RETROSPOT,12/1/2010,3,2.1,6.3,12838,United Kingdom,Sale
536415,21916,SET 12 RETRO WHITE CHALK STICKS,12/1/2010,2,0.42,0.84,12838,United Kingdom,Sale
536415,22587,FELTCRAFT HAIRBAND RED AND BLUE,12/1/2010,4,0.85,3.4,12838,United Kingdom,Sale
536415,22566,FELTCRAFT HAIRBAND PINK AND PURPLE,12/1/2010,3,0.85,2.55,12838,United Kingdom,Sale
536415,22565,FELTCRAFT HAIRBANDS PINK AND WHITE,12/1/2010,3,0.85,2.55,12838,United Kingdom,Sale
536415,22472,TV DINNER TRAY DOLLY GIRL,12/1/2010,2,4.95,9.9,12838,United Kingdom,Sale
536415,22557,PLASTERS IN TIN VINTAGE PAISLEY,12/1/2010,3,1.65,4.95,12838,United Kingdom,Sale
536415,22551,PLASTERS IN TIN SPACEBOY,12/1/2010,3,1.65,4.95,12838,United Kingdom,Sale
536415,22554,PLASTERS IN TIN WOODLAND ANIMALS,12/1/2010,3,1.65,4.95,12838,United Kingdom,Sale
536415,22534,MAGIC DRAWING SLATE SPACEBOY,12/1/2010,3,0.42,1.26,12838,United Kingdom,Sale
536415,22531,MAGIC DRAWING SLATE CIRCUS PARADE,12/1/2010,3,0.42,1.26,12838,United Kingdom,Sale
536415,22529,MAGIC DRAWING SLATE GO TO THE FAIR,12/1/2010,3,0.42,1.26,12838,United Kingdom,Sale
536415,22530,MAGIC DRAWING SLATE DOLLY GIRL,12/1/2010,3,0.42,1.26,12838,United Kingdom,Sale
536415,84032B,CHARLIE + LOLA RED HOT WATER BOTTLE,12/1/2010,3,2.95,8.85,12838,United Kingdom,Sale
536415,22837,HOT WATER BOTTLE BABUSHKA,12/1/2010,3,4.65,13.95,12838,United Kingdom,Sale
536415,85049H,URBAN BLACK RIBBONS,12/1/2010,2,1.25,2.5,12838,United Kingdom,Sale
536415,22749,FELTCRAFT PRINCESS CHARLOTTE DOLL,12/1/2010,2,3.75,7.5,12838,United Kingdom,Sale
536415,22807,SET OF 6 T-LIGHTS TOADSTOOLS,12/1/2010,12,2.95,35.4,12838,United Kingdom,Sale
536416,21494,ROTATING LEAVES T-LIGHT HOLDER,12/1/2010,12,1.25,15,13255,United Kingdom,Sale
536416,21915,RED  HARMONICA IN BOX,12/1/2010,72,1.25,90,13255,United Kingdom,Sale
536416,22938,CUPCAKE LACE PAPER SET 6,12/1/2010,12,1.95,23.4,13255,United Kingdom,Sale
536416,22768,FAMILY PHOTO FRAME CORNICE,12/1/2010,4,9.95,39.8,13255,United Kingdom,Sale
536416,22767,TRIPLE PHOTO FRAME CORNICE,12/1/2010,4,9.95,39.8,13255,United Kingdom,Sale
536416,82494L,WOODEN FRAME ANTIQUE WHITE,12/1/2010,6,2.95,17.7,13255,United Kingdom,Sale
536420,21889,WOODEN BOX OF DOMINOES,12/1/2010,12,1.25,15,16583,United Kingdom,Sale
536420,21892,TRADITIONAL WOODEN CATCH CUP GAME,12/1/2010,12,1.25,15,16583,United Kingdom,Sale
536420,21891,TRADITIONAL WOODEN SKIPPING ROPE,12/1/2010,12,1.25,15,16583,United Kingdom,Sale
536420,21890,S/6 WOODEN SKITTLES IN COTTON BAG,12/1/2010,6,2.95,17.7,16583,United Kingdom,Sale
536420,21718,RED METAL BEACH SPADE,12/1/2010,12,1.25,15,16583,United Kingdom,Sale
536420,21716,BOYS VINTAGE TIN SEASIDE BUCKET,12/1/2010,8,2.55,20.4,16583,United Kingdom,Sale
536420,21715,GIRLS VINTAGE TIN SEASIDE BUCKET,12/1/2010,8,2.55,20.4,16583,United Kingdom,Sale
536420,22113,GREY HEART HOT WATER BOTTLE,12/1/2010,4,3.75,15,16583,United Kingdom,Sale
536420,22111,SCOTTIE DOG HOT WATER BOTTLE,12/1/2010,3,4.95,14.85,16583,United Kingdom,Sale
536420,22110,BIRD HOUSE HOT WATER BOTTLE,12/1/2010,6,2.55,15.3,16583,United Kingdom,Sale
536420,22358,KINGS CHOICE TEA CADDY,12/1/2010,6,2.95,17.7,16583,United Kingdom,Sale
536420,22357,KINGS CHOICE BISCUIT TIN,12/1/2010,4,4.25,17,16583,United Kingdom,Sale
536420,22115,METAL SIGN EMPIRE TEA,12/1/2010,6,2.95,17.7,16583,United Kingdom,Sale
536420,22969,HOMEMADE JAM SCENTED CANDLES,12/1/2010,12,1.45,17.4,16583,United Kingdom,Sale
536423,22619,SET OF 6 SOLDIER SKITTLES,12/1/2010,4,3.75,15,18085,United Kingdom,Sale
536423,21481,FAWN BLUE HOT WATER BOTTLE,12/1/2010,6,2.95,17.7,18085,United Kingdom,Sale
536423,22632,HAND WARMER RED RETROSPOT,12/1/2010,12,2.1,25.2,18085,United Kingdom,Sale
536423,22837,HOT WATER BOTTLE BABUSHKA,12/1/2010,8,4.65,37.2,18085,United Kingdom,Sale
536423,21479,WHITE SKULL HOT WATER BOTTLE,12/1/2010,8,3.75,30,18085,United Kingdom,Sale
536423,21485,RETROSPOT HEART HOT WATER BOTTLE,12/1/2010,8,4.95,39.6,18085,United Kingdom,Sale
536423,84029E,RED WOOLLY HOTTIE WHITE HEART,12/1/2010,8,3.75,30,18085,United Kingdom,Sale
536423,22111,SCOTTIE DOG HOT WATER BOTTLE,12/1/2010,16,4.95,79.2,18085,United Kingdom,Sale
536423,22113,GREY HEART HOT WATER BOTTLE,12/1/2010,8,3.75,30,18085,United Kingdom,Sale
536425,22837,HOT WATER BOTTLE BABUSHKA,12/1/2010,8,4.65,37.2,13758,United Kingdom,Sale
536425,22585,PACK OF 6 BIRDY GIFT TAGS,12/1/2010,12,1.25,15,13758,United Kingdom,Sale
536425,79321,CHILLI LIGHTS,12/1/2010,8,4.95,39.6,13758,United Kingdom,Sale
536425,22637,PIGGY BANK RETROSPOT,12/1/2010,12,2.55,30.6,13758,United Kingdom,Sale
536425,21556,CERAMIC STRAWBERRY MONEY BOX,12/1/2010,6,2.55,15.3,13758,United Kingdom,Sale
536425,22646,CERAMIC STRAWBERRY CAKE MONEY BANK,12/1/2010,12,1.45,17.4,13758,United Kingdom,Sale
536425,22644,CERAMIC CHERRY CAKE MONEY BANK,12/1/2010,12,1.45,17.4,13758,United Kingdom,Sale
536425,22645,CERAMIC HEART FAIRY CAKE MONEY BANK,12/1/2010,12,1.45,17.4,13758,United Kingdom,Sale
536425,22650,CERAMIC PIRATE CHEST MONEY BANK,12/1/2010,12,1.45,17.4,13758,United Kingdom,Sale
536425,22508,DOORSTOP RETROSPOT HEART,12/1/2010,8,3.75,30,13758,United Kingdom,Sale
536425,21411,GINGHAM HEART  DOORSTOP RED,12/1/2010,3,4.25,12.75,13758,United Kingdom,Sale
536425,22511,RETROSPOT BABUSHKA DOORSTOP,12/1/2010,4,3.75,15,13758,United Kingdom,Sale
536425,22451,SILK PURSE BABUSHKA RED,12/1/2010,6,3.35,20.1,13758,United Kingdom,Sale
536425,22449,SILK PURSE BABUSHKA PINK,12/1/2010,6,3.35,20.1,13758,United Kingdom,Sale
536425,22768,FAMILY PHOTO FRAME CORNICE,12/1/2010,2,9.95,19.9,13758,United Kingdom,Sale
536425,22829,SWEETHEART WIRE WALL TIDY,12/1/2010,2,9.95,19.9,13758,United Kingdom,Sale
536425,22961,JAM MAKING SET PRINTED,12/1/2010,12,1.45,17.4,13758,United Kingdom,Sale
536437,21154,RED RETROSPOT OVEN GLOVE,12/1/2010,200,1.06,212,13694,United Kingdom,Sale
536437,22189,CREAM HEART CARD HOLDER,12/1/2010,72,3.39,244.08,13694,United Kingdom,Sale
536437,17021,NAMASTE SWAGAT INCENSE,12/1/2010,600,0.24,144,13694,United Kingdom,Sale
536437,22059,CERAMIC STRAWBERRY DESIGN MUG,12/1/2010,48,1.25,60,13694,United Kingdom,Sale
536437,22188,BLACK HEART CARD HOLDER,12/1/2010,36,3.39,122.04,13694,United Kingdom,Sale
536437,84678,CLASSICAL ROSE SMALL VASE,12/1/2010,48,1.25,60,13694,United Kingdom,Sale
536446,85172,HYACINTH BULB T-LIGHT CANDLES,12/1/2010,32,0.42,13.44,15983,United Kingdom,Sale
536446,22142,CHRISTMAS CRAFT WHITE FAIRY,12/1/2010,2,1.45,2.9,15983,United Kingdom,Sale
536446,22144,CHRISTMAS CRAFT LITTLE FRIENDS,12/1/2010,2,2.1,4.2,15983,United Kingdom,Sale
536446,21591,COSY HOUR CIGAR BOX MATCHES,12/1/2010,6,1.25,7.5,15983,United Kingdom,Sale
536446,22480,RED TEA TOWEL CLASSIC DESIGN,12/1/2010,12,1.25,15,15983,United Kingdom,Sale
536446,22294,HEART FILIGREE DOVE  SMALL,12/1/2010,48,1.25,60,15983,United Kingdom,Sale
536446,21156,RETROSPOT CHILDRENS APRON,12/1/2010,1,1.95,1.95,15983,United Kingdom,Sale
536446,10133,COLOURING PENCILS BROWN TUBE,12/1/2010,5,0.85,4.25,15983,United Kingdom,Sale
536446,72800E,4 IVORY DINNER CANDLES SILVER FLOCK,12/1/2010,6,2.55,15.3,15983,United Kingdom,Sale
536446,22294,HEART FILIGREE DOVE  SMALL,12/1/2010,24,1.25,30,15983,United Kingdom,Sale
536446,84836,ZINC METAL HEART DECORATION,12/1/2010,12,1.25,15,15983,United Kingdom,Sale
536446,20774,GREEN FERN NOTEBOOK,12/1/2010,2,1.65,3.3,15983,United Kingdom,Sale
536446,20773,BLUE PAISLEY NOTEBOOK,12/1/2010,2,1.65,3.3,15983,United Kingdom,Sale
536446,20777,CHRYSANTHEMUM NOTEBOOK,12/1/2010,2,1.65,3.3,15983,United Kingdom,Sale
536446,16016,LARGE CHINESE STYLE SCISSOR,12/1/2010,10,0.85,8.5,15983,United Kingdom,Sale
536446,16014,SMALL CHINESE STYLE SCISSOR,12/1/2010,10,0.42,4.2,15983,United Kingdom,Sale
536446,21890,S/6 WOODEN SKITTLES IN COTTON BAG,12/1/2010,2,2.95,5.9,15983,United Kingdom,Sale
536446,21891,TRADITIONAL WOODEN SKIPPING ROPE,12/1/2010,2,1.25,2.5,15983,United Kingdom,Sale
536446,22619,SET OF 6 SOLDIER SKITTLES,12/1/2010,8,3.75,30,15983,United Kingdom,Sale
536446,22620,4 TRADITIONAL SPINNING TOPS,12/1/2010,6,1.25,7.5,15983,United Kingdom,Sale
536446,84347,ROTATING SILVER ANGELS T-LIGHT HLDR,12/1/2010,12,2.55,30.6,15983,United Kingdom,Sale
536446,85169B,BLACK LOVE BIRD CANDLE,12/1/2010,24,1.25,30,15983,United Kingdom,Sale
536446,21156,RETROSPOT CHILDRENS APRON,12/1/2010,3,1.95,5.85,15983,United Kingdom,Sale
536446,21651,HANGING GLASS ETCHED TEALIGHT,12/1/2010,6,1.65,9.9,15983,United Kingdom,Sale
536446,21651,HANGING GLASS ETCHED TEALIGHT,12/1/2010,6,1.65,9.9,15983,United Kingdom,Sale
536446,84625C,BLUE NEW BAROQUE CANDLESTICK CANDLE,12/1/2010,10,2.95,29.5,15983,United Kingdom,Sale
536446,22618,COOKING SET RETROSPOT,12/1/2010,2,9.95,19.9,15983,United Kingdom,Sale
536446,21586,KINGS CHOICE GIANT TUBE MATCHES,12/1/2010,4,2.55,10.2,15983,United Kingdom,Sale
536446,21587,COSY HOUR GIANT TUBE MATCHES,12/1/2010,4,2.55,10.2,15983,United Kingdom,Sale
536446,22152,PLACE SETTING WHITE STAR,12/1/2010,24,0.42,10.08,15983,United Kingdom,Sale
536446,85172,HYACINTH BULB T-LIGHT CANDLES,12/1/2010,16,0.42,6.72,15983,United Kingdom,Sale
536446,84754,S/15 SILVER GLASS BAUBLES IN BAG,12/1/2010,24,1.25,30,15983,United Kingdom,Sale
536460,22670,FRENCH WC SIGN BLUE METAL,12/1/2010,12,1.25,15,14849,United Kingdom,Sale
536460,21586,KINGS CHOICE GIANT TUBE MATCHES,12/1/2010,12,2.55,30.6,14849,United Kingdom,Sale
536460,84992,72 SWEETHEART FAIRY CAKE CASES,12/1/2010,24,0.55,13.2,14849,United Kingdom,Sale
536460,84879,ASSORTED COLOUR BIRD ORNAMENT,12/1/2010,24,1.69,40.56,14849,United Kingdom,Sale
536460,84849B,FAIRY SOAP SOAP HOLDER,12/1/2010,12,1.69,20.28,14849,United Kingdom,Sale
536460,22927,GREEN GIANT GARDEN THERMOMETER,12/1/2010,2,5.95,11.9,14849,United Kingdom,Sale
536460,22926,IVORY GIANT GARDEN THERMOMETER,12/1/2010,4,5.95,23.8,14849,United Kingdom,Sale
536460,22925,BLUE GIANT GARDEN THERMOMETER,12/1/2010,2,5.95,11.9,14849,United Kingdom,Sale
536460,21977,PACK OF 60 PINK PAISLEY CAKE CASES,12/1/2010,24,0.55,13.2,14849,United Kingdom,Sale
536460,21485,RETROSPOT HEART HOT WATER BOTTLE,12/1/2010,6,4.95,29.7,14849,United Kingdom,Sale
536460,21484,CHICK GREY HOT WATER BOTTLE,12/1/2010,8,3.45,27.6,14849,United Kingdom,Sale
536460,21259,VICTORIAN SEWING BOX SMALL,12/1/2010,2,5.95,11.9,14849,United Kingdom,Sale
536460,21257,VICTORIAN SEWING BOX MEDIUM,12/1/2010,2,7.95,15.9,14849,United Kingdom,Sale
536460,21121,SET/10 RED POLKADOT PARTY CANDLES,12/1/2010,24,1.25,30,14849,United Kingdom,Sale
536463,82552,WASHROOM METAL SIGN,12/1/2010,12,1.45,17.4,14849,United Kingdom,Sale
536464,90200B,BLACK SWEETHEART BRACELET,12/1/2010,2,4.25,8.5,17968,United Kingdom,Sale
536464,90059B,DIAMANTE HAIR GRIP PACK/2 BLACK DIA,12/1/2010,2,1.65,3.3,17968,United Kingdom,Sale
536464,90185C,BLACK DIAMANTE EXPANDABLE RING,12/1/2010,2,4.25,8.5,17968,United Kingdom,Sale
536464,90059E,DIAMANTE HAIR GRIP PACK/2 RUBY,12/1/2010,3,1.65,4.95,17968,United Kingdom,Sale
536464,90059C,DIAMANTE HAIR GRIP PACK/2 MONTANA,12/1/2010,1,1.65,1.65,17968,United Kingdom,Sale
536464,90200C,BLUE SWEETHEART BRACELET,12/1/2010,1,4.25,4.25,17968,United Kingdom,Sale
536464,90200D,PINK SWEETHEART BRACELET,12/1/2010,3,4.25,12.75,17968,United Kingdom,Sale
536464,90200A,PURPLE SWEETHEART BRACELET,12/1/2010,1,4.25,4.25,17968,United Kingdom,Sale
536464,22386,JUMBO BAG PINK POLKADOT,12/1/2010,1,1.95,1.95,17968,United Kingdom,Sale
536464,85099B,JUMBO BAG RED RETROSPOT,12/1/2010,1,1.95,1.95,17968,United Kingdom,Sale
536464,84879,ASSORTED COLOUR BIRD ORNAMENT,12/1/2010,8,1.69,13.52,17968,United Kingdom,Sale
536464,22086,PAPER CHAIN KIT 50'S CHRISTMAS,12/1/2010,1,2.95,2.95,17968,United Kingdom,Sale
536464,22737,RIBBON REEL CHRISTMAS PRESENT,12/1/2010,1,1.65,1.65,17968,United Kingdom,Sale
536464,21260,FIRST AID TIN,12/1/2010,1,3.25,3.25,17968,United Kingdom,Sale
536464,22744,MAKE YOUR OWN MONSOON CARD KIT,12/1/2010,2,2.95,5.9,17968,United Kingdom,Sale
536464,21985,PACK OF 12 HEARTS DESIGN TISSUES,12/1/2010,1,0.29,0.29,17968,United Kingdom,Sale
536464,21980,PACK OF 12 RED RETROSPOT TISSUES,12/1/2010,1,0.29,0.29,17968,United Kingdom,Sale
536464,22988,SOLDIERS EGG CUP,12/1/2010,1,1.25,1.25,17968,United Kingdom,Sale
536464,22297,HEART IVORY TRELLIS SMALL,12/1/2010,1,1.25,1.25,17968,United Kingdom,Sale
536464,22294,HEART FILIGREE DOVE  SMALL,12/1/2010,1,1.25,1.25,17968,United Kingdom,Sale
536464,22295,HEART FILIGREE DOVE LARGE,12/1/2010,1,1.65,1.65,17968,United Kingdom,Sale
536464,22813,PACK 3 BOXES BIRD PANNETONE,12/1/2010,2,1.95,3.9,17968,United Kingdom,Sale
536464,22812,PACK 3 BOXES CHRISTMAS PANNETONE,12/1/2010,6,1.95,11.7,17968,United Kingdom,Sale
536464,22197,POPCORN HOLDER,12/1/2010,5,0.85,4.25,17968,United Kingdom,Sale
536464,21977,PACK OF 60 PINK PAISLEY CAKE CASES,12/1/2010,1,0.55,0.55,17968,United Kingdom,Sale
536464,22619,SET OF 6 SOLDIER SKITTLES,12/1/2010,1,3.75,3.75,17968,United Kingdom,Sale
536464,16258A,SWIRLY CIRCULAR RUBBERS IN BAG,12/1/2010,1,0.42,0.42,17968,United Kingdom,Sale
536464,21992,VINTAGE PAISLEY STATIONERY SET,12/1/2010,1,2.95,2.95,17968,United Kingdom,Sale
536464,22910,PAPER CHAIN KIT VINTAGE CHRISTMAS,12/1/2010,1,2.95,2.95,17968,United Kingdom,Sale
536464,21124,SET/10 BLUE POLKADOT PARTY CANDLES,12/1/2010,1,1.25,1.25,17968,United Kingdom,Sale
536464,22735,RIBBON REEL SOCKS AND MITTENS,12/1/2010,2,1.65,3.3,17968,United Kingdom,Sale
536464,22952,60 CAKE CASES VINTAGE CHRISTMAS,12/1/2010,2,0.55,1.1,17968,United Kingdom,Sale
536464,22945,CHRISTMAS METAL TAGS ASSORTED,12/1/2010,6,0.85,5.1,17968,United Kingdom,Sale
536464,21816,CHRISTMAS TREE T-LIGHT HOLDER,12/1/2010,2,1.45,2.9,17968,United Kingdom,Sale
536464,21815,STAR  T-LIGHT HOLDER,12/1/2010,4,1.45,5.8,17968,United Kingdom,Sale
536464,21814,HEART T-LIGHT HOLDER,12/1/2010,2,1.45,2.9,17968,United Kingdom,Sale
536464,10125,MINI FUNKY DESIGN TAPES,12/1/2010,2,0.85,1.7,17968,United Kingdom,Sale
536464,22810,SET OF 6 T-LIGHTS SNOWMEN,12/1/2010,1,2.95,2.95,17968,United Kingdom,Sale
536464,22573,STAR WOODEN CHRISTMAS DECORATION,12/1/2010,1,0.85,0.85,17968,United Kingdom,Sale
536464,22577,WOODEN HEART CHRISTMAS SCANDINAVIAN,12/1/2010,1,0.85,0.85,17968,United Kingdom,Sale
536464,22603,CHRISTMAS RETROSPOT TREE WOOD,12/1/2010,2,0.85,1.7,17968,United Kingdom,Sale
536464,22809,SET OF 6 T-LIGHTS SANTA,12/1/2010,1,2.95,2.95,17968,United Kingdom,Sale
536464,20878,SET/9 CHRISTMAS T-LIGHTS SCENTED,12/1/2010,1,1.25,1.25,17968,United Kingdom,Sale
536464,20866,BLUE ROSE FABRIC MIRROR,12/1/2010,1,1.25,1.25,17968,United Kingdom,Sale
536464,85095,THREE CANVAS LUGGAGE TAGS,12/1/2010,1,1.95,1.95,17968,United Kingdom,Sale
536464,22333,RETROSPOT PARTY BAG + STICKER SET,12/1/2010,1,1.65,1.65,17968,United Kingdom,Sale
536464,22557,PLASTERS IN TIN VINTAGE PAISLEY,12/1/2010,1,1.65,1.65,17968,United Kingdom,Sale
536464,21584,RETROSPOT SMALL TUBE MATCHES,12/1/2010,1,1.65,1.65,17968,United Kingdom,Sale
536464,22866,HAND WARMER SCOTTY DOG DESIGN,12/1/2010,1,2.1,2.1,17968,United Kingdom,Sale
536464,22731,3D CHRISTMAS STAMPS STICKERS,12/1/2010,2,1.25,2.5,17968,United Kingdom,Sale
536464,22866,HAND WARMER SCOTTY DOG DESIGN,12/1/2010,1,2.1,2.1,17968,United Kingdom,Sale
536464,22866,HAND WARMER SCOTTY DOG DESIGN,12/1/2010,3,2.1,6.3,17968,United Kingdom,Sale
536464,22558,CLOTHES PEGS RETROSPOT PACK 24,12/1/2010,2,1.49,2.98,17968,United Kingdom,Sale
536464,22956,36 FOIL HEART CAKE CASES,12/1/2010,1,2.1,2.1,17968,United Kingdom,Sale
536464,22945,CHRISTMAS METAL TAGS ASSORTED,12/1/2010,6,0.85,5.1,17968,United Kingdom,Sale
536464,22582,PACK OF 6 SWEETIE GIFT BOXES,12/1/2010,1,2.55,2.55,17968,United Kingdom,Sale
536464,21212,PACK OF 72 RETROSPOT CAKE CASES,12/1/2010,1,0.55,0.55,17968,United Kingdom,Sale
536464,21212,PACK OF 72 RETROSPOT CAKE CASES,12/1/2010,2,0.55,1.1,17968,United Kingdom,Sale
536464,22585,PACK OF 6 BIRDY GIFT TAGS,12/1/2010,3,1.25,3.75,17968,United Kingdom,Sale
536464,21121,SET/10 RED POLKADOT PARTY CANDLES,12/1/2010,1,1.25,1.25,17968,United Kingdom,Sale
536464,21122,SET/10 PINK POLKADOT PARTY CANDLES,12/1/2010,1,1.25,1.25,17968,United Kingdom,Sale
536464,22759,SET OF 3 NOTEBOOKS IN PARCEL,12/1/2010,1,1.65,1.65,17968,United Kingdom,Sale
536464,21815,STAR  T-LIGHT HOLDER,12/1/2010,1,1.45,1.45,17968,United Kingdom,Sale
536464,85231B,CINAMMON SET OF 9 T-LIGHTS,12/1/2010,3,0.85,2.55,17968,United Kingdom,Sale
536464,85231G,ORANGE SCENTED SET/9 T-LIGHTS,12/1/2010,5,0.85,4.25,17968,United Kingdom,Sale
536464,22082,RIBBON REEL STRIPES DESIGN,12/1/2010,5,1.65,8.25,17968,United Kingdom,Sale
536464,22500,SET OF 2 TINS JARDIN DE PROVENCE,12/1/2010,2,4.95,9.9,17968,United Kingdom,Sale
536464,22742,MAKE YOUR OWN PLAYTIME CARD KIT,12/1/2010,1,2.95,2.95,17968,United Kingdom,Sale
536464,21329,DINOSAURS  WRITING SET,12/1/2010,1,1.65,1.65,17968,United Kingdom,Sale
536464,21328,BALLOONS  WRITING SET,12/1/2010,1,1.65,1.65,17968,United Kingdom,Sale
536464,21327,SKULLS WRITING SET,12/1/2010,1,1.65,1.65,17968,United Kingdom,Sale
536464,21992,VINTAGE PAISLEY STATIONERY SET,12/1/2010,1,2.95,2.95,17968,United Kingdom,Sale
536464,21738,COSY SLIPPER SHOES SMALL  RED,12/1/2010,1,2.95,2.95,17968,United Kingdom,Sale
536464,48173C,DOORMAT BLACK FLOCK,12/1/2010,1,7.95,7.95,17968,United Kingdom,Sale
536464,85099C,JUMBO  BAG BAROQUE BLACK WHITE,12/1/2010,1,1.95,1.95,17968,United Kingdom,Sale
536464,22960,JAM MAKING SET WITH JARS,12/1/2010,1,4.25,4.25,17968,United Kingdom,Sale
536464,85231G,ORANGE SCENTED SET/9 T-LIGHTS,12/1/2010,1,0.85,0.85,17968,United Kingdom,Sale
536464,85231B,CINAMMON SET OF 9 T-LIGHTS,12/1/2010,2,0.85,1.7,17968,United Kingdom,Sale
536464,22866,HAND WARMER SCOTTY DOG DESIGN,12/1/2010,1,2.1,2.1,17968,United Kingdom,Sale
536464,72818,CHRISTMAS DECOUPAGE CANDLE,12/1/2010,1,0.85,0.85,17968,United Kingdom,Sale
536464,21814,HEART T-LIGHT HOLDER,12/1/2010,8,1.45,11.6,17968,United Kingdom,Sale
536464,22441,GROW YOUR OWN BASIL IN ENAMEL MUG,12/1/2010,1,2.1,2.1,17968,United Kingdom,Sale
536464,22312,OFFICE MUG WARMER POLKADOT,12/1/2010,1,2.95,2.95,17968,United Kingdom,Sale
536464,22197,POPCORN HOLDER,12/1/2010,6,0.85,5.1,17968,United Kingdom,Sale
536464,22663,JUMBO BAG DOLLY GIRL DESIGN,12/1/2010,1,1.95,1.95,17968,United Kingdom,Sale
536466,22960,JAM MAKING SET WITH JARS,12/1/2010,6,4.25,25.5,14849,United Kingdom,Sale
536466,22961,JAM MAKING SET PRINTED,12/1/2010,12,1.45,17.4,14849,United Kingdom,Sale
536477,21314,SMALL GLASS HEART TRINKET POT,12/1/2010,48,1.85,88.8,16210,United Kingdom,Sale
536477,84029E,RED WOOLLY HOTTIE WHITE HEART,12/1/2010,24,3.39,81.36,16210,United Kingdom,Sale
536477,21137,BLACK RECORD COVER FRAME,12/1/2010,480,3.39,1627.2,16210,United Kingdom,Sale
536477,22041,"RECORD FRAME 7"" SINGLE SIZE",12/1/2010,48,2.1,100.8,16210,United Kingdom,Sale
536477,20979,36 PENCILS TUBE RED RETROSPOT,12/1/2010,16,1.25,20,16210,United Kingdom,Sale
536477,20977,36 PENCILS TUBE WOODLAND,12/1/2010,16,1.25,20,16210,United Kingdom,Sale
536477,22619,SET OF 6 SOLDIER SKITTLES,12/1/2010,4,3.75,15,16210,United Kingdom,Sale
536477,22571,ROCKING HORSE RED CHRISTMAS,12/1/2010,96,0.72,69.12,16210,United Kingdom,Sale
536477,22595,GINGHAM HEART DECORATION,12/1/2010,144,0.72,103.68,16210,United Kingdom,Sale
536477,22593,CHRISTMAS GINGHAM STAR,12/1/2010,144,0.72,103.68,16210,United Kingdom,Sale
536477,22633,HAND WARMER UNION JACK,12/1/2010,12,2.1,25.2,16210,United Kingdom,Sale
536477,22632,HAND WARMER RED RETROSPOT,12/1/2010,12,2.1,25.2,16210,United Kingdom,Sale
536477,22423,REGENCY CAKESTAND 3 TIER,12/1/2010,16,10.95,175.2,16210,United Kingdom,Sale
536477,22411,JUMBO SHOPPER VINTAGE RED PAISLEY,12/1/2010,10,1.95,19.5,16210,United Kingdom,Sale
536488,22738,RIBBON REEL SNOWY VILLAGE,12/1/2010,5,1.65,8.25,17897,United Kingdom,Sale
536488,21621,VINTAGE UNION JACK BUNTING,12/1/2010,1,8.5,8.5,17897,United Kingdom,Sale
536488,22960,JAM MAKING SET WITH JARS,12/1/2010,8,4.25,34,17897,United Kingdom,Sale
536488,22082,RIBBON REEL STRIPES DESIGN,12/1/2010,5,1.65,8.25,17897,United Kingdom,Sale
536488,47563A,RETRO LONGBOARD IRONING BOARD COVER,12/1/2010,1,3.75,3.75,17897,United Kingdom,Sale
536488,84558A,3D DOG PICTURE PLAYING CARDS,12/1/2010,1,2.95,2.95,17897,United Kingdom,Sale
536488,21592,RETROSPOT CIGAR BOX MATCHES,12/1/2010,1,1.25,1.25,17897,United Kingdom,Sale
536488,20878,SET/9 CHRISTMAS T-LIGHTS SCENTED,12/1/2010,2,1.25,2.5,17897,United Kingdom,Sale
536488,84347,ROTATING SILVER ANGELS T-LIGHT HLDR,12/1/2010,1,2.55,2.55,17897,United Kingdom,Sale
536488,84347,ROTATING SILVER ANGELS T-LIGHT HLDR,12/1/2010,1,2.55,2.55,17897,United Kingdom,Sale
536488,21577,SAVE THE PLANET COTTON TOTE BAG,12/1/2010,1,2.25,2.25,17897,United Kingdom,Sale
536488,22909,SET OF 20 VINTAGE CHRISTMAS NAPKINS,12/1/2010,1,0.85,0.85,17897,United Kingdom,Sale
536488,22087,PAPER BUNTING WHITE LACE,12/1/2010,1,2.95,2.95,17897,United Kingdom,Sale
536488,22651,GENTLEMAN SHIRT REPAIR KIT,12/1/2010,2,0.85,1.7,17897,United Kingdom,Sale
536488,22713,CARD I LOVE LONDON,12/1/2010,12,0.42,5.04,17897,United Kingdom,Sale
536488,22910,PAPER CHAIN KIT VINTAGE CHRISTMAS,12/1/2010,1,2.95,2.95,17897,United Kingdom,Sale
536488,21370,MIRRORED WALL ART FOXY,12/1/2010,2,6.35,12.7,17897,United Kingdom,Sale
536488,21367,MIRRORED WALL ART GENTS,12/1/2010,1,2.55,2.55,17897,United Kingdom,Sale
536488,22376,AIRLINE BAG VINTAGE JET SET WHITE,12/1/2010,1,4.25,4.25,17897,United Kingdom,Sale
536488,22961,JAM MAKING SET PRINTED,12/1/2010,1,1.45,1.45,17897,United Kingdom,Sale
536488,21895,POTTING SHED SOW 'N' GROW SET,12/1/2010,1,4.25,4.25,17897,United Kingdom,Sale
536488,22468,BABUSHKA LIGHTS STRING OF 10,12/1/2010,1,6.75,6.75,17897,United Kingdom,Sale
536488,21034,REX CASH+CARRY JUMBO SHOPPER,12/1/2010,1,0.95,0.95,17897,United Kingdom,Sale
536488,22372,AIRLINE BAG VINTAGE WORLD CHAMPION,12/1/2010,1,4.25,4.25,17897,United Kingdom,Sale
536488,22867,HAND WARMER BIRD DESIGN,12/1/2010,1,2.1,2.1,17897,United Kingdom,Sale
536488,22144,CHRISTMAS CRAFT LITTLE FRIENDS,12/1/2010,1,2.1,2.1,17897,United Kingdom,Sale
536488,21190,PINK HEARTS PAPER GARLAND,12/1/2010,1,1.65,1.65,17897,United Kingdom,Sale
536488,21894,POTTING SHED SEED ENVELOPES,12/1/2010,3,1.25,3.75,17897,United Kingdom,Sale
536488,70007,HI TEC ALPINE HAND WARMER,12/1/2010,3,1.65,4.95,17897,United Kingdom,Sale
536488,22940,FELTCRAFT CHRISTMAS FAIRY,12/1/2010,1,4.25,4.25,17897,United Kingdom,Sale
536488,70007,HI TEC ALPINE HAND WARMER,12/1/2010,1,1.65,1.65,17897,United Kingdom,Sale
536488,84347,ROTATING SILVER ANGELS T-LIGHT HLDR,12/1/2010,3,2.55,7.65,17897,United Kingdom,Sale
536488,22150,3 STRIPEY MICE FELTCRAFT,12/1/2010,1,1.95,1.95,17897,United Kingdom,Sale
536488,22149,FELTCRAFT 6 FLOWER FRIENDS,12/1/2010,2,2.1,4.2,17897,United Kingdom,Sale
536488,22144,CHRISTMAS CRAFT LITTLE FRIENDS,12/1/2010,2,2.1,4.2,17897,United Kingdom,Sale
536500,21622,VINTAGE UNION JACK CUSHION COVER,12/1/2010,10,4.95,49.5,17377,United Kingdom,Sale
536500,46000M,POLYESTER FILLER PAD 45x45cm,12/1/2010,10,1.55,15.5,17377,United Kingdom,Sale
536500,22630,DOLLY GIRL LUNCH BOX,12/1/2010,2,1.95,3.9,17377,United Kingdom,Sale
536500,22616,PACK OF 12 LONDON TISSUES,12/1/2010,12,0.29,3.48,17377,United Kingdom,Sale
536500,22712,CARD DOLLY GIRL,12/1/2010,12,0.42,5.04,17377,United Kingdom,Sale
536500,22983,CARD BILLBOARD FONT,12/1/2010,12,0.42,5.04,17377,United Kingdom,Sale
536500,22024,RAINY LADIES BIRTHDAY CARD,12/1/2010,12,0.42,5.04,17377,United Kingdom,Sale
536500,22113,GREY HEART HOT WATER BOTTLE,12/1/2010,3,3.75,11.25,17377,United Kingdom,Sale
536500,84029E,RED WOOLLY HOTTIE WHITE HEART,12/1/2010,2,3.75,7.5,17377,United Kingdom,Sale
536500,21488,RED WHITE SCARF  HOT WATER BOTTLE,12/1/2010,2,3.95,7.9,17377,United Kingdom,Sale
536500,22900,SET 2 TEA TOWELS I LOVE LONDON,12/1/2010,7,2.95,20.65,17377,United Kingdom,Sale
536500,22895,SET OF 2 TEA TOWELS APPLE AND PEARS,12/1/2010,3,2.95,8.85,17377,United Kingdom,Sale
536500,21035,SET/2 RED RETROSPOT TEA TOWELS,12/1/2010,3,2.95,8.85,17377,United Kingdom,Sale
536500,21755,LOVE BUILDING BLOCK WORD,12/1/2010,6,5.95,35.7,17377,United Kingdom,Sale
536500,21754,HOME BUILDING BLOCK WORD,12/1/2010,6,5.95,35.7,17377,United Kingdom,Sale
536502,84879,ASSORTED COLOUR BIRD ORNAMENT,12/1/2010,16,1.69,27.04,16552,United Kingdom,Sale
536502,22784,LANTERN CREAM GAZEBO,12/1/2010,3,4.95,14.85,16552,United Kingdom,Sale
536502,21441,BLUE BIRDHOUSE DECORATION,12/1/2010,12,0.85,10.2,16552,United Kingdom,Sale
536502,85123A,WHITE HANGING HEART T-LIGHT HOLDER,12/1/2010,6,2.95,17.7,16552,United Kingdom,Sale
536502,22423,REGENCY CAKESTAND 3 TIER,12/1/2010,2,12.75,25.5,16552,United Kingdom,Sale
536508,84947,ANTIQUE SILVER TEA GLASS ENGRAVED,12/1/2010,72,1.06,76.32,17181,United Kingdom,Sale
536508,21326,AGED GLASS SILVER T-LIGHT HOLDER,12/1/2010,144,0.55,79.2,17181,United Kingdom,Sale
C536506,22960,JAM MAKING SET WITH JARS,12/1/2010,-6,4.25,-25.5,17897,United Kingdom,Return
536514,22865,HAND WARMER OWL DESIGN,12/1/2010,36,2.1,75.6,17951,United Kingdom,Sale
536514,22485,SET OF 2 WOODEN MARKET CRATES,12/1/2010,4,12.75,51,17951,United Kingdom,Sale
536514,22807,SET OF 6 T-LIGHTS TOADSTOOLS,12/1/2010,6,2.95,17.7,17951,United Kingdom,Sale
536514,22633,HAND WARMER UNION JACK,12/1/2010,36,2.1,75.6,17951,United Kingdom,Sale
536514,22866,HAND WARMER SCOTTY DOG DESIGN,12/1/2010,36,2.1,75.6,17951,United Kingdom,Sale
536520,21794,CLASSIC FRENCH STYLE BASKET NATURAL,12/1/2010,1,6.75,6.75,14729,United Kingdom,Sale
536520,20707,CRAZY DAISY HEART DECORATION,12/1/2010,1,1.25,1.25,14729,United Kingdom,Sale
536520,21175,GIN AND TONIC DIET METAL SIGN,12/1/2010,1,2.1,2.1,14729,United Kingdom,Sale
536520,22926,IVORY GIANT GARDEN THERMOMETER,12/1/2010,1,5.95,5.95,14729,United Kingdom,Sale
536520,22588,CARD HOLDER GINGHAM HEART,12/1/2010,2,2.55,5.1,14729,United Kingdom,Sale
536520,21292,SMALL STRIPES CHOCOLATE GIFT BAG,12/1/2010,16,0.85,13.6,14729,United Kingdom,Sale
536520,21890,S/6 WOODEN SKITTLES IN COTTON BAG,12/1/2010,1,2.95,2.95,14729,United Kingdom,Sale
536520,22632,HAND WARMER RED RETROSPOT,12/1/2010,4,2.1,8.4,14729,United Kingdom,Sale
536520,22633,HAND WARMER UNION JACK,12/1/2010,3,2.1,6.3,14729,United Kingdom,Sale
536520,22670,FRENCH WC SIGN BLUE METAL,12/1/2010,1,1.25,1.25,14729,United Kingdom,Sale
536520,21867,PINK UNION JACK  LUGGAGE TAG,12/1/2010,1,1.25,1.25,14729,United Kingdom,Sale
536520,22760,"TRAY, BREAKFAST IN BED",12/1/2010,1,12.75,12.75,14729,United Kingdom,Sale
536520,22107,PIZZA PLATE IN BOX,12/1/2010,2,3.75,7.5,14729,United Kingdom,Sale
536520,22470,HEART OF WICKER LARGE,12/1/2010,1,2.95,2.95,14729,United Kingdom,Sale
536520,21486,PINK HEART DOTS HOT WATER BOTTLE,12/1/2010,1,3.75,3.75,14729,United Kingdom,Sale
536520,22151,PLACE SETTING WHITE HEART,12/1/2010,14,0.42,5.88,14729,United Kingdom,Sale
536520,22643,SET OF 4 NAPKIN CHARMS LEAVES,12/1/2010,4,2.55,10.2,14729,United Kingdom,Sale
536520,22642,SET OF 4 NAPKIN CHARMS STARS,12/1/2010,4,2.55,10.2,14729,United Kingdom,Sale
536520,22604,SET OF 4 NAPKIN CHARMS CUTLERY,12/1/2010,3,2.55,7.65,14729,United Kingdom,Sale
536520,22099,CARAVAN SQUARE TISSUE BOX,12/1/2010,2,1.25,2.5,14729,United Kingdom,Sale
536520,22553,PLASTERS IN TIN SKULLS,12/1/2010,1,1.65,1.65,14729,United Kingdom,Sale
536520,22551,PLASTERS IN TIN SPACEBOY,12/1/2010,1,1.65,1.65,14729,United Kingdom,Sale
536520,22653,BUTTON BOX,12/1/2010,1,1.95,1.95,14729,United Kingdom,Sale
536520,22557,PLASTERS IN TIN VINTAGE PAISLEY,12/1/2010,2,1.65,3.3,14729,United Kingdom,Sale
536520,22906,12 MESSAGE CARDS WITH ENVELOPES,12/1/2010,6,1.65,9.9,14729,United Kingdom,Sale
536520,22754,SMALL RED BABUSHKA NOTEBOOK,12/1/2010,1,0.85,0.85,14729,United Kingdom,Sale
536520,22938,CUPCAKE LACE PAPER SET 6,12/1/2010,5,1.95,9.75,14729,United Kingdom,Sale
536520,22812,PACK 3 BOXES CHRISTMAS PANNETONE,12/1/2010,3,1.95,5.85,14729,United Kingdom,Sale
536520,22919,HERB MARKER MINT,12/1/2010,2,0.65,1.3,14729,United Kingdom,Sale
536520,22917,HERB MARKER ROSEMARY,12/1/2010,1,0.65,0.65,14729,United Kingdom,Sale
536520,22920,HERB MARKER BASIL,12/1/2010,3,0.65,1.95,14729,United Kingdom,Sale
536520,22921,HERB MARKER CHIVES,12/1/2010,2,0.65,1.3,14729,United Kingdom,Sale
536520,22918,HERB MARKER PARSLEY,12/1/2010,2,0.65,1.3,14729,United Kingdom,Sale
536520,22916,HERB MARKER THYME,12/1/2010,1,0.65,0.65,14729,United Kingdom,Sale
536520,85123A,WHITE HANGING HEART T-LIGHT HOLDER,12/1/2010,3,2.95,8.85,14729,United Kingdom,Sale
536520,22575,METAL MERRY CHRISTMAS WREATH,12/1/2010,1,1.95,1.95,14729,United Kingdom,Sale
536520,21804,WHITE CHRISTMAS GARLAND STARS TREES,12/1/2010,3,3.75,11.25,14729,United Kingdom,Sale
536520,21584,RETROSPOT SMALL TUBE MATCHES,12/1/2010,12,1.65,19.8,14729,United Kingdom,Sale
536520,21588,RETROSPOT GIANT TUBE MATCHES,12/1/2010,3,2.55,7.65,14729,United Kingdom,Sale
536520,22152,PLACE SETTING WHITE STAR,12/1/2010,12,0.42,5.04,14729,United Kingdom,Sale
536520,22441,GROW YOUR OWN BASIL IN ENAMEL MUG,12/1/2010,1,2.1,2.1,14729,United Kingdom,Sale
536520,22955,36 FOIL STAR CAKE CASES,12/1/2010,2,2.1,4.2,14729,United Kingdom,Sale
536520,22956,36 FOIL HEART CAKE CASES,12/1/2010,2,2.1,4.2,14729,United Kingdom,Sale
536520,22582,PACK OF 6 SWEETIE GIFT BOXES,12/1/2010,2,2.55,5.1,14729,United Kingdom,Sale
536520,22583,PACK OF 6 HANDBAG GIFT BOXES,12/1/2010,3,2.55,7.65,14729,United Kingdom,Sale
536520,22241,GARLAND WOODEN HAPPY EASTER,12/1/2010,2,1.25,2.5,14729,United Kingdom,Sale
536520,22904,CALENDAR PAPER CUT DESIGN,12/1/2010,3,2.95,8.85,14729,United Kingdom,Sale
536520,22905,CALENDAR IN SEASON DESIGN,12/1/2010,2,2.95,5.9,14729,United Kingdom,Sale
536520,22197,POPCORN HOLDER,12/1/2010,3,0.85,2.55,14729,United Kingdom,Sale
536520,22092,BLUE PAISLEY TISSUE BOX,12/1/2010,1,1.25,1.25,14729,United Kingdom,Sale
536520,22469,HEART OF WICKER SMALL,12/1/2010,1,1.65,1.65,14729,United Kingdom,Sale
536520,22100,SKULLS SQUARE TISSUE BOX,12/1/2010,1,1.25,1.25,14729,United Kingdom,Sale
536520,22096,PINK PAISLEY SQUARE TISSUE BOX,12/1/2010,1,1.25,1.25,14729,United Kingdom,Sale
536520,22583,PACK OF 6 HANDBAG GIFT BOXES,12/1/2010,1,2.55,2.55,14729,United Kingdom,Sale
536520,21358,TOAST ITS - HAPPY BIRTHDAY,12/1/2010,2,1.25,2.5,14729,United Kingdom,Sale
536520,21123,SET/10 IVORY POLKADOT PARTY CANDLES,12/1/2010,1,1.25,1.25,14729,United Kingdom,Sale
536520,21124,SET/10 BLUE POLKADOT PARTY CANDLES,12/1/2010,1,1.25,1.25,14729,United Kingdom,Sale
536520,21122,SET/10 PINK POLKADOT PARTY CANDLES,12/1/2010,1,1.25,1.25,14729,United Kingdom,Sale
536520,84378,SET OF 3 HEART COOKIE CUTTERS,12/1/2010,1,1.25,1.25,14729,United Kingdom,Sale
536520,21985,PACK OF 12 HEARTS DESIGN TISSUES,12/1/2010,12,0.29,3.48,14729,United Kingdom,Sale
536520,21427,SKULLS STORAGE BOX SMALL,12/1/2010,2,2.1,4.2,14729,United Kingdom,Sale
536520,21034,REX CASH+CARRY JUMBO SHOPPER,12/1/2010,2,0.95,1.9,14729,United Kingdom,Sale
536520,21930,JUMBO STORAGE BAG SKULLS,12/1/2010,1,1.95,1.95,14729,United Kingdom,Sale
536520,20772,GARDEN PATH JOURNAL,12/1/2010,1,2.55,2.55,14729,United Kingdom,Sale
536520,22469,HEART OF WICKER SMALL,12/1/2010,2,1.65,3.3,14729,United Kingdom,Sale
536520,71406C,BLACK ORANGE SQUEEZER,12/1/2010,12,0.42,5.04,14729,United Kingdom,Sale
536520,84985A,SET OF 72 GREEN PAPER DOILIES,12/1/2010,1,1.45,1.45,14729,United Kingdom,Sale
536520,20754,RETROSPOT RED WASHING UP GLOVES,12/1/2010,1,2.1,2.1,14729,United Kingdom,Sale
536520,84596E,SMALL LICORICE DES PINK BOWL,12/1/2010,1,1.25,1.25,14729,United Kingdom,Sale
536520,21111,"SWISS ROLL TOWEL, CHOCOLATE  SPOTS",12/1/2010,1,2.95,2.95,14729,United Kingdom,Sale
536520,22501,PICNIC BASKET WICKER LARGE,12/1/2010,1,9.95,9.95,14729,United Kingdom,Sale
536521,22854,CREAM SWEETHEART EGG HOLDER,12/1/2010,1,4.95,4.95,12748,United Kingdom,Sale
536522,84997D,CHILDRENS CUTLERY POLKADOT PINK,12/1/2010,1,3.75,3.75,15012,United Kingdom,Sale
536522,47599A,PINK PARTY BAGS,12/1/2010,1,2.1,2.1,15012,United Kingdom,Sale
536522,47599B,BLUE PARTY BAGS,12/1/2010,1,2.1,2.1,15012,United Kingdom,Sale
536522,22749,FELTCRAFT PRINCESS CHARLOTTE DOLL,12/1/2010,1,3.75,3.75,15012,United Kingdom,Sale
536522,20972,PINK CREAM FELT CRAFT TRINKET BOX,12/1/2010,1,1.25,1.25,15012,United Kingdom,Sale
536522,22569,FELTCRAFT CUSHION BUTTERFLY,12/1/2010,1,3.75,3.75,15012,United Kingdom,Sale
536522,21041,RED RETROSPOT OVEN GLOVE DOUBLE,12/1/2010,1,2.95,2.95,15012,United Kingdom,Sale
536522,21664,RIDGED GLASS STORAGE JAR CREAM LID,12/1/2010,2,3.75,7.5,15012,United Kingdom,Sale
536522,84969,BOX OF 6 ASSORTED COLOUR TEASPOONS,12/1/2010,1,4.25,4.25,15012,United Kingdom,Sale
536522,22907,PACK OF 20 NAPKINS PANTRY DESIGN,12/1/2010,1,0.85,0.85,15012,United Kingdom,Sale
536522,22865,HAND WARMER OWL DESIGN,12/1/2010,2,2.1,4.2,15012,United Kingdom,Sale
536522,22866,HAND WARMER SCOTTY DOG DESIGN,12/1/2010,1,2.1,2.1,15012,United Kingdom,Sale
536522,22632,HAND WARMER RED RETROSPOT,12/1/2010,2,2.1,4.2,15012,United Kingdom,Sale
536522,22776,SWEETHEART CAKESTAND 3 TIER,12/1/2010,1,9.95,9.95,15012,United Kingdom,Sale
536522,22338,STAR DECORATION PAINTED ZINC,12/1/2010,2,0.65,1.3,15012,United Kingdom,Sale
536522,21810,CHRISTMAS HANGING STAR WITH BELL,12/1/2010,2,1.25,2.5,15012,United Kingdom,Sale
536522,22449,SILK PURSE BABUSHKA PINK,12/1/2010,1,3.35,3.35,15012,United Kingdom,Sale
536522,21197,MULTICOLOUR  CONFETTI IN TUBE,12/1/2010,1,1.65,1.65,15012,United Kingdom,Sale
536522,85231G,ORANGE SCENTED SET/9 T-LIGHTS,12/1/2010,1,0.85,0.85,15012,United Kingdom,Sale
536522,21121,SET/10 RED POLKADOT PARTY CANDLES,12/1/2010,1,1.25,1.25,15012,United Kingdom,Sale
536522,22151,PLACE SETTING WHITE HEART,12/1/2010,2,0.42,0.84,15012,United Kingdom,Sale
536522,84836,ZINC METAL HEART DECORATION,12/1/2010,2,1.25,2.5,15012,United Kingdom,Sale
536522,21326,AGED GLASS SILVER T-LIGHT HOLDER,12/1/2010,12,0.65,7.8,15012,United Kingdom,Sale
536522,85035B,CHOCOLATE 3 WICK MORRIS BOX CANDLE,12/1/2010,1,4.25,4.25,15012,United Kingdom,Sale
536522,84968C,SET OF 16 VINTAGE PISTACHIO CUTLERY,12/1/2010,1,12.75,12.75,15012,United Kingdom,Sale
536522,85231B,CINAMMON SET OF 9 T-LIGHTS,12/1/2010,1,0.85,0.85,15012,United Kingdom,Sale
536522,22739,RIBBON REEL CHRISTMAS SOCK BAUBLE,12/1/2010,5,1.65,8.25,15012,United Kingdom,Sale
536522,37370,RETRO COFFEE MUGS ASSORTED,12/1/2010,2,1.25,2.5,15012,United Kingdom,Sale
536522,22941,CHRISTMAS LIGHTS 10 REINDEER,12/1/2010,1,8.5,8.5,15012,United Kingdom,Sale
536522,21098,CHRISTMAS TOILET ROLL,12/1/2010,2,1.25,2.5,15012,United Kingdom,Sale
536522,22151,PLACE SETTING WHITE HEART,12/1/2010,1,0.42,0.42,15012,United Kingdom,Sale
536522,84836,ZINC METAL HEART DECORATION,12/1/2010,1,1.25,1.25,15012,United Kingdom,Sale
536522,20914,SET/5 RED RETROSPOT LID GLASS BOWLS,12/1/2010,1,2.95,2.95,15012,United Kingdom,Sale
536522,22749,FELTCRAFT PRINCESS CHARLOTTE DOLL,12/1/2010,2,3.75,7.5,15012,United Kingdom,Sale
536522,21190,PINK HEARTS PAPER GARLAND,12/1/2010,1,1.65,1.65,15012,United Kingdom,Sale
536522,84997C,CHILDRENS CUTLERY POLKADOT BLUE,12/1/2010,1,3.75,3.75,15012,United Kingdom,Sale
536522,21810,CHRISTMAS HANGING STAR WITH BELL,12/1/2010,1,1.25,1.25,15012,United Kingdom,Sale
536522,21192,WHITE BELL HONEYCOMB PAPER,12/1/2010,3,1.65,4.95,15012,United Kingdom,Sale
536522,85014A,BLACK/BLUE POLKADOT UMBRELLA,12/1/2010,1,5.95,5.95,15012,United Kingdom,Sale
536522,21124,SET/10 BLUE POLKADOT PARTY CANDLES,12/1/2010,2,1.25,2.5,15012,United Kingdom,Sale
536522,72800B,4 PURPLE FLOCK DINNER CANDLES,12/1/2010,2,2.55,5.1,15012,United Kingdom,Sale
536522,84563A,PINK & WHITE BREAKFAST TRAY,12/1/2010,1,5.95,5.95,15012,United Kingdom,Sale
536522,22107,PIZZA PLATE IN BOX,12/1/2010,2,3.75,7.5,15012,United Kingdom,Sale
536522,47504H,ENGLISH ROSE SPIRIT LEVEL,12/1/2010,1,1.95,1.95,15012,United Kingdom,Sale
536522,21121,SET/10 RED POLKADOT PARTY CANDLES,12/1/2010,1,1.25,1.25,15012,United Kingdom,Sale
536522,21122,SET/10 PINK POLKADOT PARTY CANDLES,12/1/2010,1,1.25,1.25,15012,United Kingdom,Sale
536522,21742,LARGE ROUND WICKER PLATTER,12/1/2010,1,5.95,5.95,15012,United Kingdom,Sale
536522,22566,FELTCRAFT HAIRBAND PINK AND PURPLE,12/1/2010,1,0.85,0.85,15012,United Kingdom,Sale
536522,21664,RIDGED GLASS STORAGE JAR CREAM LID,12/1/2010,1,3.75,3.75,15012,United Kingdom,Sale
536522,22632,HAND WARMER RED RETROSPOT,12/1/2010,1,2.1,2.1,15012,United Kingdom,Sale
536522,21122,SET/10 PINK POLKADOT PARTY CANDLES,12/1/2010,1,1.25,1.25,15012,United Kingdom,Sale
536522,22481,BLACK TEA TOWEL CLASSIC DESIGN,12/1/2010,3,1.25,3.75,15012,United Kingdom,Sale
536522,85099B,JUMBO BAG RED RETROSPOT,12/1/2010,1,1.95,1.95,15012,United Kingdom,Sale
536522,21931,JUMBO STORAGE BAG SUKI,12/1/2010,1,1.95,1.95,15012,United Kingdom,Sale
536523,22943,CHRISTMAS LIGHTS 10 VINTAGE BAUBLES,12/1/2010,6,4.95,29.7,12868,United Kingdom,Sale
536523,22468,BABUSHKA LIGHTS STRING OF 10,12/1/2010,2,6.75,13.5,12868,United Kingdom,Sale
536523,22149,FELTCRAFT 6 FLOWER FRIENDS,12/1/2010,6,2.1,12.6,12868,United Kingdom,Sale
536523,21485,RETROSPOT HEART HOT WATER BOTTLE,12/1/2010,3,4.95,14.85,12868,United Kingdom,Sale
536523,21259,VICTORIAN SEWING BOX SMALL,12/1/2010,2,5.95,11.9,12868,United Kingdom,Sale
536523,22969,HOMEMADE JAM SCENTED CANDLES,12/1/2010,12,1.45,17.4,12868,United Kingdom,Sale
536523,22699,ROSES REGENCY TEACUP AND SAUCER,12/1/2010,6,2.95,17.7,12868,United Kingdom,Sale
536523,22217,T-LIGHT HOLDER HANGING LACE,12/1/2010,12,1.25,15,12868,United Kingdom,Sale
536523,22227,HANGING HEART MIRROR DECORATION,12/1/2010,24,0.65,15.6,12868,United Kingdom,Sale
536523,22219,LOVEBIRD HANGING DECORATION WHITE,12/1/2010,12,0.85,10.2,12868,United Kingdom,Sale
536523,22111,SCOTTIE DOG HOT WATER BOTTLE,12/1/2010,3,4.95,14.85,12868,United Kingdom,Sale
536523,22294,HEART FILIGREE DOVE  SMALL,12/1/2010,24,1.25,30,12868,United Kingdom,Sale
536524,21111,"SWISS ROLL TOWEL, CHOCOLATE  SPOTS",12/1/2010,6,2.95,17.7,17572,United Kingdom,Sale
536524,21106,CREAM SLICE FLANNEL CHOCOLATE SPOT,12/1/2010,6,2.95,17.7,17572,United Kingdom,Sale
536524,21107,CREAM SLICE FLANNEL PINK SPOT,12/1/2010,6,2.95,17.7,17572,United Kingdom,Sale
536524,22697,GREEN REGENCY TEACUP AND SAUCER,12/1/2010,6,2.95,17.7,17572,United Kingdom,Sale
536525,21826,EIGHT PIECE DINOSAUR SET,12/1/2010,2,1.25,2.5,14078,United Kingdom,Sale
536525,21791,VINTAGE HEADS AND TAILS CARD GAME,12/1/2010,1,1.25,1.25,14078,United Kingdom,Sale
536525,22548,HEADS AND TAILS SPORTING FUN,12/1/2010,1,1.25,1.25,14078,United Kingdom,Sale
536525,22149,FELTCRAFT 6 FLOWER FRIENDS,12/1/2010,1,2.1,2.1,14078,United Kingdom,Sale
536525,17164B,ASS COL SMALL SAND GECKO P'WEIGHT,12/1/2010,2,0.42,0.84,14078,United Kingdom,Sale
536525,22423,REGENCY CAKESTAND 3 TIER,12/1/2010,2,12.75,25.5,14078,United Kingdom,Sale
536525,22429,ENAMEL MEASURING JUG CREAM,12/1/2010,1,4.25,4.25,14078,United Kingdom,Sale
536525,22428,ENAMEL FIRE BUCKET CREAM,12/1/2010,1,6.95,6.95,14078,United Kingdom,Sale
536525,20974,12 PENCILS SMALL TUBE SKULL,12/1/2010,3,0.65,1.95,14078,United Kingdom,Sale
536525,20973,12 PENCIL SMALL TUBE WOODLAND,12/1/2010,2,0.65,1.3,14078,United Kingdom,Sale
536525,15044B,BLUE PAPER PARASOL,12/1/2010,1,2.95,2.95,14078,United Kingdom,Sale
536525,21324,HANGING MEDINA LANTERN SMALL,12/1/2010,2,2.95,5.9,14078,United Kingdom,Sale
536525,20750,RED RETROSPOT MINI CASES,12/1/2010,10,7.95,79.5,14078,United Kingdom,Sale
536526,21135,VICTORIAN  METAL POSTCARD SPRING,12/1/2010,16,1.69,27.04,14001,United Kingdom,Sale
536526,22173,METAL 4 HOOK HANGER FRENCH CHATEAU,12/1/2010,16,2.95,47.2,14001,United Kingdom,Sale
536526,22626,BLACK KITCHEN SCALES,12/1/2010,2,8.5,17,14001,United Kingdom,Sale
536526,22625,RED KITCHEN SCALES,12/1/2010,6,8.5,51,14001,United Kingdom,Sale
536526,22624,IVORY KITCHEN SCALES,12/1/2010,6,8.5,51,14001,United Kingdom,Sale
536526,21929,JUMBO BAG PINK VINTAGE PAISLEY,12/1/2010,20,1.95,39,14001,United Kingdom,Sale
536526,85099B,JUMBO BAG RED RETROSPOT,12/1/2010,10,1.95,19.5,14001,United Kingdom,Sale
536526,22411,JUMBO SHOPPER VINTAGE RED PAISLEY,12/1/2010,10,1.95,19.5,14001,United Kingdom,Sale
536526,22113,GREY HEART HOT WATER BOTTLE,12/1/2010,8,3.75,30,14001,United Kingdom,Sale
536527,22809,SET OF 6 T-LIGHTS SANTA,12/1/2010,6,2.95,17.7,12662,Germany,Sale
536527,84347,ROTATING SILVER ANGELS T-LIGHT HLDR,12/1/2010,6,2.55,15.3,12662,Germany,Sale
536527,84945,MULTI COLOUR SILVER T-LIGHT HOLDER,12/1/2010,12,0.85,10.2,12662,Germany,Sale
536527,22242,5 HOOK HANGER MAGIC TOADSTOOL,12/1/2010,12,1.65,19.8,12662,Germany,Sale
536527,22244,3 HOOK HANGER MAGIC GARDEN,12/1/2010,12,1.95,23.4,12662,Germany,Sale
536527,22243,5 HOOK HANGER RED MAGIC TOADSTOOL,12/1/2010,12,1.65,19.8,12662,Germany,Sale
536527,47421,ASSORTED COLOUR LIZARD SUCTION HOOK,12/1/2010,24,0.42,10.08,12662,Germany,Sale
536527,20712,JUMBO BAG WOODLAND ANIMALS,12/1/2010,10,1.95,19.5,12662,Germany,Sale
536527,20713,JUMBO BAG OWLS,12/1/2010,10,1.95,19.5,12662,Germany,Sale
536527,22837,HOT WATER BOTTLE BABUSHKA,12/1/2010,4,4.65,18.6,12662,Germany,Sale
536527,22969,HOMEMADE JAM SCENTED CANDLES,12/1/2010,12,1.45,17.4,12662,Germany,Sale
536527,22973,CHILDREN'S CIRCUS PARADE MUG,12/1/2010,12,1.65,19.8,12662,Germany,Sale
536527,84569B,PACK 3 FIRE ENGINE/CAR PATCHES,12/1/2010,12,1.25,15,12662,Germany,Sale
536527,22549,PICTURE DOMINOES,12/1/2010,12,1.45,17.4,12662,Germany,Sale
536528,22815,CARD PSYCHEDELIC APPLES,12/1/2010,12,0.42,5.04,15525,United Kingdom,Sale
536528,22865,HAND WARMER OWL DESIGN,12/1/2010,1,2.1,2.1,15525,United Kingdom,Sale
536528,22585,PACK OF 6 BIRDY GIFT TAGS,12/1/2010,6,1.25,7.5,15525,United Kingdom,Sale
536528,21587,COSY HOUR GIANT TUBE MATCHES,12/1/2010,1,2.55,2.55,15525,United Kingdom,Sale
536528,84985A,SET OF 72 GREEN PAPER DOILIES,12/1/2010,1,1.45,1.45,15525,United Kingdom,Sale
536528,85114B,IVORY ENCHANTED FOREST PLACEMAT,12/1/2010,1,1.65,1.65,15525,United Kingdom,Sale
536528,22813,PACK 3 BOXES BIRD PANNETONE,12/1/2010,3,1.95,5.85,15525,United Kingdom,Sale
536528,22128,PARTY CONES CANDY ASSORTED,12/1/2010,6,1.25,7.5,15525,United Kingdom,Sale
536528,22839,3 TIER CAKE TIN GREEN AND CREAM,12/1/2010,1,14.95,14.95,15525,United Kingdom,Sale
536528,22584,PACK OF 6 PANNETONE GIFT BOXES,12/1/2010,2,2.55,5.1,15525,United Kingdom,Sale
536528,22130,PARTY CONE CHRISTMAS DECORATION,12/1/2010,12,0.85,10.2,15525,United Kingdom,Sale
536528,22938,CUPCAKE LACE PAPER SET 6,12/1/2010,3,1.95,5.85,15525,United Kingdom,Sale
536528,22411,JUMBO SHOPPER VINTAGE RED PAISLEY,12/1/2010,1,1.95,1.95,15525,United Kingdom,Sale
536528,21731,RED TOADSTOOL LED NIGHT LIGHT,12/1/2010,2,1.65,3.3,15525,United Kingdom,Sale
536528,22616,PACK OF 12 LONDON TISSUES,12/1/2010,1,0.29,0.29,15525,United Kingdom,Sale
536528,22454,MEASURING TAPE BABUSHKA RED,12/1/2010,1,2.95,2.95,15525,United Kingdom,Sale
536528,22865,HAND WARMER OWL DESIGN,12/1/2010,1,2.1,2.1,15525,United Kingdom,Sale
536528,21992,VINTAGE PAISLEY STATIONERY SET,12/1/2010,1,2.95,2.95,15525,United Kingdom,Sale
536528,22326,ROUND SNACK BOXES SET OF4 WOODLAND,12/1/2010,4,2.95,11.8,15525,United Kingdom,Sale
536528,22082,RIBBON REEL STRIPES DESIGN,12/1/2010,1,1.65,1.65,15525,United Kingdom,Sale
536528,85049E,SCANDINAVIAN REDS RIBBONS,12/1/2010,1,1.25,1.25,15525,United Kingdom,Sale
536528,22077,6 RIBBONS RUSTIC CHARM,12/1/2010,2,1.65,3.3,15525,United Kingdom,Sale
536528,85049A,TRADITIONAL CHRISTMAS RIBBONS,12/1/2010,1,1.25,1.25,15525,United Kingdom,Sale
536528,22865,HAND WARMER OWL DESIGN,12/1/2010,2,2.1,4.2,15525,United Kingdom,Sale
536528,22867,HAND WARMER BIRD DESIGN,12/1/2010,3,2.1,6.3,15525,United Kingdom,Sale
536528,22910,PAPER CHAIN KIT VINTAGE CHRISTMAS,12/1/2010,3,2.95,8.85,15525,United Kingdom,Sale
536528,22963,JAM JAR WITH GREEN LID,12/1/2010,2,0.85,1.7,15525,United Kingdom,Sale
536528,22960,JAM MAKING SET WITH JARS,12/1/2010,1,4.25,4.25,15525,United Kingdom,Sale
536528,85114C,RED ENCHANTED FOREST PLACEMAT,12/1/2010,1,1.65,1.65,15525,United Kingdom,Sale
536528,85114B,IVORY ENCHANTED FOREST PLACEMAT,12/1/2010,1,1.65,1.65,15525,United Kingdom,Sale
536528,22974,CHILDRENS DOLLY GIRL MUG,12/1/2010,2,1.65,3.3,15525,United Kingdom,Sale
536528,22423,REGENCY CAKESTAND 3 TIER,12/1/2010,1,12.75,12.75,15525,United Kingdom,Sale
536528,21452,TOADSTOOL MONEY BOX,12/1/2010,2,2.95,5.9,15525,United Kingdom,Sale
536528,22938,CUPCAKE LACE PAPER SET 6,12/1/2010,1,1.95,1.95,15525,United Kingdom,Sale
536528,22812,PACK 3 BOXES CHRISTMAS PANNETONE,12/1/2010,3,1.95,5.85,15525,United Kingdom,Sale
536528,22584,PACK OF 6 PANNETONE GIFT BOXES,12/1/2010,2,2.55,5.1,15525,United Kingdom,Sale
536528,22744,MAKE YOUR OWN MONSOON CARD KIT,12/1/2010,2,2.95,5.9,15525,United Kingdom,Sale
536528,22743,MAKE YOUR OWN FLOWERPOWER CARD KIT,12/1/2010,1,2.95,2.95,15525,United Kingdom,Sale
536528,22911,PAPER CHAIN KIT LONDON,12/1/2010,1,2.95,2.95,15525,United Kingdom,Sale
536528,22585,PACK OF 6 BIRDY GIFT TAGS,12/1/2010,5,1.25,6.25,15525,United Kingdom,Sale
536528,22900,SET 2 TEA TOWELS I LOVE LONDON,12/1/2010,1,2.95,2.95,15525,United Kingdom,Sale
536528,22911,PAPER CHAIN KIT LONDON,12/1/2010,1,2.95,2.95,15525,United Kingdom,Sale
536528,22743,MAKE YOUR OWN FLOWERPOWER CARD KIT,12/1/2010,1,2.95,2.95,15525,United Kingdom,Sale
536528,22744,MAKE YOUR OWN MONSOON CARD KIT,12/1/2010,2,2.95,5.9,15525,United Kingdom,Sale
536528,22961,JAM MAKING SET PRINTED,12/1/2010,1,1.45,1.45,15525,United Kingdom,Sale
536528,22411,JUMBO SHOPPER VINTAGE RED PAISLEY,12/1/2010,1,1.95,1.95,15525,United Kingdom,Sale
536528,22454,MEASURING TAPE BABUSHKA RED,12/1/2010,2,2.95,5.9,15525,United Kingdom,Sale
536528,22453,MEASURING TAPE BABUSHKA BLUE,12/1/2010,1,2.95,2.95,15525,United Kingdom,Sale
536528,84985A,SET OF 72 GREEN PAPER DOILIES,12/1/2010,1,1.45,1.45,15525,United Kingdom,Sale
536528,22445,PENCIL CASE LIFE IS BEAUTIFUL,12/1/2010,4,2.95,11.8,15525,United Kingdom,Sale
536528,22568,FELTCRAFT CUSHION OWL,12/1/2010,3,3.75,11.25,15525,United Kingdom,Sale
536528,22570,FELTCRAFT CUSHION RABBIT,12/1/2010,1,3.75,3.75,15525,United Kingdom,Sale
536528,22607,WOODEN ROUNDERS GARDEN SET,12/1/2010,1,9.95,9.95,15525,United Kingdom,Sale
536528,22635,CHILDS BREAKFAST SET DOLLY GIRL,12/1/2010,1,9.95,9.95,15525,United Kingdom,Sale
536528,22634,CHILDS BREAKFAST SET SPACEBOY,12/1/2010,1,9.95,9.95,15525,United Kingdom,Sale
536528,22839,3 TIER CAKE TIN GREEN AND CREAM,12/1/2010,1,14.95,14.95,15525,United Kingdom,Sale
536528,22968,ROSE COTTAGE KEEPSAKE BOX,12/1/2010,3,9.95,29.85,15525,United Kingdom,Sale
536529,22222,CAKE PLATE LOVEBIRD WHITE,12/1/2010,3,4.95,14.85,14237,United Kingdom,Sale
536529,22947,WOODEN ADVENT CALENDAR RED,12/1/2010,2,16.95,33.9,14237,United Kingdom,Sale
536529,21743,STAR PORTABLE TABLE LIGHT,12/1/2010,6,2.95,17.7,14237,United Kingdom,Sale
536529,22187,GREEN CHRISTMAS TREE CARD HOLDER,12/1/2010,4,4.25,17,14237,United Kingdom,Sale
536529,22164,STRING OF STARS CARD HOLDER,12/1/2010,6,2.95,17.7,14237,United Kingdom,Sale
536529,72598,SET/12 TAPER CANDLES,12/1/2010,12,0.85,10.2,14237,United Kingdom,Sale
536529,21258,VICTORIAN SEWING BOX LARGE,12/1/2010,1,12.75,12.75,14237,United Kingdom,Sale
536529,22627,MINT KITCHEN SCALES,12/1/2010,2,8.5,17,14237,United Kingdom,Sale
536529,22487,WHITE WOOD GARDEN PLANT LADDER,12/1/2010,2,9.95,19.9,14237,United Kingdom,Sale
536530,22360,GLASS JAR ENGLISH CONFECTIONERY,12/1/2010,2,2.95,5.9,17905,United Kingdom,Sale
536530,22364,GLASS JAR DIGESTIVE BISCUITS,12/1/2010,1,2.95,2.95,17905,United Kingdom,Sale
536530,21657,MILK BOTTLE WITH GLASS STOPPER,12/1/2010,1,6.95,6.95,17905,United Kingdom,Sale
536530,22699,ROSES REGENCY TEACUP AND SAUCER,12/1/2010,4,2.95,11.8,17905,United Kingdom,Sale
536530,21071,VINTAGE BILLBOARD DRINK ME MUG,12/1/2010,24,1.25,30,17905,United Kingdom,Sale
536530,22941,CHRISTMAS LIGHTS 10 REINDEER,12/1/2010,1,8.5,8.5,17905,United Kingdom,Sale
536530,22120,WELCOME  WOODEN BLOCK LETTERS,12/1/2010,1,9.95,9.95,17905,United Kingdom,Sale
536530,22423,REGENCY CAKESTAND 3 TIER,12/1/2010,1,12.75,12.75,17905,United Kingdom,Sale
536530,21038,SET/4 MODERN VINTAGE COTTON NAPKINS,12/1/2010,1,2.95,2.95,17905,United Kingdom,Sale
536530,21625,VINTAGE UNION JACK APRON,12/1/2010,1,6.95,6.95,17905,United Kingdom,Sale
536530,22783,SET 3 WICKER OVAL BASKETS W LIDS,12/1/2010,1,19.95,19.95,17905,United Kingdom,Sale
536530,22097,SWALLOW SQUARE TISSUE BOX,12/1/2010,1,1.25,1.25,17905,United Kingdom,Sale
536530,82552,WASHROOM METAL SIGN,12/1/2010,1,1.45,1.45,17905,United Kingdom,Sale
536530,21179,NO JUNK MAIL METAL SIGN,12/1/2010,1,1.25,1.25,17905,United Kingdom,Sale
536530,22185,SLATE TILE NATURAL HANGING,12/1/2010,4,1.65,6.6,17905,United Kingdom,Sale
536530,22097,SWALLOW SQUARE TISSUE BOX,12/1/2010,1,1.25,1.25,17905,United Kingdom,Sale
536530,21662,VINTAGE GLASS COFFEE CADDY,12/1/2010,1,5.95,5.95,17905,United Kingdom,Sale
536530,85104,SILVER GLASS T-LIGHT SET,12/1/2010,8,2.95,23.6,17905,United Kingdom,Sale
536530,21654,RIDGED GLASS FINGER BOWL,12/1/2010,6,1.45,8.7,17905,United Kingdom,Sale
536530,21658,GLASS  BEURRE DISH,12/1/2010,1,3.95,3.95,17905,United Kingdom,Sale
536530,21664,RIDGED GLASS STORAGE JAR CREAM LID,12/1/2010,2,3.75,7.5,17905,United Kingdom,Sale
536530,22943,CHRISTMAS LIGHTS 10 VINTAGE BAUBLES,12/1/2010,2,4.95,9.9,17905,United Kingdom,Sale
536530,22411,JUMBO SHOPPER VINTAGE RED PAISLEY,12/1/2010,6,1.95,11.7,17905,United Kingdom,Sale
536531,21519,GIN & TONIC DIET GREETING CARD,12/1/2010,24,0.42,10.08,15485,United Kingdom,Sale
536531,22819,"BIRTHDAY CARD, RETRO SPOT",12/1/2010,24,0.42,10.08,15485,United Kingdom,Sale
536531,21506,FANCY FONT BIRTHDAY CARD,12/1/2010,24,0.42,10.08,15485,United Kingdom,Sale
536531,22704,WRAP RED APPLES,12/1/2010,25,0.42,10.5,15485,United Kingdom,Sale
536531,21498,RED RETROSPOT WRAP,12/1/2010,25,0.42,10.5,15485,United Kingdom,Sale
536531,15056N,EDWARDIAN PARASOL NATURAL,12/1/2010,12,5.95,71.4,15485,United Kingdom,Sale
536531,15056BL,EDWARDIAN PARASOL BLACK,12/1/2010,12,5.95,71.4,15485,United Kingdom,Sale
536531,20679,EDWARDIAN PARASOL RED,12/1/2010,12,5.95,71.4,15485,United Kingdom,Sale
536531,22049,WRAP CHRISTMAS SCREEN PRINT,12/1/2010,25,0.42,10.5,15485,United Kingdom,Sale
536531,21498,RED RETROSPOT WRAP,12/1/2010,25,0.42,10.5,15485,United Kingdom,Sale
536531,21497,FANCY FONTS BIRTHDAY WRAP,12/1/2010,25,0.42,10.5,15485,United Kingdom,Sale
536531,21333,CLASSIC WHITE FRAME,12/1/2010,12,2.95,35.4,15485,United Kingdom,Sale
536531,22727,ALARM CLOCK BAKELIKE RED,12/1/2010,9,3.75,33.75,15485,United Kingdom,Sale
536531,22726,ALARM CLOCK BAKELIKE GREEN,12/1/2010,9,3.75,33.75,15485,United Kingdom,Sale
536531,22730,ALARM CLOCK BAKELIKE IVORY,12/1/2010,9,3.75,33.75,15485,United Kingdom,Sale
536531,22086,PAPER CHAIN KIT 50'S CHRISTMAS,12/1/2010,80,2.55,204,15485,United Kingdom,Sale
536531,22910,PAPER CHAIN KIT VINTAGE CHRISTMAS,12/1/2010,40,2.55,102,15485,United Kingdom,Sale
536531,22194,BLACK DINER WALL CLOCK,12/1/2010,2,8.5,17,15485,United Kingdom,Sale
536531,22192,BLUE DINER WALL CLOCK,12/1/2010,4,8.5,34,15485,United Kingdom,Sale
536531,22193,RED DINER WALL CLOCK,12/1/2010,4,8.5,34,15485,United Kingdom,Sale
536531,22191,IVORY DINER WALL CLOCK,12/1/2010,4,8.5,34,15485,United Kingdom,Sale
536531,22688,DOORMAT PEACE ON EARTH BLUE,12/1/2010,4,7.95,31.8,15485,United Kingdom,Sale
536531,22768,FAMILY PHOTO FRAME CORNICE,12/1/2010,6,9.95,59.7,15485,United Kingdom,Sale
536532,84692,BOX OF 24 COCKTAIL PARASOLS,12/1/2010,50,0.42,21,12433,Norway,Sale
536532,22444,GROW YOUR OWN PLANT IN A CAN,12/1/2010,96,1.06,101.76,12433,Norway,Sale
536532,22899,CHILDREN'S APRON DOLLY GIRL,12/1/2010,8,2.1,16.8,12433,Norway,Sale
536532,21156,RETROSPOT CHILDRENS APRON,12/1/2010,8,1.95,15.6,12433,Norway,Sale
536532,22556,PLASTERS IN TIN CIRCUS PARADE,12/1/2010,24,1.65,39.6,12433,Norway,Sale
536532,22555,PLASTERS IN TIN STRONGMAN,12/1/2010,36,1.65,59.4,12433,Norway,Sale
536532,22554,PLASTERS IN TIN WOODLAND ANIMALS,12/1/2010,24,1.65,39.6,12433,Norway,Sale
536532,22553,PLASTERS IN TIN SKULLS,12/1/2010,24,1.65,39.6,12433,Norway,Sale
536532,22551,PLASTERS IN TIN SPACEBOY,12/1/2010,24,1.65,39.6,12433,Norway,Sale
536532,22547,MINI JIGSAW DINOSAUR,12/1/2010,24,0.42,10.08,12433,Norway,Sale
536532,22544,MINI JIGSAW SPACEBOY,12/1/2010,24,0.42,10.08,12433,Norway,Sale
536532,22543,MINI JIGSAW BAKE A CAKE,12/1/2010,24,0.42,10.08,12433,Norway,Sale
536532,22540,MINI JIGSAW CIRCUS PARADE,12/1/2010,24,0.42,10.08,12433,Norway,Sale
536532,22539,MINI JIGSAW DOLLY GIRL,12/1/2010,24,0.42,10.08,12433,Norway,Sale
536532,22534,MAGIC DRAWING SLATE SPACEBOY,12/1/2010,24,0.42,10.08,12433,Norway,Sale
536532,22530,MAGIC DRAWING SLATE DOLLY GIRL,12/1/2010,24,0.42,10.08,12433,Norway,Sale
536532,22531,MAGIC DRAWING SLATE CIRCUS PARADE,12/1/2010,24,0.42,10.08,12433,Norway,Sale
536532,22561,WOODEN SCHOOL COLOURING SET,12/1/2010,24,1.65,39.6,12433,Norway,Sale
536532,22489,PACK OF 12 TRADITIONAL CRAYONS,12/1/2010,24,0.42,10.08,12433,Norway,Sale
536532,22814,CARD PARTY GAMES,12/1/2010,12,0.42,5.04,12433,Norway,Sale
536532,21520,BOOZE & WOMEN GREETING CARD,12/1/2010,12,0.42,5.04,12433,Norway,Sale
536532,21506,FANCY FONT BIRTHDAY CARD,12/1/2010,12,0.42,5.04,12433,Norway,Sale
536532,22716,CARD CIRCUS PARADE,12/1/2010,12,0.42,5.04,12433,Norway,Sale
536532,22866,HAND WARMER SCOTTY DOG DESIGN,12/1/2010,12,2.1,25.2,12433,Norway,Sale
536532,22632,HAND WARMER RED RETROSPOT,12/1/2010,12,2.1,25.2,12433,Norway,Sale
536532,22865,HAND WARMER OWL DESIGN,12/1/2010,12,2.1,25.2,12433,Norway,Sale
536532,22114,HOT WATER BOTTLE TEA AND SYMPATHY,12/1/2010,8,3.95,31.6,12433,Norway,Sale
536532,21982,PACK OF 12 SUKI TISSUES,12/1/2010,48,0.29,13.92,12433,Norway,Sale
536532,21981,PACK OF 12 WOODLAND TISSUES,12/1/2010,48,0.29,13.92,12433,Norway,Sale
536532,21967,PACK OF 12 SKULL TISSUES,12/1/2010,48,0.29,13.92,12433,Norway,Sale
536532,22092,BLUE PAISLEY TISSUE BOX,12/1/2010,12,1.25,15,12433,Norway,Sale
536532,21983,PACK OF 12 BLUE PAISLEY TISSUES,12/1/2010,48,0.29,13.92,12433,Norway,Sale
536532,22615,PACK OF 12 CIRCUS PARADE TISSUES,12/1/2010,48,0.29,13.92,12433,Norway,Sale
536532,21980,PACK OF 12 RED RETROSPOT TISSUES,12/1/2010,48,0.29,13.92,12433,Norway,Sale
536532,22614,PACK OF 12 SPACEBOY TISSUES,12/1/2010,48,0.29,13.92,12433,Norway,Sale
536532,22095,LADS ONLY TISSUE BOX,12/1/2010,12,1.25,15,12433,Norway,Sale
536532,22094,RED RETROSPOT TISSUE BOX,12/1/2010,12,1.25,15,12433,Norway,Sale
536532,21984,PACK OF 12 PINK PAISLEY TISSUES,12/1/2010,48,0.29,13.92,12433,Norway,Sale
536532,22557,PLASTERS IN TIN VINTAGE PAISLEY,12/1/2010,36,1.65,59.4,12433,Norway,Sale
536532,21786,POLKADOT RAIN HAT,12/1/2010,24,0.42,10.08,12433,Norway,Sale
536532,21080,SET/20 RED RETROSPOT PAPER NAPKINS,12/1/2010,36,0.85,30.6,12433,Norway,Sale
536532,22963,JAM JAR WITH GREEN LID,12/1/2010,12,0.85,10.2,12433,Norway,Sale
536532,22962,JAM JAR WITH PINK LID,12/1/2010,12,0.85,10.2,12433,Norway,Sale
536532,22961,JAM MAKING SET PRINTED,12/1/2010,24,1.45,34.8,12433,Norway,Sale
536532,84375,SET OF 20 KIDS COOKIE CUTTERS,12/1/2010,24,2.1,50.4,12433,Norway,Sale
536532,22966,GINGERBREAD MAN COOKIE CUTTER,12/1/2010,24,1.25,30,12433,Norway,Sale
536532,21874,GIN AND TONIC MUG,12/1/2010,24,1.25,30,12433,Norway,Sale
536532,21873,IF YOU CAN'T STAND THE HEAT MUG,12/1/2010,24,1.25,30,12433,Norway,Sale
536532,21870,I CAN ONLY PLEASE ONE PERSON MUG,12/1/2010,24,1.25,30,12433,Norway,Sale
536532,22956,36 FOIL HEART CAKE CASES,12/1/2010,12,2.1,25.2,12433,Norway,Sale
536532,84050,PINK HEART SHAPE EGG FRYING PAN,12/1/2010,72,1.25,90,12433,Norway,Sale
536532,84991,60 TEATIME FAIRY CAKE CASES,12/1/2010,24,0.55,13.2,12433,Norway,Sale
536532,84992,72 SWEETHEART FAIRY CAKE CASES,12/1/2010,24,0.55,13.2,12433,Norway,Sale
536532,21213,PACK OF 72 SKULL CAKE CASES,12/1/2010,24,0.55,13.2,12433,Norway,Sale
536532,21977,PACK OF 60 PINK PAISLEY CAKE CASES,12/1/2010,24,0.55,13.2,12433,Norway,Sale
536532,21212,PACK OF 72 RETROSPOT CAKE CASES,12/1/2010,24,0.55,13.2,12433,Norway,Sale
536532,22198,LARGE POPCORN HOLDER,12/1/2010,48,1.65,79.2,12433,Norway,Sale
536532,22197,POPCORN HOLDER,12/1/2010,72,0.85,61.2,12433,Norway,Sale
536532,22315,200 RED + WHITE BENDY STRAWS,12/1/2010,12,1.25,15,12433,Norway,Sale
536532,22667,RECIPE BOX RETROSPOT,12/1/2010,12,2.95,35.4,12433,Norway,Sale
536532,22666,RECIPE BOX PANTRY YELLOW DESIGN,12/1/2010,12,2.95,35.4,12433,Norway,Sale
536532,22665,RECIPE BOX BLUE SKETCHBOOK DESIGN,12/1/2010,12,2.95,35.4,12433,Norway,Sale
536532,22558,CLOTHES PEGS RETROSPOT PACK 24,12/1/2010,24,1.49,35.76,12433,Norway,Sale
536532,22567,20 DOLLY PEGS RETROSPOT,12/1/2010,24,1.25,30,12433,Norway,Sale
536532,85150,LADIES & GENTLEMEN METAL SIGN,12/1/2010,12,2.55,30.6,12433,Norway,Sale
536532,21166,COOK WITH WINE METAL SIGN,12/1/2010,12,1.95,23.4,12433,Norway,Sale
536532,85152,HAND OVER THE CHOCOLATE   SIGN,12/1/2010,24,2.1,50.4,12433,Norway,Sale
536532,82600,NO SINGING METAL SIGN,12/1/2010,24,2.1,50.4,12433,Norway,Sale
536532,21733,RED HANGING HEART T-LIGHT HOLDER,12/1/2010,6,2.95,17.7,12433,Norway,Sale
536532,20685,DOORMAT RED RETROSPOT,12/1/2010,2,7.95,15.9,12433,Norway,Sale
536532,22842,BISCUIT TIN VINTAGE RED,12/1/2010,6,6.75,40.5,12433,Norway,Sale
536532,22494,EMERGENCY FIRST AID TIN,12/1/2010,24,1.25,30,12433,Norway,Sale
536532,21260,FIRST AID TIN,12/1/2010,12,3.25,39,12433,Norway,Sale
536533,20754,RETROSPOT RED WASHING UP GLOVES,12/1/2010,6,2.1,12.6,16955,United Kingdom,Sale
536533,22740,POLKADOT PEN,12/1/2010,48,0.85,40.8,16955,United Kingdom,Sale
536533,22825,DECORATIVE PLANT POT WITH FRIEZE,12/1/2010,2,7.95,15.9,16955,United Kingdom,Sale
536533,22680,FRENCH BLUE METAL DOOR SIGN 5,12/1/2010,20,1.25,25,16955,United Kingdom,Sale
536533,22797,CHEST OF DRAWERS GINGHAM HEART,12/1/2010,3,16.95,50.85,16955,United Kingdom,Sale
536533,21843,RED RETROSPOT CAKE STAND,12/1/2010,1,10.95,10.95,16955,United Kingdom,Sale
536534,22866,HAND WARMER SCOTTY DOG DESIGN,12/1/2010,12,2.1,25.2,15350,United Kingdom,Sale
536534,22834,HAND WARMER BABUSHKA DESIGN,12/1/2010,12,2.1,25.2,15350,United Kingdom,Sale
536534,22865,HAND WARMER OWL DESIGN,12/1/2010,12,2.1,25.2,15350,United Kingdom,Sale
536534,22867,HAND WARMER BIRD DESIGN,12/1/2010,12,2.1,25.2,15350,United Kingdom,Sale
536534,22112,CHOCOLATE HOT WATER BOTTLE,12/1/2010,3,4.95,14.85,15350,United Kingdom,Sale
536535,22943,CHRISTMAS LIGHTS 10 VINTAGE BAUBLES,12/1/2010,3,4.95,14.85,15605,United Kingdom,Sale
536535,22118,JOY WOODEN BLOCK LETTERS,12/1/2010,3,4.95,14.85,15605,United Kingdom,Sale
536535,22121,NOEL WOODEN BLOCK LETTERS,12/1/2010,3,5.95,17.85,15605,United Kingdom,Sale
536535,22119,PEACE WOODEN BLOCK LETTERS,12/1/2010,3,6.95,20.85,15605,United Kingdom,Sale
536535,21485,RETROSPOT HEART HOT WATER BOTTLE,12/1/2010,3,4.95,14.85,15605,United Kingdom,Sale
536535,22219,LOVEBIRD HANGING DECORATION WHITE,12/1/2010,12,0.85,10.2,15605,United Kingdom,Sale
536535,21523,DOORMAT FANCY FONT HOME SWEET HOME,12/1/2010,2,7.95,15.9,15605,United Kingdom,Sale
536535,48194,DOORMAT HEARTS,12/1/2010,2,7.95,15.9,15605,United Kingdom,Sale
536535,20685,DOORMAT RED RETROSPOT,12/1/2010,2,7.95,15.9,15605,United Kingdom,Sale
536535,21156,RETROSPOT CHILDRENS APRON,12/1/2010,8,1.95,15.6,15605,United Kingdom,Sale
536535,22418,10 COLOUR SPACEBOY PEN,12/1/2010,24,0.85,20.4,15605,United Kingdom,Sale
536535,22311,OFFICE MUG WARMER BLACK+SILVER,12/1/2010,6,2.95,17.7,15605,United Kingdom,Sale
536536,21485,RETROSPOT HEART HOT WATER BOTTLE,12/1/2010,3,4.95,14.85,18144,United Kingdom,Sale
536536,84879,ASSORTED COLOUR BIRD ORNAMENT,12/1/2010,80,1.69,135.2,18144,United Kingdom,Sale
536536,72817,SET OF 2 CHRISTMAS DECOUPAGE CANDLE,12/1/2010,12,1.25,15,18144,United Kingdom,Sale
536537,22277,COSMETIC BAG VINTAGE ROSE PAISLEY,12/1/2010,36,2.1,75.6,15922,United Kingdom,Sale
536537,22333,RETROSPOT PARTY BAG + STICKER SET,12/1/2010,8,1.65,13.2,15922,United Kingdom,Sale
536537,20867,PINK ROSE FABRIC MIRROR,12/1/2010,36,1.25,45,15922,United Kingdom,Sale
536537,21688,SILVER PLATE CANDLE BOWL SMALL,12/1/2010,12,2.95,35.4,15922,United Kingdom,Sale
536537,21694,SMALL REGAL  SILVER CANDLEPOT,12/1/2010,12,2.95,35.4,15922,United Kingdom,Sale
536537,22183,CAKE STAND VICTORIAN FILIGREE MED,12/1/2010,6,6.75,40.5,15922,United Kingdom,Sale
536537,22423,REGENCY CAKESTAND 3 TIER,12/1/2010,2,12.75,25.5,15922,United Kingdom,Sale
536537,22798,ANTIQUE GLASS DRESSING TABLE POT,12/1/2010,8,2.95,23.6,15922,United Kingdom,Sale
536537,22800,ANTIQUE TALL SWIRLGLASS TRINKET POT,12/1/2010,8,3.75,30,15922,United Kingdom,Sale
536537,22801,ANTIQUE GLASS PEDESTAL BOWL,12/1/2010,8,3.75,30,15922,United Kingdom,Sale
536537,22781,GUMBALL MAGAZINE RACK,12/1/2010,2,7.65,15.3,15922,United Kingdom,Sale
536538,21466,RED FLOWER CROCHET FOOD COVER,12/1/2010,1,3.75,3.75,14594,United Kingdom,Sale
536538,21467,CHERRY CROCHET FOOD COVER,12/1/2010,1,3.75,3.75,14594,United Kingdom,Sale
536538,21471,STRAWBERRY RAFFIA FOOD COVER,12/1/2010,1,3.75,3.75,14594,United Kingdom,Sale
536538,21469,POLKA DOT RAFFIA FOOD COVER,12/1/2010,1,3.75,3.75,14594,United Kingdom,Sale
536538,21523,DOORMAT FANCY FONT HOME SWEET HOME,12/1/2010,1,7.95,7.95,14594,United Kingdom,Sale
536538,48129,DOORMAT TOPIARY,12/1/2010,1,7.95,7.95,14594,United Kingdom,Sale
536538,21524,DOORMAT SPOTTY HOME SWEET HOME,12/1/2010,1,7.95,7.95,14594,United Kingdom,Sale
536538,22791,T-LIGHT GLASS FLUTED ANTIQUE,12/1/2010,12,1.25,15,14594,United Kingdom,Sale
536538,84949,SILVER HANGING T-LIGHT HOLDER,12/1/2010,6,1.65,9.9,14594,United Kingdom,Sale
536538,22086,PAPER CHAIN KIT 50'S CHRISTMAS,12/1/2010,5,2.95,14.75,14594,United Kingdom,Sale
536538,22910,PAPER CHAIN KIT VINTAGE CHRISTMAS,12/1/2010,5,2.95,14.75,14594,United Kingdom,Sale
536538,22457,NATURAL SLATE HEART CHALKBOARD,12/1/2010,2,2.95,5.9,14594,United Kingdom,Sale
536538,21690,SILVER  CANDLEPOT JARDIN,12/1/2010,4,3.75,15,14594,United Kingdom,Sale
536538,22752,SET 7 BABUSHKA NESTING BOXES,12/1/2010,2,8.5,17,14594,United Kingdom,Sale
536538,37343,POLKADOT MUG PINK,12/1/2010,6,1.65,9.9,14594,United Kingdom,Sale
536538,22088,PAPER BUNTING COLOURED LACE,12/1/2010,1,2.95,2.95,14594,United Kingdom,Sale
536538,22195,LARGE HEART MEASURING SPOONS,12/1/2010,5,1.65,8.25,14594,United Kingdom,Sale
536538,22470,HEART OF WICKER LARGE,12/1/2010,2,2.95,5.9,14594,United Kingdom,Sale
536538,22469,HEART OF WICKER SMALL,12/1/2010,8,1.65,13.2,14594,United Kingdom,Sale
536538,22173,METAL 4 HOOK HANGER FRENCH CHATEAU,12/1/2010,2,2.95,5.9,14594,United Kingdom,Sale
536538,22584,PACK OF 6 PANNETONE GIFT BOXES,12/1/2010,2,2.55,5.1,14594,United Kingdom,Sale
536538,22583,PACK OF 6 HANDBAG GIFT BOXES,12/1/2010,2,2.55,5.1,14594,United Kingdom,Sale
536538,21143,ANTIQUE GLASS HEART DECORATION,12/1/2010,3,1.95,5.85,14594,United Kingdom,Sale
536538,84944,SET OF 6 KASHMIR FOLKART BAUBLES,12/1/2010,2,4.25,8.5,14594,United Kingdom,Sale
536538,22601,CHRISTMAS RETROSPOT ANGEL WOOD,12/1/2010,10,0.85,8.5,14594,United Kingdom,Sale
536538,22603,CHRISTMAS RETROSPOT TREE WOOD,12/1/2010,10,0.85,8.5,14594,United Kingdom,Sale
536538,22600,CHRISTMAS RETROSPOT STAR WOOD,12/1/2010,10,0.85,8.5,14594,United Kingdom,Sale
536538,22574,HEART WOODEN CHRISTMAS DECORATION,12/1/2010,10,0.85,8.5,14594,United Kingdom,Sale
536538,22573,STAR WOODEN CHRISTMAS DECORATION,12/1/2010,10,0.85,8.5,14594,United Kingdom,Sale
536538,85199L,LARGE HANGING IVORY & RED WOOD BIRD,12/1/2010,10,0.65,6.5,14594,United Kingdom,Sale
536538,85199S,SMALL HANGING IVORY/RED WOOD BIRD,12/1/2010,10,0.42,4.2,14594,United Kingdom,Sale
536539,22969,HOMEMADE JAM SCENTED CANDLES,12/1/2010,12,1.45,17.4,15165,United Kingdom,Sale
536539,72741,GRAND CHOCOLATECANDLE,12/1/2010,18,1.45,26.1,15165,United Kingdom,Sale
536539,37495,FAIRY CAKE BIRTHDAY CANDLE SET,12/1/2010,4,3.75,15,15165,United Kingdom,Sale
536539,22807,SET OF 6 T-LIGHTS TOADSTOOLS,12/1/2010,6,2.95,17.7,15165,United Kingdom,Sale
536539,22171,3 HOOK PHOTO SHELF ANTIQUE WHITE,12/1/2010,2,8.5,17,15165,United Kingdom,Sale
536539,82486,WOOD S/3 CABINET ANT WHITE FINISH,12/1/2010,2,7.95,15.9,15165,United Kingdom,Sale
536539,22173,METAL 4 HOOK HANGER FRENCH CHATEAU,12/1/2010,8,2.95,23.6,15165,United Kingdom,Sale
536539,85067,CREAM SWEETHEART WALL CABINET,12/1/2010,1,18.95,18.95,15165,United Kingdom,Sale
536539,48184,DOORMAT ENGLISH ROSE,12/1/2010,2,7.95,15.9,15165,United Kingdom,Sale
536539,48138,DOORMAT UNION FLAG,12/1/2010,2,7.95,15.9,15165,United Kingdom,Sale
536539,48129,DOORMAT TOPIARY,12/1/2010,2,7.95,15.9,15165,United Kingdom,Sale
536539,21625,VINTAGE UNION JACK APRON,12/1/2010,3,6.95,20.85,15165,United Kingdom,Sale
536539,22326,ROUND SNACK BOXES SET OF4 WOODLAND,12/1/2010,6,2.95,17.7,15165,United Kingdom,Sale
536539,22423,REGENCY CAKESTAND 3 TIER,12/1/2010,2,12.75,25.5,15165,United Kingdom,Sale
536539,21743,STAR PORTABLE TABLE LIGHT,12/1/2010,6,2.95,17.7,15165,United Kingdom,Sale
536539,22557,PLASTERS IN TIN VINTAGE PAISLEY,12/1/2010,12,1.65,19.8,15165,United Kingdom,Sale
536539,22554,PLASTERS IN TIN WOODLAND ANIMALS,12/1/2010,12,1.65,19.8,15165,United Kingdom,Sale
536539,85019A,ROMANTIC IMAGES NOTEBOOK SET,12/1/2010,4,4.25,17,15165,United Kingdom,Sale
536539,85019C,CURIOUS  IMAGES NOTEBOOK SET,12/1/2010,3,4.25,12.75,15165,United Kingdom,Sale
536539,20902,VINTAGE KEEPSAKE BOX PARIS DAYS,12/1/2010,2,6.35,12.7,15165,United Kingdom,Sale
536539,21429,RED GINGHAM ROSE JEWELLERY BOX,12/1/2010,8,1.65,13.2,15165,United Kingdom,Sale
536539,22867,HAND WARMER BIRD DESIGN,12/1/2010,12,2.1,25.2,15165,United Kingdom,Sale
536539,22632,HAND WARMER RED RETROSPOT,12/1/2010,12,2.1,25.2,15165,United Kingdom,Sale
536539,84030E,ENGLISH ROSE HOT WATER BOTTLE,12/1/2010,4,4.25,17,15165,United Kingdom,Sale
536539,22114,HOT WATER BOTTLE TEA AND SYMPATHY,12/1/2010,4,3.95,15.8,15165,United Kingdom,Sale
536539,21481,FAWN BLUE HOT WATER BOTTLE,12/1/2010,6,2.95,17.7,15165,United Kingdom,Sale
536539,22379,RECYCLING BAG RETROSPOT,12/1/2010,5,2.1,10.5,15165,United Kingdom,Sale
536540,22968,ROSE COTTAGE KEEPSAKE BOX,12/1/2010,4,9.95,39.8,14911,EIRE,Sale
536540,85071A,BLUE CHARLIE+LOLA PERSONAL DOORSIGN,12/1/2010,6,2.95,17.7,14911,EIRE,Sale
536540,85071C,"CHARLIE+LOLA""EXTREMELY BUSY"" SIGN",12/1/2010,6,2.55,15.3,14911,EIRE,Sale
536540,22355,CHARLOTTE BAG SUKI DESIGN,12/1/2010,50,0.85,42.5,14911,EIRE,Sale
536540,21579,LOLITA  DESIGN  COTTON TOTE BAG,12/1/2010,6,2.25,13.5,14911,EIRE,Sale
536540,21576,LETS GO SHOPPING COTTON TOTE BAG,12/1/2010,6,2.25,13.5,14911,EIRE,Sale
536540,22147,FELTCRAFT BUTTERFLY HEARTS,12/1/2010,12,1.45,17.4,14911,EIRE,Sale
536540,22150,3 STRIPEY MICE FELTCRAFT,12/1/2010,12,1.95,23.4,14911,EIRE,Sale
536540,22492,MINI PAINT SET VINTAGE,12/1/2010,36,0.65,23.4,14911,EIRE,Sale
536540,22493,PAINT YOUR OWN CANVAS SET,12/1/2010,24,1.65,39.6,14911,EIRE,Sale
536540,21833,CAMOUFLAGE LED TORCH,12/1/2010,12,1.69,20.28,14911,EIRE,Sale
536540,85135B,BLUE DRAGONFLY HELICOPTER,12/1/2010,2,7.95,15.9,14911,EIRE,Sale
536540,85136A,YELLOW SHARK HELICOPTER,12/1/2010,2,7.95,15.9,14911,EIRE,Sale
536540,85136C,RED SHARK HELICOPTER,12/1/2010,2,7.95,15.9,14911,EIRE,Sale
536540,21055,TOOL BOX SOFT TOY,12/1/2010,4,8.95,35.8,14911,EIRE,Sale
536540,21056,DOCTOR'S BAG SOFT TOY,12/1/2010,4,8.95,35.8,14911,EIRE,Sale
536540,21889,WOODEN BOX OF DOMINOES,12/1/2010,24,1.25,30,14911,EIRE,Sale
536540,21891,TRADITIONAL WOODEN SKIPPING ROPE,12/1/2010,12,1.25,15,14911,EIRE,Sale
536540,22622,BOX OF VINTAGE ALPHABET BLOCKS,12/1/2010,6,9.95,59.7,14911,EIRE,Sale
536541,21915,RED  HARMONICA IN BOX,12/1/2010,12,1.25,15,14911,EIRE,Sale
536542,22382,LUNCH BAG SPACEBOY DESIGN,12/1/2010,10,1.65,16.5,16456,United Kingdom,Sale
536542,20727,LUNCH BAG  BLACK SKULL,12/1/2010,10,1.65,16.5,16456,United Kingdom,Sale
536542,22383,LUNCH BAG SUKI DESIGN,12/1/2010,20,1.65,33,16456,United Kingdom,Sale
536542,22386,JUMBO BAG PINK POLKADOT,12/1/2010,30,1.95,58.5,16456,United Kingdom,Sale
536542,85099B,JUMBO BAG RED RETROSPOT,12/1/2010,40,1.95,78,16456,United Kingdom,Sale
536542,22379,RECYCLING BAG RETROSPOT,12/1/2010,20,2.1,42,16456,United Kingdom,Sale
536542,20712,JUMBO BAG WOODLAND ANIMALS,12/1/2010,20,1.95,39,16456,United Kingdom,Sale
536542,85099F,JUMBO BAG STRAWBERRY,12/1/2010,30,1.95,58.5,16456,United Kingdom,Sale
536542,85099C,JUMBO  BAG BAROQUE BLACK WHITE,12/1/2010,20,1.95,39,16456,United Kingdom,Sale
536542,21930,JUMBO STORAGE BAG SKULLS,12/1/2010,20,1.95,39,16456,United Kingdom,Sale
536542,21928,JUMBO BAG SCANDINAVIAN BLUE PAISLEY,12/1/2010,20,1.95,39,16456,United Kingdom,Sale
536542,22411,JUMBO SHOPPER VINTAGE RED PAISLEY,12/1/2010,30,1.95,58.5,16456,United Kingdom,Sale
536542,21931,JUMBO STORAGE BAG SUKI,12/1/2010,40,1.95,78,16456,United Kingdom,Sale
536542,20711,JUMBO BAG TOYS,12/1/2010,20,1.95,39,16456,United Kingdom,Sale
536542,20713,JUMBO BAG OWLS,12/1/2010,30,1.95,58.5,16456,United Kingdom,Sale
536542,85123A,WHITE HANGING HEART T-LIGHT HOLDER,12/1/2010,32,2.95,94.4,16456,United Kingdom,Sale
C536543,22632,HAND WARMER RED RETROSPOT,12/1/2010,-1,2.1,-2.1,17841,United Kingdom,Return
C536543,22355,CHARLOTTE BAG SUKI DESIGN,12/1/2010,-2,0.85,-1.7,17841,United Kingdom,Return
536544,21773,DECORATIVE ROSE BATHROOM BOTTLE,12/1/2010,1,2.51,2.51,,United Kingdom,Sale
536544,21774,DECORATIVE CATS BATHROOM BOTTLE,12/1/2010,2,2.51,5.02,,United Kingdom,Sale
536544,21786,POLKADOT RAIN HAT,12/1/2010,4,0.85,3.4,,United Kingdom,Sale
536544,21787,RAIN PONCHO RETROSPOT,12/1/2010,2,1.66,3.32,,United Kingdom,Sale
536544,21790,VINTAGE SNAP CARDS,12/1/2010,9,1.66,14.94,,United Kingdom,Sale
536544,21791,VINTAGE HEADS AND TAILS CARD GAME,12/1/2010,2,2.51,5.02,,United Kingdom,Sale
536544,21801,CHRISTMAS TREE DECORATION WITH BELL,12/1/2010,10,0.43,4.3,,United Kingdom,Sale
536544,21802,CHRISTMAS TREE HEART DECORATION,12/1/2010,9,0.43,3.87,,United Kingdom,Sale
536544,21803,CHRISTMAS TREE STAR DECORATION,12/1/2010,11,0.43,4.73,,United Kingdom,Sale
536544,21809,CHRISTMAS HANGING TREE WITH BELL,12/1/2010,1,2.51,2.51,,United Kingdom,Sale
536544,21810,CHRISTMAS HANGING STAR WITH BELL,12/1/2010,3,2.51,7.53,,United Kingdom,Sale
536544,21811,HANGING HEART WITH BELL,12/1/2010,1,2.51,2.51,,United Kingdom,Sale
536544,21821,GLITTER STAR GARLAND WITH BELLS,12/1/2010,1,7.62,7.62,,United Kingdom,Sale
536544,21822,GLITTER CHRISTMAS TREE WITH BELLS,12/1/2010,1,4.21,4.21,,United Kingdom,Sale
536544,21823,PAINTED METAL HEART WITH HOLLY BELL,12/1/2010,2,2.98,5.96,,United Kingdom,Sale
536544,21844,RED RETROSPOT MUG,12/1/2010,2,5.91,11.82,,United Kingdom,Sale
536544,21851,LILAC DIAMANTE PEN IN GIFT BOX,12/1/2010,1,4.21,4.21,,United Kingdom,Sale
536544,21870,I CAN ONLY PLEASE ONE PERSON MUG,12/1/2010,1,3.36,3.36,,United Kingdom,Sale
536544,21871,SAVE THE PLANET MUG,12/1/2010,5,3.36,16.8,,United Kingdom,Sale
536544,21874,GIN AND TONIC MUG,12/1/2010,1,3.36,3.36,,United Kingdom,Sale
536544,21879,HEARTS GIFT TAPE,12/1/2010,1,1.66,1.66,,United Kingdom,Sale
536544,21884,CAKES AND BOWS GIFT  TAPE,12/1/2010,1,1.66,1.66,,United Kingdom,Sale
536544,21888,BINGO SET,12/1/2010,1,7.62,7.62,,United Kingdom,Sale
536544,21889,WOODEN BOX OF DOMINOES,12/1/2010,2,2.51,5.02,,United Kingdom,Sale
536544,21892,TRADITIONAL WOODEN CATCH CUP GAME,12/1/2010,3,2.51,7.53,,United Kingdom,Sale
536544,21894,POTTING SHED SEED ENVELOPES,12/1/2010,1,2.51,2.51,,United Kingdom,Sale
536544,21911,GARDEN METAL SIGN,12/1/2010,1,3.36,3.36,,United Kingdom,Sale
536544,21912,VINTAGE SNAKES & LADDERS,12/1/2010,3,7.62,22.86,,United Kingdom,Sale
536544,21913,VINTAGE SEASIDE JIGSAW PUZZLES,12/1/2010,1,7.62,7.62,,United Kingdom,Sale
536544,21914,BLUE HARMONICA IN BOX,12/1/2010,3,2.51,7.53,,United Kingdom,Sale
536544,21915,RED  HARMONICA IN BOX,12/1/2010,2,2.51,5.02,,United Kingdom,Sale
536544,21922,UNION STRIPE WITH FRINGE  HAMMOCK,12/1/2010,2,16.98,33.96,,United Kingdom,Sale
536544,21928,JUMBO BAG SCANDINAVIAN BLUE PAISLEY,12/1/2010,1,4.21,4.21,,United Kingdom,Sale
536544,21935,SUKI  SHOULDER BAG,12/1/2010,1,3.36,3.36,,United Kingdom,Sale
536544,21942,SKULLS DESIGN FLANNEL,12/1/2010,2,1.66,3.32,,United Kingdom,Sale
536544,21944,KITTENS DESIGN FLANNEL,12/1/2010,1,1.66,1.66,,United Kingdom,Sale
536544,21949,SET OF 6 STRAWBERRY CHOPSTICKS,12/1/2010,1,2.51,2.51,,United Kingdom,Sale
536544,21975,PACK OF 60 DINOSAUR CAKE CASES,12/1/2010,1,1.28,1.28,,United Kingdom,Sale
536544,21977,PACK OF 60 PINK PAISLEY CAKE CASES,12/1/2010,1,1.28,1.28,,United Kingdom,Sale
536544,21982,PACK OF 12 SUKI TISSUES,12/1/2010,1,0.85,0.85,,United Kingdom,Sale
536544,21990,MODERN FLORAL STATIONERY SET,12/1/2010,2,2.51,5.02,,United Kingdom,Sale
536544,21991,BOHEMIAN COLLAGE STATIONERY SET,12/1/2010,1,2.51,2.51,,United Kingdom,Sale
536544,21992,VINTAGE PAISLEY STATIONERY SET,12/1/2010,6,2.51,15.06,,United Kingdom,Sale
536544,21993,FLORAL FOLK STATIONERY SET,12/1/2010,4,2.51,10.04,,United Kingdom,Sale
536544,22037,ROBOT BIRTHDAY CARD,12/1/2010,1,0.85,0.85,,United Kingdom,Sale
536544,22043,CHRISTMAS CARD SCREEN PRINT,12/1/2010,1,0.43,0.43,,United Kingdom,Sale
536544,22064,PINK DOUGHNUT TRINKET POT,12/1/2010,1,3.36,3.36,,United Kingdom,Sale
536544,22065,CHRISTMAS PUDDING TRINKET POT,12/1/2010,1,3.36,3.36,,United Kingdom,Sale
536544,22067,CHOC TRUFFLE GOLD TRINKET POT,12/1/2010,1,3.36,3.36,,United Kingdom,Sale
536544,22068,BLACK PIRATE TREASURE CHEST,12/1/2010,1,3.36,3.36,,United Kingdom,Sale
536544,22069,BROWN  PIRATE TREASURE CHEST,12/1/2010,1,3.36,3.36,,United Kingdom,Sale
536544,22071,SMALL WHITE RETROSPOT MUG IN BOX,12/1/2010,1,7.62,7.62,,United Kingdom,Sale
536544,22075,6 RIBBONS ELEGANT CHRISTMAS,12/1/2010,1,3.36,3.36,,United Kingdom,Sale
536544,22076,6 RIBBONS EMPIRE,12/1/2010,1,3.36,3.36,,United Kingdom,Sale
536544,22077,6 RIBBONS RUSTIC CHARM,12/1/2010,3,3.36,10.08,,United Kingdom,Sale
536544,22080,RIBBON REEL POLKADOTS,12/1/2010,1,3.36,3.36,,United Kingdom,Sale
536544,22081,RIBBON REEL FLORA + FAUNA,12/1/2010,1,3.36,3.36,,United Kingdom,Sale
536544,22082,RIBBON REEL STRIPES DESIGN,12/1/2010,1,3.36,3.36,,United Kingdom,Sale
536544,22083,PAPER CHAIN KIT RETROSPOT,12/1/2010,4,5.91,23.64,,United Kingdom,Sale
536544,22086,PAPER CHAIN KIT 50'S CHRISTMAS,12/1/2010,33,5.91,195.03,,United Kingdom,Sale
536544,22087,PAPER BUNTING WHITE LACE,12/1/2010,2,5.91,11.82,,United Kingdom,Sale
536544,22090,PAPER BUNTING RETROSPOT,12/1/2010,1,5.91,5.91,,United Kingdom,Sale
536544,22095,LADS ONLY TISSUE BOX,12/1/2010,2,2.51,5.02,,United Kingdom,Sale
536544,22100,SKULLS SQUARE TISSUE BOX,12/1/2010,1,2.51,2.51,,United Kingdom,Sale
536544,22107,PIZZA PLATE IN BOX,12/1/2010,1,7.62,7.62,,United Kingdom,Sale
536544,22110,BIRD HOUSE HOT WATER BOTTLE,12/1/2010,2,7.62,15.24,,United Kingdom,Sale
536544,22111,SCOTTIE DOG HOT WATER BOTTLE,12/1/2010,2,11.02,22.04,,United Kingdom,Sale
536544,22112,CHOCOLATE HOT WATER BOTTLE,12/1/2010,2,11.02,22.04,,United Kingdom,Sale
536544,22114,HOT WATER BOTTLE TEA AND SYMPATHY,12/1/2010,3,8.47,25.41,,United Kingdom,Sale
536544,22115,METAL SIGN EMPIRE TEA,12/1/2010,2,5.91,11.82,,United Kingdom,Sale
536544,22130,PARTY CONE CHRISTMAS DECORATION,12/1/2010,2,8.47,16.94,,United Kingdom,Sale
536544,22134,MINI LADLE LOVE HEART RED,12/1/2010,1,0.85,0.85,,United Kingdom,Sale
536544,22135,MINI LADLE LOVE HEART PINK,12/1/2010,5,0.85,4.25,,United Kingdom,Sale
536544,22141,CHRISTMAS CRAFT TREE TOP ANGEL,12/1/2010,4,4.21,16.84,,United Kingdom,Sale
536544,22144,CHRISTMAS CRAFT LITTLE FRIENDS,12/1/2010,4,4.21,16.84,,United Kingdom,Sale
536544,22149,FELTCRAFT 6 FLOWER FRIENDS,12/1/2010,1,4.21,4.21,,United Kingdom,Sale
536544,22153,ANGEL DECORATION STARS ON DRESS,12/1/2010,1,0.85,0.85,,United Kingdom,Sale
536544,22154,ANGEL DECORATION 3 BUTTONS,12/1/2010,1,0.85,0.85,,United Kingdom,Sale
536544,22155,STAR DECORATION RUSTIC,12/1/2010,3,0.85,2.55,,United Kingdom,Sale
536544,22156,HEART DECORATION WITH PEARLS,12/1/2010,3,1.66,4.98,,United Kingdom,Sale
536544,22161,HEART DECORATION RUSTIC HANGING,12/1/2010,10,0.81,8.1,,United Kingdom,Sale
536544,22162,HEART GARLAND RUSTIC PADDED,12/1/2010,2,3.36,6.72,,United Kingdom,Sale
536544,22169,FAMILY ALBUM WHITE PICTURE FRAME,12/1/2010,1,16.98,16.98,,United Kingdom,Sale
536544,22174,PHOTO CUBE,12/1/2010,2,3.36,6.72,,United Kingdom,Sale
536544,22178,VICTORIAN GLASS HANGING T-LIGHT,12/1/2010,13,2.51,32.63,,United Kingdom,Sale
536544,22182,CAKE STAND VICTORIAN FILIGREE SMALL,12/1/2010,1,4.21,4.21,,United Kingdom,Sale
536544,22185,SLATE TILE NATURAL HANGING,12/1/2010,1,3.36,3.36,,United Kingdom,Sale
536544,22189,CREAM HEART CARD HOLDER,12/1/2010,1,8.47,8.47,,United Kingdom,Sale
536544,22190,LOCAL CAFE MUG,12/1/2010,3,2.51,7.53,,United Kingdom,Sale
536544,22195,LARGE HEART MEASURING SPOONS,12/1/2010,1,3.36,3.36,,United Kingdom,Sale
536544,22196,SMALL HEART MEASURING SPOONS,12/1/2010,2,1.66,3.32,,United Kingdom,Sale
536544,22197,POPCORN HOLDER,12/1/2010,2,1.66,3.32,,United Kingdom,Sale
536544,22198,LARGE POPCORN HOLDER,12/1/2010,4,3.36,13.44,,United Kingdom,Sale
536544,22203,MILK PAN RED RETROSPOT,12/1/2010,1,7.62,7.62,,United Kingdom,Sale
536544,22207,FRYING PAN UNION FLAG,12/1/2010,1,8.47,8.47,,United Kingdom,Sale
536544,22219,LOVEBIRD HANGING DECORATION WHITE,12/1/2010,3,1.66,4.98,,United Kingdom,Sale
536544,22224,WHITE LOVEBIRD LANTERN,12/1/2010,1,5.91,5.91,,United Kingdom,Sale
536544,22265,EASTER DECORATION NATURAL CHICK,12/1/2010,2,1.28,2.56,,United Kingdom,Sale
536544,22276,WASH BAG VINTAGE ROSE PAISLEY,12/1/2010,1,5.91,5.91,,United Kingdom,Sale
536544,22294,HEART FILIGREE DOVE  SMALL,12/1/2010,4,2.51,10.04,,United Kingdom,Sale
536544,22296,HEART IVORY TRELLIS LARGE,12/1/2010,1,3.36,3.36,,United Kingdom,Sale
536544,22297,HEART IVORY TRELLIS SMALL,12/1/2010,1,2.51,2.51,,United Kingdom,Sale
536544,22299,PIG KEYRING WITH LIGHT & SOUND,12/1/2010,1,2.51,2.51,,United Kingdom,Sale
536544,22300,COFFEE MUG DOG + BALL DESIGN,12/1/2010,1,5.06,5.06,,United Kingdom,Sale
536544,22301,COFFEE MUG CAT + BIRD DESIGN,12/1/2010,2,5.06,10.12,,United Kingdom,Sale
536544,22309,TEA COSY RED  STRIPE,12/1/2010,1,5.06,5.06,,United Kingdom,Sale
536544,22310,IVORY KNITTED MUG COSY,12/1/2010,9,3.36,30.24,,United Kingdom,Sale
536544,22314,OFFICE MUG WARMER CHOC+BLUE,12/1/2010,1,5.91,5.91,,United Kingdom,Sale
536544,22318,FIVE HEART HANGING DECORATION,12/1/2010,1,5.91,5.91,,United Kingdom,Sale
536544,22335,HEART DECORATION PAINTED ZINC,12/1/2010,4,1.28,5.12,,United Kingdom,Sale
536544,22336,DOVE DECORATION PAINTED ZINC,12/1/2010,4,1.28,5.12,,United Kingdom,Sale
536544,22345,PARTY PIZZA DISH BLUE POLKADOT,12/1/2010,1,1.66,1.66,,United Kingdom,Sale
536544,22348,TEA BAG PLATE RED RETROSPOT,12/1/2010,3,1.66,4.98,,United Kingdom,Sale
536544,22355,CHARLOTTE BAG SUKI DESIGN,12/1/2010,3,1.66,4.98,,United Kingdom,Sale
536544,22356,CHARLOTTE BAG PINK POLKADOT,12/1/2010,9,1.66,14.94,,United Kingdom,Sale
536544,22357,KINGS CHOICE BISCUIT TIN,12/1/2010,1,8.47,8.47,,United Kingdom,Sale
536544,22359,GLASS JAR KINGS CHOICE,12/1/2010,2,5.91,11.82,,United Kingdom,Sale
536544,22360,GLASS JAR ENGLISH CONFECTIONERY,12/1/2010,2,5.91,11.82,,United Kingdom,Sale
536544,22361,GLASS JAR DAISY FRESH COTTON WOOL,12/1/2010,2,5.91,11.82,,United Kingdom,Sale
536544,22367,CHILDRENS APRON SPACEBOY DESIGN,12/1/2010,1,4.21,4.21,,United Kingdom,Sale
536544,22371,AIRLINE BAG VINTAGE TOKYO 78,12/1/2010,1,8.47,8.47,,United Kingdom,Sale
536544,22375,AIRLINE BAG VINTAGE JET SET BROWN,12/1/2010,2,8.47,16.94,,United Kingdom,Sale
536544,22376,AIRLINE BAG VINTAGE JET SET WHITE,12/1/2010,1,8.47,8.47,,United Kingdom,Sale
536544,22378,WALL TIDY RETROSPOT,12/1/2010,2,4.21,8.42,,United Kingdom,Sale
536544,22379,RECYCLING BAG RETROSPOT,12/1/2010,2,4.21,8.42,,United Kingdom,Sale
536544,22380,TOY TIDY SPACEBOY,12/1/2010,1,4.21,4.21,,United Kingdom,Sale
536544,22383,LUNCH BAG SUKI DESIGN,12/1/2010,1,4.21,4.21,,United Kingdom,Sale
536544,22384,LUNCH BAG PINK POLKADOT,12/1/2010,2,4.21,8.42,,United Kingdom,Sale
536544,22394,PAPERWEIGHT KINGS CHOICE,12/1/2010,1,5.06,5.06,,United Kingdom,Sale
536544,22396,MAGNETS PACK OF 4 RETRO PHOTO,12/1/2010,1,2.51,2.51,,United Kingdom,Sale
536544,22418,10 COLOUR SPACEBOY PEN,12/1/2010,1,1.66,1.66,,United Kingdom,Sale
536544,22419,LIPSTICK PEN RED,12/1/2010,4,0.85,3.4,,United Kingdom,Sale
536544,22422,TOOTHPASTE TUBE PEN,12/1/2010,2,1.28,2.56,,United Kingdom,Sale
536544,22423,REGENCY CAKESTAND 3 TIER,12/1/2010,40,12.72,508.8,,United Kingdom,Sale
536544,22430,ENAMEL WATERING CAN CREAM,12/1/2010,1,10.17,10.17,,United Kingdom,Sale
536544,22432,WATERING CAN PINK BUNNY,12/1/2010,1,4.21,4.21,,United Kingdom,Sale
536544,22437,SET OF 9 BLACK SKULL BALLOONS,12/1/2010,1,1.66,1.66,,United Kingdom,Sale
536544,22444,GROW YOUR OWN PLANT IN A CAN,12/1/2010,1,2.51,2.51,,United Kingdom,Sale
536544,22451,SILK PURSE BABUSHKA RED,12/1/2010,2,6.77,13.54,,United Kingdom,Sale
536544,22457,NATURAL SLATE HEART CHALKBOARD,12/1/2010,6,5.91,35.46,,United Kingdom,Sale
536544,22469,HEART OF WICKER SMALL,12/1/2010,8,3.36,26.88,,United Kingdom,Sale
536544,22470,HEART OF WICKER LARGE,12/1/2010,1,5.91,5.91,,United Kingdom,Sale
536544,22471,TV DINNER TRAY AIR HOSTESS,12/1/2010,1,11.02,11.02,,United Kingdom,Sale
536544,22476,EMPIRE UNION JACK TV DINNER TRAY,12/1/2010,1,11.02,11.02,,United Kingdom,Sale
536544,22477,WATERING CAN GARDEN MARKER,12/1/2010,2,2.51,5.02,,United Kingdom,Sale
536544,22478,BIRDHOUSE GARDEN MARKER,12/1/2010,1,2.51,2.51,,United Kingdom,Sale
536544,22479,DAISY GARDEN MARKER,12/1/2010,1,2.51,2.51,,United Kingdom,Sale
536544,22487,WHITE WOOD GARDEN PLANT LADDER,12/1/2010,1,20.38,20.38,,United Kingdom,Sale
536544,22489,PACK OF 12 TRADITIONAL CRAYONS,12/1/2010,1,0.85,0.85,,United Kingdom,Sale
536544,22494,EMERGENCY FIRST AID TIN,12/1/2010,2,2.51,5.02,,United Kingdom,Sale
536544,22497,SET OF 2 TINS VINTAGE BATHROOM,12/1/2010,2,8.47,16.94,,United Kingdom,Sale
536544,22515,CHILDS GARDEN SPADE PINK,12/1/2010,1,4.21,4.21,,United Kingdom,Sale
536544,22517,CHILDS GARDEN RAKE PINK,12/1/2010,1,4.21,4.21,,United Kingdom,Sale
536544,22519,CHILDS GARDEN BRUSH PINK,12/1/2010,1,4.21,4.21,,United Kingdom,Sale
536544,22530,MAGIC DRAWING SLATE DOLLY GIRL,12/1/2010,5,0.85,4.25,,United Kingdom,Sale
536544,22531,MAGIC DRAWING SLATE CIRCUS PARADE,12/1/2010,8,0.85,6.8,,United Kingdom,Sale
536544,22539,MINI JIGSAW DOLLY GIRL,12/1/2010,4,0.85,3.4,,United Kingdom,Sale
536544,22540,MINI JIGSAW CIRCUS PARADE,12/1/2010,1,0.85,0.85,,United Kingdom,Sale
536544,22545,MINI JIGSAW BUNNIES,12/1/2010,1,0.85,0.85,,United Kingdom,Sale
536544,22548,HEADS AND TAILS SPORTING FUN,12/1/2010,1,2.51,2.51,,United Kingdom,Sale
536544,22549,PICTURE DOMINOES,12/1/2010,1,3.36,3.36,,United Kingdom,Sale
536544,22550,HOLIDAY FUN LUDO,12/1/2010,2,7.62,15.24,,United Kingdom,Sale
536544,22553,PLASTERS IN TIN SKULLS,12/1/2010,1,3.36,3.36,,United Kingdom,Sale
536544,22555,PLASTERS IN TIN STRONGMAN,12/1/2010,1,3.36,3.36,,United Kingdom,Sale
536544,22558,CLOTHES PEGS RETROSPOT PACK 24,12/1/2010,4,2.51,10.04,,United Kingdom,Sale
536544,22560,TRADITIONAL MODELLING CLAY,12/1/2010,1,2.51,2.51,,United Kingdom,Sale
536544,22569,FELTCRAFT CUSHION BUTTERFLY,12/1/2010,1,7.62,7.62,,United Kingdom,Sale
536544,22571,ROCKING HORSE RED CHRISTMAS,12/1/2010,1,1.66,1.66,,United Kingdom,Sale
536544,22573,STAR WOODEN CHRISTMAS DECORATION,12/1/2010,5,1.66,8.3,,United Kingdom,Sale
536544,22574,HEART WOODEN CHRISTMAS DECORATION,12/1/2010,1,1.66,1.66,,United Kingdom,Sale
536544,22580,ADVENT CALENDAR GINGHAM SACK,12/1/2010,1,11.87,11.87,,United Kingdom,Sale
536544,22582,PACK OF 6 SWEETIE GIFT BOXES,12/1/2010,1,5.06,5.06,,United Kingdom,Sale
536544,22583,PACK OF 6 HANDBAG GIFT BOXES,12/1/2010,1,5.06,5.06,,United Kingdom,Sale
536544,22588,CARD HOLDER GINGHAM HEART,12/1/2010,3,5.06,15.18,,United Kingdom,Sale
536544,22589,CARDHOLDER GINGHAM STAR,12/1/2010,1,5.06,5.06,,United Kingdom,Sale
536544,22595,GINGHAM HEART DECORATION,12/1/2010,1,1.66,1.66,,United Kingdom,Sale
536544,22600,CHRISTMAS RETROSPOT STAR WOOD,12/1/2010,1,1.66,1.66,,United Kingdom,Sale
536544,22601,CHRISTMAS RETROSPOT ANGEL WOOD,12/1/2010,2,1.66,3.32,,United Kingdom,Sale
536544,22603,CHRISTMAS RETROSPOT TREE WOOD,12/1/2010,4,1.66,6.64,,United Kingdom,Sale
536544,22605,WOODEN CROQUET GARDEN SET,12/1/2010,1,25.49,25.49,,United Kingdom,Sale
536544,22614,PACK OF 12 SPACEBOY TISSUES,12/1/2010,1,0.85,0.85,,United Kingdom,Sale
536544,22616,PACK OF 12 LONDON TISSUES,12/1/2010,3,0.85,2.55,,United Kingdom,Sale
536544,22620,4 TRADITIONAL SPINNING TOPS,12/1/2010,7,2.51,17.57,,United Kingdom,Sale
536544,22625,RED KITCHEN SCALES,12/1/2010,2,16.98,33.96,,United Kingdom,Sale
536544,22629,SPACEBOY LUNCH BOX,12/1/2010,1,4.21,4.21,,United Kingdom,Sale
536544,22632,HAND WARMER RED RETROSPOT,12/1/2010,1,4.21,4.21,,United Kingdom,Sale
536544,22635,CHILDS BREAKFAST SET DOLLY GIRL,12/1/2010,1,20.38,20.38,,United Kingdom,Sale
536544,22639,SET OF 4 NAPKIN CHARMS HEARTS,12/1/2010,1,5.06,5.06,,United Kingdom,Sale
536544,22644,CERAMIC CHERRY CAKE MONEY BANK,12/1/2010,1,3.36,3.36,,United Kingdom,Sale
536544,22645,CERAMIC HEART FAIRY CAKE MONEY BANK,12/1/2010,1,3.36,3.36,,United Kingdom,Sale
536544,22646,CERAMIC STRAWBERRY CAKE MONEY BANK,12/1/2010,1,3.36,3.36,,United Kingdom,Sale
536544,22651,GENTLEMAN SHIRT REPAIR KIT,12/1/2010,3,1.66,4.98,,United Kingdom,Sale
536544,22654,DELUXE SEWING KIT,12/1/2010,1,11.87,11.87,,United Kingdom,Sale
536544,22662,LUNCH BAG DOLLY GIRL DESIGN,12/1/2010,2,4.21,8.42,,United Kingdom,Sale
536544,22664,TOY TIDY DOLLY GIRL DESIGN,12/1/2010,4,4.21,16.84,,United Kingdom,Sale
536544,22665,RECIPE BOX BLUE SKETCHBOOK DESIGN,12/1/2010,1,5.91,5.91,,United Kingdom,Sale
536544,22666,RECIPE BOX PANTRY YELLOW DESIGN,12/1/2010,2,5.91,11.82,,United Kingdom,Sale
536544,22669,RED BABY BUNTING,12/1/2010,1,5.91,5.91,,United Kingdom,Sale
536544,22675,FRENCH KITCHEN SIGN BLUE METAL,12/1/2010,2,2.51,5.02,,United Kingdom,Sale
536544,22694,WICKER STAR,12/1/2010,4,4.21,16.84,,United Kingdom,Sale
536544,22695,WICKER WREATH SMALL,12/1/2010,2,3.36,6.72,,United Kingdom,Sale
536544,22697,GREEN REGENCY TEACUP AND SAUCER,12/1/2010,6,5.91,35.46,,United Kingdom,Sale
536544,22699,ROSES REGENCY TEACUP AND SAUCER,12/1/2010,2,5.91,11.82,,United Kingdom,Sale
536544,22719,GUMBALL MONOCHROME COAT RACK,12/1/2010,1,2.51,2.51,,United Kingdom,Sale
536544,22727,ALARM CLOCK BAKELIKE RED,12/1/2010,2,7.62,15.24,,United Kingdom,Sale
536544,22728,ALARM CLOCK BAKELIKE PINK,12/1/2010,1,7.62,7.62,,United Kingdom,Sale
536544,22729,ALARM CLOCK BAKELIKE ORANGE,12/1/2010,2,7.62,15.24,,United Kingdom,Sale
536544,22730,ALARM CLOCK BAKELIKE IVORY,12/1/2010,1,7.62,7.62,,United Kingdom,Sale
536544,22734,SET OF 6 RIBBONS VINTAGE CHRISTMAS,12/1/2010,3,5.06,15.18,,United Kingdom,Sale
536544,22737,RIBBON REEL CHRISTMAS PRESENT,12/1/2010,1,3.36,3.36,,United Kingdom,Sale
536544,22738,RIBBON REEL SNOWY VILLAGE,12/1/2010,3,3.36,10.08,,United Kingdom,Sale
536544,22739,RIBBON REEL CHRISTMAS SOCK BAUBLE,12/1/2010,1,3.36,3.36,,United Kingdom,Sale
536544,22740,POLKADOT PEN,12/1/2010,13,1.66,21.58,,United Kingdom,Sale
536544,22741,FUNKY DIVA PEN,12/1/2010,8,1.66,13.28,,United Kingdom,Sale
536544,22744,MAKE YOUR OWN MONSOON CARD KIT,12/1/2010,1,5.91,5.91,,United Kingdom,Sale
536544,22745,POPPY'S PLAYHOUSE BEDROOM,12/1/2010,1,4.21,4.21,,United Kingdom,Sale
536544,22748,POPPY'S PLAYHOUSE KITCHEN,12/1/2010,1,4.21,4.21,,United Kingdom,Sale
536544,22755,SMALL PURPLE BABUSHKA NOTEBOOK,12/1/2010,3,1.66,4.98,,United Kingdom,Sale
536544,22757,LARGE RED BABUSHKA NOTEBOOK,12/1/2010,3,2.51,7.53,,United Kingdom,Sale
536544,22758,LARGE PURPLE BABUSHKA NOTEBOOK,12/1/2010,2,2.51,5.02,,United Kingdom,Sale
536544,22759,SET OF 3 NOTEBOOKS IN PARCEL,12/1/2010,3,3.36,10.08,,United Kingdom,Sale
536544,22760,"TRAY, BREAKFAST IN BED",12/1/2010,1,25.49,25.49,,United Kingdom,Sale
536544,22769,CHALKBOARD KITCHEN ORGANISER,12/1/2010,1,51.02,51.02,,United Kingdom,Sale
536544,22791,T-LIGHT GLASS FLUTED ANTIQUE,12/1/2010,3,2.51,7.53,,United Kingdom,Sale
536544,22792,FLUTED ANTIQUE CANDLE HOLDER,12/1/2010,2,1.66,3.32,,United Kingdom,Sale
536544,22798,ANTIQUE GLASS DRESSING TABLE POT,12/1/2010,2,5.91,11.82,,United Kingdom,Sale
536544,22812,PACK 3 BOXES CHRISTMAS PANNETONE,12/1/2010,2,4.21,8.42,,United Kingdom,Sale
536544,22813,PACK 3 BOXES BIRD PANNETONE,12/1/2010,1,4.21,4.21,,United Kingdom,Sale
536544,22816,CARD MOTORBIKE SANTA,12/1/2010,4,0.85,3.4,,United Kingdom,Sale
536544,22818,CARD CHRISTMAS VILLAGE,12/1/2010,6,0.85,5.1,,United Kingdom,Sale
536544,22822,CREAM WALL PLANTER HEART SHAPED,12/1/2010,1,12.72,12.72,,United Kingdom,Sale
536544,22835,HOT WATER BOTTLE I AM SO POORLY,12/1/2010,4,9.32,37.28,,United Kingdom,Sale
536544,22837,HOT WATER BOTTLE BABUSHKA,12/1/2010,1,9.32,9.32,,United Kingdom,Sale
536544,22844,VINTAGE CREAM DOG FOOD CONTAINER,12/1/2010,1,16.98,16.98,,United Kingdom,Sale
536544,22847,BREAD BIN DINER STYLE IVORY,12/1/2010,1,34,34,,United Kingdom,Sale
536544,22862,LOVE HEART NAPKIN BOX,12/1/2010,1,8.47,8.47,,United Kingdom,Sale
536544,22865,HAND WARMER OWL DESIGN,12/1/2010,1,4.21,4.21,,United Kingdom,Sale
536544,22866,HAND WARMER SCOTTY DOG DESIGN,12/1/2010,4,4.21,16.84,,United Kingdom,Sale
536544,22867,HAND WARMER BIRD DESIGN,12/1/2010,4,4.21,16.84,,United Kingdom,Sale
536544,22876,NUMBER TILE COTTAGE GARDEN 8,12/1/2010,1,4.21,4.21,,United Kingdom,Sale
536544,22899,CHILDREN'S APRON DOLLY GIRL,12/1/2010,2,4.21,8.42,,United Kingdom,Sale
536544,22900,SET 2 TEA TOWELS I LOVE LONDON,12/1/2010,1,5.91,5.91,,United Kingdom,Sale
536544,22906,12 MESSAGE CARDS WITH ENVELOPES,12/1/2010,2,3.36,6.72,,United Kingdom,Sale
536544,22909,SET OF 20 VINTAGE CHRISTMAS NAPKINS,12/1/2010,3,1.66,4.98,,United Kingdom,Sale
536544,22910,PAPER CHAIN KIT VINTAGE CHRISTMAS,12/1/2010,4,5.91,23.64,,United Kingdom,Sale
536544,22916,HERB MARKER THYME,12/1/2010,1,1.66,1.66,,United Kingdom,Sale
536544,22917,HERB MARKER ROSEMARY,12/1/2010,1,1.66,1.66,,United Kingdom,Sale
536544,22918,HERB MARKER PARSLEY,12/1/2010,1,1.66,1.66,,United Kingdom,Sale
536544,22919,HERB MARKER MINT,12/1/2010,1,1.66,1.66,,United Kingdom,Sale
536544,22920,HERB MARKER BASIL,12/1/2010,1,1.66,1.66,,United Kingdom,Sale
536544,22921,HERB MARKER CHIVES,12/1/2010,1,1.66,1.66,,United Kingdom,Sale
536544,22928,YELLOW GIANT GARDEN THERMOMETER,12/1/2010,1,11.87,11.87,,United Kingdom,Sale
536544,22940,FELTCRAFT CHRISTMAS FAIRY,12/1/2010,2,8.47,16.94,,United Kingdom,Sale
536544,22945,CHRISTMAS METAL TAGS ASSORTED,12/1/2010,1,11.02,11.02,,United Kingdom,Sale
536544,22948,METAL DECORATION NAUGHTY CHILDREN,12/1/2010,2,6.77,13.54,,United Kingdom,Sale
536544,22949,36 DOILIES DOLLY GIRL,12/1/2010,1,2.98,2.98,,United Kingdom,Sale
536544,22951,60 CAKE CASES DOLLY GIRL DESIGN,12/1/2010,2,1.28,2.56,,United Kingdom,Sale
536544,22952,60 CAKE CASES VINTAGE CHRISTMAS,12/1/2010,1,1.28,1.28,,United Kingdom,Sale
536544,22956,36 FOIL HEART CAKE CASES,12/1/2010,1,4.21,4.21,,United Kingdom,Sale
536544,22960,JAM MAKING SET WITH JARS,12/1/2010,7,8.47,59.29,,United Kingdom,Sale
536544,22961,JAM MAKING SET PRINTED,12/1/2010,9,3.36,30.24,,United Kingdom,Sale
536544,22962,JAM JAR WITH PINK LID,12/1/2010,4,1.66,6.64,,United Kingdom,Sale
536544,22963,JAM JAR WITH GREEN LID,12/1/2010,1,1.66,1.66,,United Kingdom,Sale
536544,22966,GINGERBREAD MAN COOKIE CUTTER,12/1/2010,3,2.51,7.53,,United Kingdom,Sale
536544,22969,HOMEMADE JAM SCENTED CANDLES,12/1/2010,1,3.36,3.36,,United Kingdom,Sale
536544,22972,CHILDREN'S SPACEBOY MUG,12/1/2010,1,3.36,3.36,,United Kingdom,Sale
536544,22974,CHILDRENS DOLLY GIRL MUG,12/1/2010,3,3.36,10.08,,United Kingdom,Sale
536544,22975,SPACEBOY CHILDRENS EGG CUP,12/1/2010,2,2.51,5.02,,United Kingdom,Sale
536544,22976,CIRCUS PARADE CHILDRENS EGG CUP,12/1/2010,1,2.51,2.51,,United Kingdom,Sale
536544,22988,SOLDIERS EGG CUP,12/1/2010,3,2.51,7.53,,United Kingdom,Sale
536544,35095A,BLUE VICTORIAN FABRIC OVAL BOX,12/1/2010,2,0.84,1.68,,United Kingdom,Sale
536544,35095B,RED VICTORIAN FABRIC OVAL BOX,12/1/2010,1,0.84,0.84,,United Kingdom,Sale
536544,35471D,SET OF 3 BIRD LIGHT PINK FEATHER,12/1/2010,1,2.51,2.51,,United Kingdom,Sale
536544,35598D,PINK/WHITE CHRISTMAS TREE 60CM,12/1/2010,1,2.51,2.51,,United Kingdom,Sale
536544,35599D,PINK AND WHITE CHRISTMAS TREE 120CM,12/1/2010,1,5.91,5.91,,United Kingdom,Sale
536544,35610A,PINK CHRISTMAS FLOCK DROPLET,12/1/2010,1,2.51,2.51,,United Kingdom,Sale
536544,35818P,"ACRYLIC JEWEL ICICLE, PINK",12/1/2010,1,3.36,3.36,,United Kingdom,Sale
536544,35957,SMALLFOLKART BAUBLE CHRISTMAS DEC,12/1/2010,2,1.66,3.32,,United Kingdom,Sale
536544,35961,FOLKART ZINC HEART CHRISTMAS DEC,12/1/2010,1,1.66,1.66,,United Kingdom,Sale
536544,35971,ROSE FOLKART HEART DECORATIONS,12/1/2010,1,2.51,2.51,,United Kingdom,Sale
536544,37370,RETRO COFFEE MUGS ASSORTED,12/1/2010,1,16.13,16.13,,United Kingdom,Sale
536544,37449,CERAMIC CAKE STAND + HANGING CAKES,12/1/2010,1,21.23,21.23,,United Kingdom,Sale
536544,37476,CONDIMENT TRAY 4 BOWLS AND 4 SPOONS,12/1/2010,1,18.68,18.68,,United Kingdom,Sale
536544,47559B,TEA TIME OVEN GLOVE,12/1/2010,2,2.51,5.02,,United Kingdom,Sale
536544,47580,TEA TIME DES TEA COSY,12/1/2010,1,5.06,5.06,,United Kingdom,Sale
536544,47591B,SCOTTIES CHILDRENS APRON,12/1/2010,2,1.66,3.32,,United Kingdom,Sale
536544,47591D,PINK FAIRY CAKE CHILDRENS APRON,12/1/2010,1,4.21,4.21,,United Kingdom,Sale
536544,47593B,SCOTTIE DOGS BABY BIB,12/1/2010,2,0.85,1.7,,United Kingdom,Sale
536544,48188,DOORMAT WELCOME PUPPIES,12/1/2010,1,14.43,14.43,,United Kingdom,Sale
536544,70007,HI TEC ALPINE HAND WARMER,12/1/2010,5,3.36,16.8,,United Kingdom,Sale
536544,71053,WHITE METAL LANTERN,12/1/2010,1,8.47,8.47,,United Kingdom,Sale
536544,71459,HANGING JAM JAR T-LIGHT HOLDER,12/1/2010,8,1.69,13.52,,United Kingdom,Sale
536544,72586,SET OF 6 HALLOWEEN GHOST T-LIGHTS,12/1/2010,1,0.85,0.85,,United Kingdom,Sale
536544,72799E,IVORY PILLAR CANDLE SILVER FLOCK,12/1/2010,2,3.36,6.72,,United Kingdom,Sale
536544,72799F,IVORY PILLAR CANDLE GOLD FLOCK,12/1/2010,2,3.36,6.72,,United Kingdom,Sale
536544,72807A,SET/3 ROSE CANDLE IN JEWELLED BOX,12/1/2010,1,8.47,8.47,,United Kingdom,Sale
536544,72807B,SET/3 OCEAN SCENT CANDLE JEWEL BOX,12/1/2010,1,8.47,8.47,,United Kingdom,Sale
536544,72807C,SET/3 VANILLA SCENTED CANDLE IN BOX,12/1/2010,1,8.47,8.47,,United Kingdom,Sale
536544,72816,SET/3 CHRISTMAS DECOUPAGE CANDLES,12/1/2010,1,2.51,2.51,,United Kingdom,Sale
536544,72817,SET OF 2 CHRISTMAS DECOUPAGE CANDLE,12/1/2010,2,1.66,3.32,,United Kingdom,Sale
536544,79030D,TUMBLER BAROQUE,12/1/2010,1,12.72,12.72,,United Kingdom,Sale
536544,79030G,TUMBLER NEW ENGLAND,12/1/2010,1,12.72,12.72,,United Kingdom,Sale
536544,79321,CHILLI LIGHTS,12/1/2010,1,10.17,10.17,,United Kingdom,Sale
536544,82551,LAUNDRY 15C METAL SIGN,12/1/2010,1,2.51,2.51,,United Kingdom,Sale
536544,82578,KITCHEN METAL SIGN,12/1/2010,1,1.28,1.28,,United Kingdom,Sale
536544,82580,BATHROOM METAL SIGN,12/1/2010,1,1.28,1.28,,United Kingdom,Sale
536544,82583,HOT BATHS METAL SIGN,12/1/2010,1,4.21,4.21,,United Kingdom,Sale
536544,82613B,"METAL SIGN,CUPCAKE SINGLE HOOK",12/1/2010,1,2.51,2.51,,United Kingdom,Sale
536544,82613C,"METAL SIGN,CUPCAKE SINGLE HOOK",12/1/2010,1,2.51,2.51,,United Kingdom,Sale
536544,82613D,METAL SIGN CUPCAKE SINGLE HOOK,12/1/2010,1,2.51,2.51,,United Kingdom,Sale
536544,84029E,RED WOOLLY HOTTIE WHITE HEART,12/1/2010,1,7.62,7.62,,United Kingdom,Sale
536544,84029G,KNITTED UNION FLAG HOT WATER BOTTLE,12/1/2010,1,7.62,7.62,,United Kingdom,Sale
536544,84031A,CHARLIE+LOLA RED HOT WATER BOTTLE,12/1/2010,4,4.21,16.84,,United Kingdom,Sale
536544,84031B,CHARLIE LOLA BLUE HOT WATER BOTTLE,12/1/2010,1,4.21,4.21,,United Kingdom,Sale
536544,84032A,CHARLIE+LOLA PINK HOT WATER BOTTLE,12/1/2010,8,3.36,26.88,,United Kingdom,Sale
536544,84032B,CHARLIE + LOLA RED HOT WATER BOTTLE,12/1/2010,4,3.36,13.44,,United Kingdom,Sale
536544,84050,PINK HEART SHAPE EGG FRYING PAN,12/1/2010,3,4.21,12.63,,United Kingdom,Sale
536544,84086C,PINK/PURPLE RETRO RADIO,12/1/2010,1,4.21,4.21,,United Kingdom,Sale
536544,84279P,CHERRY BLOSSOM  DECORATIVE FLASK,12/1/2010,1,8.47,8.47,,United Kingdom,Sale
536544,84347,ROTATING SILVER ANGELS T-LIGHT HLDR,12/1/2010,4,5.06,20.24,,United Kingdom,Sale
536544,84992,72 SWEETHEART FAIRY CAKE CASES,12/1/2010,1,1.28,1.28,,United Kingdom,Sale
536544,85014B,RED RETROSPOT UMBRELLA,12/1/2010,2,12.72,25.44,,United Kingdom,Sale
536544,85015,SET OF 12  VINTAGE POSTCARD SET,12/1/2010,1,2.51,2.51,,United Kingdom,Sale
536544,85016,SET OF 6 VINTAGE NOTELETS KIT,12/1/2010,2,2.51,5.02,,United Kingdom,Sale
536544,85017A,ENVELOPE 50 ROMANTIC IMAGES,12/1/2010,1,0.85,0.85,,United Kingdom,Sale
536544,85017B,ENVELOPE 50 BLOSSOM IMAGES,12/1/2010,1,0.85,0.85,,United Kingdom,Sale
536544,85032D,YULETIDE IMAGES GIFT WRAP SET,12/1/2010,2,1.66,3.32,,United Kingdom,Sale
536544,85039A,SET/4 RED MINI ROSE CANDLE IN BOWL,12/1/2010,3,1.66,4.98,,United Kingdom,Sale
536544,85048,15CM CHRISTMAS GLASS BALL 20 LIGHTS,12/1/2010,1,16.98,16.98,,United Kingdom,Sale
536544,85049E,SCANDINAVIAN REDS RIBBONS,12/1/2010,3,2.51,7.53,,United Kingdom,Sale
536544,85049G,CHOCOLATE BOX RIBBONS,12/1/2010,1,2.51,2.51,,United Kingdom,Sale
536544,85049H,URBAN BLACK RIBBONS,12/1/2010,1,2.51,2.51,,United Kingdom,Sale
536544,85064,CREAM SWEETHEART LETTER RACK,12/1/2010,1,11.02,11.02,,United Kingdom,Sale
536544,85099B,JUMBO BAG RED RETROSPOT,12/1/2010,1,4.21,4.21,,United Kingdom,Sale
536544,85114B,IVORY ENCHANTED FOREST PLACEMAT,12/1/2010,11,3.36,36.96,,United Kingdom,Sale
536544,85116,BLACK CANDELABRA T-LIGHT HOLDER,12/1/2010,3,1.66,4.98,,United Kingdom,Sale
536544,85123A,WHITE HANGING HEART T-LIGHT HOLDER,12/1/2010,4,5.91,23.64,,United Kingdom,Sale
536544,85127,SMALL SQUARE CUT GLASS CANDLESTICK,12/1/2010,2,10.17,20.34,,United Kingdom,Sale
536544,85129D,BEADED CRYSTAL HEART PINK SMALL,12/1/2010,1,2.51,2.51,,United Kingdom,Sale
536544,85131B,BEADED CRYSTAL HEART GREEN ON STICK,12/1/2010,2,0.85,1.7,,United Kingdom,Sale
536544,85132A,CHARLIE + LOLA BISCUITS TINS,12/1/2010,2,8.47,16.94,,United Kingdom,Sale
536544,85135B,BLUE DRAGONFLY HELICOPTER,12/1/2010,1,8.47,8.47,,United Kingdom,Sale
536544,85135C,RED DRAGONFLY HELICOPTER,12/1/2010,1,8.47,8.47,,United Kingdom,Sale
536544,85152,HAND OVER THE CHOCOLATE   SIGN,12/1/2010,1,4.21,4.21,,United Kingdom,Sale
536544,85176,SEWING SUSAN 21 NEEDLE SET,12/1/2010,5,1.66,8.3,,United Kingdom,Sale
536544,85177,BASKET OF FLOWERS SEWING KIT,12/1/2010,1,1.66,1.66,,United Kingdom,Sale
536544,85178,VICTORIAN SEWING KIT,12/1/2010,1,2.51,2.51,,United Kingdom,Sale
536544,85186A,EASTER BUNNY GARLAND OF FLOWERS,12/1/2010,1,0.85,0.85,,United Kingdom,Sale
536544,85199S,SMALL HANGING IVORY/RED WOOD BIRD,12/1/2010,10,0.85,8.5,,United Kingdom,Sale
536544,85231B,CINAMMON SET OF 9 T-LIGHTS,12/1/2010,2,1.66,3.32,,United Kingdom,Sale
536544,85232B,SET OF 3 BABUSHKA STACKING TINS,12/1/2010,1,4.95,4.95,,United Kingdom,Sale
536544,90003C,MIDNIGHT BLUE PAIR HEART HAIR SLIDE,12/1/2010,1,3.81,3.81,,United Kingdom,Sale
536544,90018A,SILVER M.O.P ORBIT DROP EARRINGS,12/1/2010,1,4.24,4.24,,United Kingdom,Sale
536544,90022,EDWARDIAN DROP EARRINGS JET BLACK,12/1/2010,1,3.81,3.81,,United Kingdom,Sale
536544,90071,RUBY GLASS CLUSTER EARRINGS,12/1/2010,1,1.26,1.26,,United Kingdom,Sale
536544,90099,NECKLACE+BRACELET SET BLUE HIBISCUS,12/1/2010,1,5.06,5.06,,United Kingdom,Sale
536544,90116,FRUIT SALAD BAG CHARM,12/1/2010,1,2.51,2.51,,United Kingdom,Sale
536544,90120C,GREEN MURANO TWIST BRACELET,12/1/2010,1,4.24,4.24,,United Kingdom,Sale
536544,90129A,PINK GLASS TASSLE BAG CHARM,12/1/2010,2,1.66,3.32,,United Kingdom,Sale
536544,90129B,TURQUOISE GLASS TASSLE BAG CHARM,12/1/2010,1,1.66,1.66,,United Kingdom,Sale
536544,90161A,ANT COPPER RED BOUDICCA BRACELET,12/1/2010,1,5.09,5.09,,United Kingdom,Sale
536544,90190C,SILVER/AMETHYST DROP EARRINGS LEAF,12/1/2010,1,2.96,2.96,,United Kingdom,Sale
536544,90194,SILVER LARIAT BLACK STONE EARRINGS,12/1/2010,1,4.24,4.24,,United Kingdom,Sale
536544,90200A,PURPLE SWEETHEART BRACELET,12/1/2010,1,4.24,4.24,,United Kingdom,Sale
536544,90200C,BLUE SWEETHEART BRACELET,12/1/2010,1,4.24,4.24,,United Kingdom,Sale
536544,90209B,GREEN ENAMEL+GLASS HAIR COMB,12/1/2010,1,2.11,2.11,,United Kingdom,Sale
536544,90214D,"LETTER ""D"" BLING KEY RING",12/1/2010,1,0.85,0.85,,United Kingdom,Sale
536544,90214G,"LETTER ""G"" BLING KEY RING",12/1/2010,1,0.85,0.85,,United Kingdom,Sale
536544,90214H,"LETTER ""H"" BLING KEY RING",12/1/2010,1,0.85,0.85,,United Kingdom,Sale
536544,90214J,"LETTER ""J"" BLING KEY RING",12/1/2010,1,0.85,0.85,,United Kingdom,Sale
536544,90214R,"LETTER ""R"" BLING KEY RING",12/1/2010,1,0.85,0.85,,United Kingdom,Sale
536544,84375,SET OF 20 KIDS COOKIE CUTTERS,12/1/2010,4,4.21,16.84,,United Kingdom,Sale
536544,84378,SET OF 3 HEART COOKIE CUTTERS,12/1/2010,1,2.51,2.51,,United Kingdom,Sale
536544,84380,SET OF 3 BUTTERFLY COOKIE CUTTERS,12/1/2010,5,2.51,12.55,,United Kingdom,Sale
536544,84534B,FAIRY CAKE NOTEBOOK A5 SIZE,12/1/2010,2,1.66,3.32,,United Kingdom,Sale
536544,84535B,FAIRY CAKES NOTEBOOK A6 SIZE,12/1/2010,1,1.49,1.49,,United Kingdom,Sale
536544,84536A,ENGLISH ROSE NOTEBOOK A7 SIZE,12/1/2010,3,0.85,2.55,,United Kingdom,Sale
536544,84536B,FAIRY CAKES NOTEBOOK A7 SIZE,12/1/2010,3,0.85,2.55,,United Kingdom,Sale
536544,84580,MOUSE TOY WITH PINK T-SHIRT,12/1/2010,1,4.21,4.21,,United Kingdom,Sale
536544,84581,DOG TOY WITH PINK CROCHET SKIRT,12/1/2010,1,4.21,4.21,,United Kingdom,Sale
536544,84598,BOYS ALPHABET IRON ON PATCHES,12/1/2010,2,0.43,0.86,,United Kingdom,Sale
536544,84625A,PINK NEW BAROQUECANDLESTICK CANDLE,12/1/2010,1,5.91,5.91,,United Kingdom,Sale
536544,84692,BOX OF 24 COCKTAIL PARASOLS,12/1/2010,1,0.85,0.85,,United Kingdom,Sale
536544,84832,ZINC WILLIE WINKIE  CANDLE STICK,12/1/2010,3,1.66,4.98,,United Kingdom,Sale
536544,84912B,GREEN ROSE WASHBAG,12/1/2010,2,3.36,6.72,,United Kingdom,Sale
536544,84913A,SOFT PINK ROSE TOWEL,12/1/2010,1,3.36,3.36,,United Kingdom,Sale
536544,84913B,MINT GREEN ROSE TOWEL,12/1/2010,3,3.36,10.08,,United Kingdom,Sale
536544,84923,PINK BUTTERFLY HANDBAG W BOBBLES,12/1/2010,1,4.21,4.21,,United Kingdom,Sale
536544,84946,ANTIQUE SILVER T-LIGHT GLASS,12/1/2010,30,2.51,75.3,,United Kingdom,Sale
536544,84949,SILVER HANGING T-LIGHT HOLDER,12/1/2010,1,3.36,3.36,,United Kingdom,Sale
536544,84988,SET OF 72 PINK HEART PAPER DOILIES,12/1/2010,1,2.98,2.98,,United Kingdom,Sale
536544,84991,60 TEATIME FAIRY CAKE CASES,12/1/2010,3,1.28,3.84,,United Kingdom,Sale
536544,20856,DENIM PATCH PURSE PINK BUTTERFLY,12/1/2010,6,1.65,9.9,,United Kingdom,Sale
536544,20854,BLUE PATCH PURSE PINK HEART,12/1/2010,6,1.65,9.9,,United Kingdom,Sale
536544,22633,HAND WARMER UNION JACK,12/1/2010,3,2.1,6.3,,United Kingdom,Sale
536544,22866,HAND WARMER SCOTTY DOG DESIGN,12/1/2010,3,2.1,6.3,,United Kingdom,Sale
536544,21218,RED SPOTTY BISCUIT TIN,12/1/2010,2,3.75,7.5,,United Kingdom,Sale
536544,22968,ROSE COTTAGE KEEPSAKE BOX,12/1/2010,1,9.95,9.95,,United Kingdom,Sale
536544,22862,LOVE HEART NAPKIN BOX,12/1/2010,2,4.25,8.5,,United Kingdom,Sale
536544,22845,VINTAGE CREAM CAT FOOD CONTAINER,12/1/2010,2,6.35,12.7,,United Kingdom,Sale
536544,22844,VINTAGE CREAM DOG FOOD CONTAINER,12/1/2010,2,8.5,17,,United Kingdom,Sale
536544,11001,ASSTD DESIGN RACING CAR PEN,12/1/2010,3,3.36,10.08,,United Kingdom,Sale
536544,16236,KITTY PENCIL ERASERS,12/1/2010,1,0.43,0.43,,United Kingdom,Sale
536544,16237,SLEEPING CAT ERASERS,12/1/2010,4,0.43,1.72,,United Kingdom,Sale
536544,16238,PARTY TIME PENCIL ERASERS,12/1/2010,1,0.43,0.43,,United Kingdom,Sale
536544,17003,BROCADE RING PURSE,12/1/2010,3,0.43,1.29,,United Kingdom,Sale
536544,17011F,ORIGAMI SANDLEWOOD INCENSE+FLOWER,12/1/2010,1,4.21,4.21,,United Kingdom,Sale
536544,17012A,ORIGAMI VANILLA INCENSE/CANDLE SET,12/1/2010,3,2.51,7.53,,United Kingdom,Sale
536544,17012B,ORIGAMI JASMINE INCENSE/CANDLE SET,12/1/2010,2,2.51,5.02,,United Kingdom,Sale
536544,17012C,ORIGAMI LAVENDER INCENSE/CANDL SET,12/1/2010,1,2.51,2.51,,United Kingdom,Sale
536544,17012D,ORIGAMI ROSE INCENSE/CANDLE SET,12/1/2010,1,2.51,2.51,,United Kingdom,Sale
536544,17012E,ORIGAMI OPIUM INCENSE/CANDLE SET,12/1/2010,1,2.51,2.51,,United Kingdom,Sale
536544,17012F,ORIGAMI SANDLEWOOD INCENSE/CAND SET,12/1/2010,1,2.51,2.51,,United Kingdom,Sale
536544,17129F,BLUE GLASS GEMS IN BAG,12/1/2010,2,1.66,3.32,,United Kingdom,Sale
536544,18098C,PORCELAIN BUTTERFLY OIL BURNER,12/1/2010,2,5.91,11.82,,United Kingdom,Sale
536544,20622,VIP PASSPORT COVER,12/1/2010,1,4.21,4.21,,United Kingdom,Sale
536544,20658,RED RETROSPOT LUGGAGE TAG,12/1/2010,1,2.51,2.51,,United Kingdom,Sale
536544,20662,FIRST CLASS HOLIDAY PURSE,12/1/2010,1,2.51,2.51,,United Kingdom,Sale
536544,20668,DISCO BALL CHRISTMAS DECORATION,12/1/2010,2,0.43,0.86,,United Kingdom,Sale
536544,20669,RED HEART LUGGAGE TAG,12/1/2010,1,2.51,2.51,,United Kingdom,Sale
536544,20676,RED RETROSPOT BOWL,12/1/2010,1,2.51,2.51,,United Kingdom,Sale
536544,20684,STRAWBERRY DREAM CHILDS UMBRELLA,12/1/2010,1,6.77,6.77,,United Kingdom,Sale
536544,20685,DOORMAT RED RETROSPOT,12/1/2010,1,14.43,14.43,,United Kingdom,Sale
536544,20719,WOODLAND CHARLOTTE BAG,12/1/2010,2,1.66,3.32,,United Kingdom,Sale
536544,20724,RED RETROSPOT CHARLOTTE BAG,12/1/2010,3,1.66,4.98,,United Kingdom,Sale
536544,20725,LUNCH BAG RED RETROSPOT,12/1/2010,4,4.21,16.84,,United Kingdom,Sale
536544,20733,GOLD MINI TAPE MEASURE,12/1/2010,1,0.85,0.85,,United Kingdom,Sale
536544,20735,BLACK MINI TAPE MEASURE,12/1/2010,1,0.85,0.85,,United Kingdom,Sale
536544,20770,ABSTRACT CIRCLE JOURNAL,12/1/2010,4,2.51,10.04,,United Kingdom,Sale
536544,20772,GARDEN PATH JOURNAL,12/1/2010,1,5.06,5.06,,United Kingdom,Sale
536544,20835,FRENCH LATTICE CUSHION COVER,12/1/2010,1,11.02,11.02,,United Kingdom,Sale
536544,20839,FRENCH PAISLEY CUSHION COVER,12/1/2010,1,9.32,9.32,,United Kingdom,Sale
536544,20840,FRENCH FLORAL CUSHION COVER,12/1/2010,1,9.32,9.32,,United Kingdom,Sale
536544,20867,PINK ROSE FABRIC MIRROR,12/1/2010,1,2.51,2.51,,United Kingdom,Sale
536544,20902,VINTAGE KEEPSAKE BOX PARIS DAYS,12/1/2010,1,12.72,12.72,,United Kingdom,Sale
536544,20914,SET/5 RED RETROSPOT LID GLASS BOWLS,12/1/2010,3,5.91,17.73,,United Kingdom,Sale
536544,20956,PORCELAIN T-LIGHT HOLDERS ASSORTED,12/1/2010,1,2.51,2.51,,United Kingdom,Sale
536544,20961,STRAWBERRY BATH SPONGE,12/1/2010,2,2.51,5.02,,United Kingdom,Sale
536544,20963,APPLE BATH SPONGE,12/1/2010,1,2.51,2.51,,United Kingdom,Sale
536544,20966,SANDWICH BATH SPONGE,12/1/2010,4,2.51,10.04,,United Kingdom,Sale
536544,20969,RED FLORAL FELTCRAFT SHOULDER BAG,12/1/2010,2,7.62,15.24,,United Kingdom,Sale
536544,20971,PINK BLUE FELT CRAFT TRINKET BOX,12/1/2010,1,2.51,2.51,,United Kingdom,Sale
536544,20972,PINK CREAM FELT CRAFT TRINKET BOX,12/1/2010,2,2.51,5.02,,United Kingdom,Sale
536544,20973,12 PENCIL SMALL TUBE WOODLAND,12/1/2010,1,1.28,1.28,,United Kingdom,Sale
536544,20975,12 PENCILS SMALL TUBE RED RETROSPOT,12/1/2010,1,1.28,1.28,,United Kingdom,Sale
536544,20981,12 PENCILS TALL TUBE WOODLAND,12/1/2010,1,1.66,1.66,,United Kingdom,Sale
536544,20992,JAZZ HEARTS PURSE NOTEBOOK,12/1/2010,1,1.66,1.66,,United Kingdom,Sale
536544,20996,JAZZ HEARTS ADDRESS BOOK,12/1/2010,1,0.84,0.84,,United Kingdom,Sale
536544,21000,ROSE DU SUD COSMETICS BAG,12/1/2010,1,3.36,3.36,,United Kingdom,Sale
536544,21012,ANTIQUE ALL GLASS CANDLESTICK,12/1/2010,2,2.51,5.02,,United Kingdom,Sale
536544,21035,SET/2 RED RETROSPOT TEA TOWELS,12/1/2010,3,5.91,17.73,,United Kingdom,Sale
536544,21041,RED RETROSPOT OVEN GLOVE DOUBLE,12/1/2010,2,5.91,11.82,,United Kingdom,Sale
536544,21068,VINTAGE BILLBOARD LOVE/HATE MUG,12/1/2010,1,2.51,2.51,,United Kingdom,Sale
536544,21069,VINTAGE BILLBOARD TEA MUG,12/1/2010,1,2.51,2.51,,United Kingdom,Sale
536544,21070,VINTAGE BILLBOARD MUG,12/1/2010,1,2.51,2.51,,United Kingdom,Sale
536544,21071,VINTAGE BILLBOARD DRINK ME MUG,12/1/2010,1,2.51,2.51,,United Kingdom,Sale
536544,21080,SET/20 RED RETROSPOT PAPER NAPKINS,12/1/2010,1,1.66,1.66,,United Kingdom,Sale
536544,21098,CHRISTMAS TOILET ROLL,12/1/2010,23,2.51,57.73,,United Kingdom,Sale
536544,21107,CREAM SLICE FLANNEL PINK SPOT,12/1/2010,1,5.91,5.91,,United Kingdom,Sale
536544,21108,FAIRY CAKE FLANNEL ASSORTED COLOUR,12/1/2010,3,5.06,15.18,,United Kingdom,Sale
536544,21115,ROSE CARAVAN DOORSTOP,12/1/2010,1,14.43,14.43,,United Kingdom,Sale
536544,21116,OWL DOORSTOP,12/1/2010,1,8.47,8.47,,United Kingdom,Sale
536544,21121,SET/10 RED POLKADOT PARTY CANDLES,12/1/2010,7,2.51,17.57,,United Kingdom,Sale
536544,21147,JINGLE BELLS TREE DECORATION,12/1/2010,2,2.51,5.02,,United Kingdom,Sale
536544,21154,RED RETROSPOT OVEN GLOVE,12/1/2010,1,2.51,2.51,,United Kingdom,Sale
536544,21158,MOODY GIRL DOOR HANGER,12/1/2010,2,3.36,6.72,,United Kingdom,Sale
536544,21165,BEWARE OF THE CAT METAL SIGN,12/1/2010,1,4.21,4.21,,United Kingdom,Sale
536544,21166,COOK WITH WINE METAL SIGN,12/1/2010,2,4.21,8.42,,United Kingdom,Sale
536544,21169,YOU'RE CONFUSING ME METAL SIGN,12/1/2010,1,4.21,4.21,,United Kingdom,Sale
536544,21174,POTTERING IN THE SHED METAL SIGN,12/1/2010,1,4.21,4.21,,United Kingdom,Sale
536544,21175,GIN AND TONIC DIET METAL SIGN,12/1/2010,2,4.21,8.42,,United Kingdom,Sale
536544,21189,WHITE HONEYCOMB PAPER GARLAND,12/1/2010,4,3.36,13.44,,United Kingdom,Sale
536544,21191,LARGE WHITE HONEYCOMB PAPER BELL,12/1/2010,6,4.21,25.26,,United Kingdom,Sale
536544,21195,PINK  HONEYCOMB PAPER BALL,12/1/2010,5,4.21,21.05,,United Kingdom,Sale
536544,21207,SKULL AND CROSSBONES  GARLAND,12/1/2010,2,3.36,6.72,,United Kingdom,Sale
536544,21210,SET OF 72 RETROSPOT PAPER  DOILIES,12/1/2010,1,2.98,2.98,,United Kingdom,Sale
536544,21212,PACK OF 72 RETROSPOT CAKE CASES,12/1/2010,8,1.28,10.24,,United Kingdom,Sale
536544,21213,PACK OF 72 SKULL CAKE CASES,12/1/2010,2,1.28,2.56,,United Kingdom,Sale
536544,21216,"SET 3 RETROSPOT TEA,COFFEE,SUGAR",12/1/2010,1,11.02,11.02,,United Kingdom,Sale
536544,21217,RED RETROSPOT ROUND CAKE TINS,12/1/2010,1,21.23,21.23,,United Kingdom,Sale
536544,21218,RED SPOTTY BISCUIT TIN,12/1/2010,1,8.47,8.47,,United Kingdom,Sale
536544,21231,SWEETHEART CERAMIC TRINKET BOX,12/1/2010,4,2.51,10.04,,United Kingdom,Sale
536544,21232,STRAWBERRY CERAMIC TRINKET BOX,12/1/2010,4,2.51,10.04,,United Kingdom,Sale
536544,21238,RED RETROSPOT CUP,12/1/2010,4,1.66,6.64,,United Kingdom,Sale
536544,21249,WOODLAND  HEIGHT CHART STICKERS,12/1/2010,1,5.91,5.91,,United Kingdom,Sale
536544,21258,VICTORIAN SEWING BOX LARGE,12/1/2010,1,25.49,25.49,,United Kingdom,Sale
536544,21262,WHITE GOOSE FEATHER CHRISTMAS TREE,12/1/2010,2,7.62,15.24,,United Kingdom,Sale
536544,21313,GLASS HEART T-LIGHT HOLDER,12/1/2010,2,1.66,3.32,,United Kingdom,Sale
536544,21314,SMALL GLASS HEART TRINKET POT,12/1/2010,12,4.21,50.52,,United Kingdom,Sale
536544,21327,SKULLS WRITING SET,12/1/2010,1,3.36,3.36,,United Kingdom,Sale
536544,21328,BALLOONS  WRITING SET,12/1/2010,2,3.36,6.72,,United Kingdom,Sale
536544,21349,IVY HEART WREATH,12/1/2010,1,13.57,13.57,,United Kingdom,Sale
536544,21352,EUCALYPTUS & PINECONE  WREATH,12/1/2010,2,5.91,11.82,,United Kingdom,Sale
536544,21354,TOAST ITS - BEST MUM,12/1/2010,1,2.51,2.51,,United Kingdom,Sale
536544,21365,MIRRORED WALL ART STARS,12/1/2010,1,5.91,5.91,,United Kingdom,Sale
536544,21366,MIRRORED WALL ART PHOTO FRAMES,12/1/2010,1,8.47,8.47,,United Kingdom,Sale
536544,21369,MIRRORED WALL ART SPLODGES,12/1/2010,1,7.62,7.62,,United Kingdom,Sale
536544,21372,MIRRORED WALL ART TABLE LAMP,12/1/2010,1,5.91,5.91,,United Kingdom,Sale
536544,21385,IVORY HANGING DECORATION  HEART,12/1/2010,2,1.66,3.32,,United Kingdom,Sale
536544,21407,BROWN CHECK CAT DOORSTOP,12/1/2010,2,8.47,16.94,,United Kingdom,Sale
536544,21408,SPOTTY PINK DUCK DOORSTOP,12/1/2010,1,8.47,8.47,,United Kingdom,Sale
536544,21429,RED GINGHAM ROSE JEWELLERY BOX,12/1/2010,5,3.36,16.8,,United Kingdom,Sale
536544,21479,WHITE SKULL HOT WATER BOTTLE,12/1/2010,5,7.62,38.1,,United Kingdom,Sale
536544,21484,CHICK GREY HOT WATER BOTTLE,12/1/2010,4,7.62,30.48,,United Kingdom,Sale
536544,21486,PINK HEART DOTS HOT WATER BOTTLE,12/1/2010,1,4.21,4.21,,United Kingdom,Sale
536544,21488,RED WHITE SCARF  HOT WATER BOTTLE,12/1/2010,1,8.47,8.47,,United Kingdom,Sale
536544,21507,ELEPHANT BIRTHDAY CARD,12/1/2010,1,0.85,0.85,,United Kingdom,Sale
536544,21523,DOORMAT FANCY FONT HOME SWEET HOME,12/1/2010,1,14.43,14.43,,United Kingdom,Sale
536544,21559,STRAWBERRY LUNCH BOX WITH CUTLERY,12/1/2010,1,5.06,5.06,,United Kingdom,Sale
536544,21563,RED HEART SHAPE LOVE BUCKET,12/1/2010,2,5.91,11.82,,United Kingdom,Sale
536544,21564,PINK  HEART SHAPE LOVE BUCKET,12/1/2010,2,5.91,11.82,,United Kingdom,Sale
536544,21577,SAVE THE PLANET COTTON TOTE BAG,12/1/2010,2,5.06,10.12,,United Kingdom,Sale
536544,21634,ASSORTED MINI MADRAS NOTEBOOK,12/1/2010,1,2.51,2.51,,United Kingdom,Sale
536544,21641,ASSORTED TUTTI FRUTTI KEYRING BALL,12/1/2010,1,1.66,1.66,,United Kingdom,Sale
536544,21658,GLASS  BEURRE DISH,12/1/2010,1,8.47,8.47,,United Kingdom,Sale
536544,21662,VINTAGE GLASS COFFEE CADDY,12/1/2010,2,11.87,23.74,,United Kingdom,Sale
536544,21679,SKULLS  STICKERS,12/1/2010,3,1.66,4.98,,United Kingdom,Sale
536544,21703,BAG 125g SWIRLY MARBLES,12/1/2010,1,0.85,0.85,,United Kingdom,Sale
536544,21704,BAG 250g SWIRLY MARBLES,12/1/2010,1,1.66,1.66,,United Kingdom,Sale
536544,21706,FOLDING UMBRELLA RED/WHITE POLKADOT,12/1/2010,2,10.17,20.34,,United Kingdom,Sale
536544,21716,BOYS VINTAGE TIN SEASIDE BUCKET,12/1/2010,1,5.06,5.06,,United Kingdom,Sale
536544,21721,CANDY SHOP  STICKER SHEET,12/1/2010,1,1.66,1.66,,United Kingdom,Sale
536544,21722,SWEET PUDDING STICKER SHEET,12/1/2010,1,1.66,1.66,,United Kingdom,Sale
536544,21731,RED TOADSTOOL LED NIGHT LIGHT,12/1/2010,5,3.36,16.8,,United Kingdom,Sale
536544,21742,LARGE ROUND WICKER PLATTER,12/1/2010,1,12.72,12.72,,United Kingdom,Sale
536544,21758,VINTAGE SHELLS PRINT,12/1/2010,1,12.72,12.72,,United Kingdom,Sale
C536548,22244,3 HOOK HANGER MAGIC GARDEN,12/1/2010,-4,1.95,-7.8,12472,Germany,Return
C536548,22242,5 HOOK HANGER MAGIC TOADSTOOL,12/1/2010,-5,1.65,-8.25,12472,Germany,Return
C536548,20914,SET/5 RED RETROSPOT LID GLASS BOWLS,12/1/2010,-1,2.95,-2.95,12472,Germany,Return
C536548,22892,SET OF SALT AND PEPPER TOADSTOOLS,12/1/2010,-7,1.25,-8.75,12472,Germany,Return
C536548,22654,DELUXE SEWING KIT,12/1/2010,-1,5.95,-5.95,12472,Germany,Return
C536548,22767,TRIPLE PHOTO FRAME CORNICE,12/1/2010,-2,9.95,-19.9,12472,Germany,Return
C536548,22333,RETROSPOT PARTY BAG + STICKER SET,12/1/2010,-1,1.65,-1.65,12472,Germany,Return
C536548,22245,"HOOK, 1 HANGER ,MAGIC GARDEN",12/1/2010,-2,0.85,-1.7,12472,Germany,Return
C536548,22077,6 RIBBONS RUSTIC CHARM,12/1/2010,-6,1.65,-9.9,12472,Germany,Return
C536548,22631,CIRCUS PARADE LUNCH BOX,12/1/2010,-1,1.95,-1.95,12472,Germany,Return
C536548,22168,ORGANISER WOOD ANTIQUE WHITE,12/1/2010,-2,8.5,-17,12472,Germany,Return
C536548,21218,RED SPOTTY BISCUIT TIN,12/1/2010,-3,3.75,-11.25,12472,Germany,Return
C536548,20957,PORCELAIN HANGING BELL SMALL,12/1/2010,-1,1.45,-1.45,12472,Germany,Return
C536548,22580,ADVENT CALENDAR GINGHAM SACK,12/1/2010,-4,5.95,-23.8,12472,Germany,Return
536551,84970L,SINGLE HEART ZINC T-LIGHT HOLDER,12/1/2010,1,0.95,0.95,17346,United Kingdom,Sale
536551,84970S,HANGING HEART ZINC T-LIGHT HOLDER,12/1/2010,2,0.85,1.7,17346,United Kingdom,Sale
536551,22466,FAIRY TALE COTTAGE NIGHT LIGHT,12/1/2010,6,1.95,11.7,17346,United Kingdom,Sale
536551,22625,RED KITCHEN SCALES,12/1/2010,1,8.5,8.5,17346,United Kingdom,Sale
536551,20914,SET/5 RED RETROSPOT LID GLASS BOWLS,12/1/2010,3,2.95,8.85,17346,United Kingdom,Sale
536551,22835,HOT WATER BOTTLE I AM SO POORLY,12/1/2010,2,4.65,9.3,17346,United Kingdom,Sale
536551,22837,HOT WATER BOTTLE BABUSHKA,12/1/2010,2,4.65,9.3,17346,United Kingdom,Sale
536551,22900,SET 2 TEA TOWELS I LOVE LONDON,12/1/2010,1,2.95,2.95,17346,United Kingdom,Sale
536551,22174,PHOTO CUBE,12/1/2010,3,1.65,4.95,17346,United Kingdom,Sale
536551,22112,CHOCOLATE HOT WATER BOTTLE,12/1/2010,1,4.95,4.95,17346,United Kingdom,Sale
536551,22895,SET OF 2 TEA TOWELS APPLE AND PEARS,12/1/2010,1,2.95,2.95,17346,United Kingdom,Sale
536551,21592,RETROSPOT CIGAR BOX MATCHES,12/1/2010,2,1.25,2.5,17346,United Kingdom,Sale
536551,79144B,PAINTED LIGHTBULB STAR+ MOON,12/1/2010,2,0.42,0.84,17346,United Kingdom,Sale
536551,22900,SET 2 TEA TOWELS I LOVE LONDON,12/1/2010,1,2.95,2.95,17346,United Kingdom,Sale
536551,22551,PLASTERS IN TIN SPACEBOY,12/1/2010,1,1.65,1.65,17346,United Kingdom,Sale
536551,22310,IVORY KNITTED MUG COSY,12/1/2010,2,1.65,3.3,17346,United Kingdom,Sale
536551,22557,PLASTERS IN TIN VINTAGE PAISLEY,12/1/2010,1,1.65,1.65,17346,United Kingdom,Sale
536551,22555,PLASTERS IN TIN STRONGMAN,12/1/2010,1,1.65,1.65,17346,United Kingdom,Sale
536551,22480,RED TEA TOWEL CLASSIC DESIGN,12/1/2010,2,1.25,2.5,17346,United Kingdom,Sale
536551,22482,BLUE TEA TOWEL CLASSIC DESIGN,12/1/2010,2,1.25,2.5,17346,United Kingdom,Sale
536551,22481,BLACK TEA TOWEL CLASSIC DESIGN,12/1/2010,2,1.25,2.5,17346,United Kingdom,Sale
536551,22663,JUMBO BAG DOLLY GIRL DESIGN,12/1/2010,4,1.95,7.8,17346,United Kingdom,Sale
536551,22659,LUNCH BOX I LOVE LONDON,12/1/2010,1,1.95,1.95,17346,United Kingdom,Sale
536551,84949,SILVER HANGING T-LIGHT HOLDER,12/1/2010,6,1.65,9.9,17346,United Kingdom,Sale
536551,21326,AGED GLASS SILVER T-LIGHT HOLDER,12/1/2010,12,0.65,7.8,17346,United Kingdom,Sale
536551,22713,CARD I LOVE LONDON,12/1/2010,12,0.42,5.04,17346,United Kingdom,Sale
536551,22551,PLASTERS IN TIN SPACEBOY,12/1/2010,1,1.65,1.65,17346,United Kingdom,Sale
536551,22310,IVORY KNITTED MUG COSY,12/1/2010,4,1.65,6.6,17346,United Kingdom,Sale
536551,22111,SCOTTIE DOG HOT WATER BOTTLE,12/1/2010,1,4.95,4.95,17346,United Kingdom,Sale
536551,21592,RETROSPOT CIGAR BOX MATCHES,12/1/2010,1,1.25,1.25,17346,United Kingdom,Sale
536551,22112,CHOCOLATE HOT WATER BOTTLE,12/1/2010,1,4.95,4.95,17346,United Kingdom,Sale
536551,22895,SET OF 2 TEA TOWELS APPLE AND PEARS,12/1/2010,1,2.95,2.95,17346,United Kingdom,Sale
536551,22629,SPACEBOY LUNCH BOX,12/1/2010,1,1.95,1.95,17346,United Kingdom,Sale
536551,21916,SET 12 RETRO WHITE CHALK STICKS,12/1/2010,3,0.42,1.26,17346,United Kingdom,Sale
536551,21917,SET 12 KIDS  WHITE CHALK STICKS,12/1/2010,1,0.42,0.42,17346,United Kingdom,Sale
536555,20697,LITTLE GREEN MONSTER SOFT TOY,12/1/2010,1,2.55,2.55,,United Kingdom,Sale
536555,22716,CARD CIRCUS PARADE,12/1/2010,1,0.42,0.42,,United Kingdom,Sale
536556,22599,CHRISTMAS MUSICAL ZINC STAR,12/1/2010,12,0.85,10.2,17643,United Kingdom,Sale
536556,22597,MUSICAL ZINC HEART DECORATION,12/1/2010,12,0.85,10.2,17643,United Kingdom,Sale
536556,22336,DOVE DECORATION PAINTED ZINC,12/1/2010,24,0.65,15.6,17643,United Kingdom,Sale
536556,21922,UNION STRIPE WITH FRINGE  HAMMOCK,12/1/2010,2,7.95,15.9,17643,United Kingdom,Sale
536556,35961,FOLKART ZINC HEART CHRISTMAS DEC,12/1/2010,12,0.85,10.2,17643,United Kingdom,Sale
536556,21843,RED RETROSPOT CAKE STAND,12/1/2010,1,10.95,10.95,17643,United Kingdom,Sale
536556,20749,ASSORTED COLOUR MINI CASES,12/1/2010,2,7.95,15.9,17643,United Kingdom,Sale
536556,22694,WICKER STAR,12/1/2010,6,2.1,12.6,17643,United Kingdom,Sale
536557,21495,SKULLS AND CROSSBONES WRAP,12/1/2010,25,0.42,10.5,17841,United Kingdom,Sale
536557,46000R,POLYESTER FILLER PAD 45x30cm,12/1/2010,2,1.45,2.9,17841,United Kingdom,Sale
536557,46000S,POLYESTER FILLER PAD 40x40cm,12/1/2010,1,1.45,1.45,17841,United Kingdom,Sale
536557,22731,3D CHRISTMAS STAMPS STICKERS,12/1/2010,1,1.25,1.25,17841,United Kingdom,Sale
536557,21258,VICTORIAN SEWING BOX LARGE,12/1/2010,1,12.75,12.75,17841,United Kingdom,Sale
536557,21041,RED RETROSPOT OVEN GLOVE DOUBLE,12/1/2010,1,2.95,2.95,17841,United Kingdom,Sale
536557,84920,PINK FLOWER FABRIC PONY,12/1/2010,1,3.75,3.75,17841,United Kingdom,Sale
536557,22173,METAL 4 HOOK HANGER FRENCH CHATEAU,12/1/2010,1,2.95,2.95,17841,United Kingdom,Sale
536557,22953,BIRTHDAY PARTY CORDON BARRIER TAPE,12/1/2010,1,1.25,1.25,17841,United Kingdom,Sale
536557,84508A,CAMOUFLAGE DESIGN TEDDY,12/1/2010,1,2.55,2.55,17841,United Kingdom,Sale
536557,22471,TV DINNER TRAY AIR HOSTESS,12/1/2010,1,4.95,4.95,17841,United Kingdom,Sale
536557,21935,SUKI  SHOULDER BAG,12/1/2010,4,1.65,6.6,17841,United Kingdom,Sale
536557,21670,BLUE SPOT CERAMIC DRAWER KNOB,12/1/2010,6,1.25,7.5,17841,United Kingdom,Sale
536557,20668,DISCO BALL CHRISTMAS DECORATION,12/1/2010,24,0.12,2.88,17841,United Kingdom,Sale
536557,21672,WHITE SPOT RED CERAMIC DRAWER KNOB,12/1/2010,1,1.25,1.25,17841,United Kingdom,Sale
536557,22553,PLASTERS IN TIN SKULLS,12/1/2010,1,1.65,1.65,17841,United Kingdom,Sale
536557,22041,"RECORD FRAME 7"" SINGLE SIZE",12/1/2010,4,2.55,10.2,17841,United Kingdom,Sale
536557,20972,PINK CREAM FELT CRAFT TRINKET BOX,12/1/2010,2,1.25,2.5,17841,United Kingdom,Sale
536557,22568,FELTCRAFT CUSHION OWL,12/1/2010,1,3.75,3.75,17841,United Kingdom,Sale
536557,22570,FELTCRAFT CUSHION RABBIT,12/1/2010,1,3.75,3.75,17841,United Kingdom,Sale
536557,22730,ALARM CLOCK BAKELIKE IVORY,12/1/2010,1,3.75,3.75,17841,United Kingdom,Sale
536557,20749,ASSORTED COLOUR MINI CASES,12/1/2010,1,7.95,7.95,17841,United Kingdom,Sale
536557,22785,SQUARECUSHION COVER PINK UNION,12/1/2010,1,6.75,6.75,17841,United Kingdom,Sale
536557,22786,CUSHION COVER PINK UNION JACK,12/1/2010,2,5.95,11.9,17841,United Kingdom,Sale
536557,85064,CREAM SWEETHEART LETTER RACK,12/1/2010,2,5.45,10.9,17841,United Kingdom,Sale
536557,22212,FOUR HOOK  WHITE LOVEBIRDS,12/1/2010,1,2.1,2.1,17841,United Kingdom,Sale
536557,21486,PINK HEART DOTS HOT WATER BOTTLE,12/1/2010,2,3.75,7.5,17841,United Kingdom,Sale
536557,22114,HOT WATER BOTTLE TEA AND SYMPATHY,12/1/2010,2,3.95,7.9,17841,United Kingdom,Sale
536557,21485,RETROSPOT HEART HOT WATER BOTTLE,12/1/2010,1,4.95,4.95,17841,United Kingdom,Sale
536557,84029E,RED WOOLLY HOTTIE WHITE HEART,12/1/2010,1,3.75,3.75,17841,United Kingdom,Sale
536557,22678,FRENCH BLUE METAL DOOR SIGN 3,12/1/2010,3,1.25,3.75,17841,United Kingdom,Sale
536557,22686,FRENCH BLUE METAL DOOR SIGN No,12/1/2010,1,1.25,1.25,17841,United Kingdom,Sale
536557,22468,BABUSHKA LIGHTS STRING OF 10,12/1/2010,1,6.75,6.75,17841,United Kingdom,Sale
536557,85232B,SET OF 3 BABUSHKA STACKING TINS,12/1/2010,1,4.95,4.95,17841,United Kingdom,Sale
536557,21479,WHITE SKULL HOT WATER BOTTLE,12/1/2010,5,3.75,18.75,17841,United Kingdom,Sale
536557,84029G,KNITTED UNION FLAG HOT WATER BOTTLE,12/1/2010,2,3.75,7.5,17841,United Kingdom,Sale
536557,22837,HOT WATER BOTTLE BABUSHKA,12/1/2010,5,4.65,23.25,17841,United Kingdom,Sale
536557,22112,CHOCOLATE HOT WATER BOTTLE,12/1/2010,2,4.95,9.9,17841,United Kingdom,Sale
536557,22835,HOT WATER BOTTLE I AM SO POORLY,12/1/2010,1,4.65,4.65,17841,United Kingdom,Sale
536557,21485,RETROSPOT HEART HOT WATER BOTTLE,12/1/2010,2,4.95,9.9,17841,United Kingdom,Sale
536557,22111,SCOTTIE DOG HOT WATER BOTTLE,12/1/2010,7,4.95,34.65,17841,United Kingdom,Sale
536557,22667,RECIPE BOX RETROSPOT,12/1/2010,1,2.95,2.95,17841,United Kingdom,Sale
536557,22666,RECIPE BOX PANTRY YELLOW DESIGN,12/1/2010,1,2.95,2.95,17841,United Kingdom,Sale
536557,21259,VICTORIAN SEWING BOX SMALL,12/1/2010,4,5.95,23.8,17841,United Kingdom,Sale
536557,22941,CHRISTMAS LIGHTS 10 REINDEER,12/1/2010,1,8.5,8.5,17841,United Kingdom,Sale
536557,82484,WOOD BLACK BOARD ANT WHITE FINISH,12/1/2010,1,6.45,6.45,17841,United Kingdom,Sale
536557,84685,BEACH HUT KEY CABINET,12/1/2010,1,3.75,3.75,17841,United Kingdom,Sale
536557,21363,HOME SMALL WOOD LETTERS,12/1/2010,1,4.95,4.95,17841,United Kingdom,Sale
536557,85232B,SET OF 3 BABUSHKA STACKING TINS,12/1/2010,1,4.95,4.95,17841,United Kingdom,Sale
536557,22755,SMALL PURPLE BABUSHKA NOTEBOOK,12/1/2010,11,0.85,9.35,17841,United Kingdom,Sale
536557,20616,CHERRY BLOSSOM PASSPORT COVER,12/1/2010,2,2.1,4.2,17841,United Kingdom,Sale
536557,22451,SILK PURSE BABUSHKA RED,12/1/2010,3,3.35,10.05,17841,United Kingdom,Sale
536557,22114,HOT WATER BOTTLE TEA AND SYMPATHY,12/1/2010,1,3.95,3.95,17841,United Kingdom,Sale
536557,22753,SMALL YELLOW BABUSHKA NOTEBOOK,12/1/2010,9,0.85,7.65,17841,United Kingdom,Sale
536557,79066K,RETRO MOD TRAY,12/1/2010,1,0.85,0.85,17841,United Kingdom,Sale
536557,22794,SWEETHEART WIRE MAGAZINE RACK,12/1/2010,1,7.95,7.95,17841,United Kingdom,Sale
536557,22592,CARDHOLDER HOLLY WREATH METAL,12/1/2010,1,3.75,3.75,17841,United Kingdom,Sale
536557,84352,SILVER CHRISTMAS TREE BAUBLE STAND,12/1/2010,1,16.95,16.95,17841,United Kingdom,Sale
536557,79321,CHILLI LIGHTS,12/1/2010,24,4.25,102,17841,United Kingdom,Sale
536557,22694,WICKER STAR,12/1/2010,2,2.1,4.2,17841,United Kingdom,Sale
536557,21098,CHRISTMAS TOILET ROLL,12/1/2010,2,1.25,2.5,17841,United Kingdom,Sale
536557,22470,HEART OF WICKER LARGE,12/1/2010,2,2.95,5.9,17841,United Kingdom,Sale
536557,22795,SWEETHEART RECIPE BOOK STAND,12/1/2010,2,6.75,13.5,17841,United Kingdom,Sale
536557,20963,APPLE BATH SPONGE,12/1/2010,1,1.25,1.25,17841,United Kingdom,Sale
536557,22278,OVERNIGHT BAG VINTAGE ROSE PAISLEY,12/1/2010,1,4.95,4.95,17841,United Kingdom,Sale
536558,22802,FAUX FUR CHOCOLATE THROW,12/1/2010,5,19.95,99.75,,United Kingdom,Sale
536559,84884A,ANT WHITE WIRE HEART SPIRAL,12/1/2010,10,3.95,39.5,17873,United Kingdom,Sale
536559,51014C,"FEATHER PEN,COAL BLACK",12/1/2010,24,0.85,20.4,17873,United Kingdom,Sale
536559,51014L,"FEATHER PEN,LIGHT PINK",12/1/2010,12,0.85,10.2,17873,United Kingdom,Sale
536559,51014L,"FEATHER PEN,LIGHT PINK",12/1/2010,12,0.85,10.2,17873,United Kingdom,Sale
536559,51014C,"FEATHER PEN,COAL BLACK",12/1/2010,12,0.85,10.2,17873,United Kingdom,Sale
536559,51014A,"FEATHER PEN,HOT PINK",12/1/2010,12,0.85,10.2,17873,United Kingdom,Sale
536559,22366,DOORMAT AIRMAIL,12/1/2010,10,6.75,67.5,17873,United Kingdom,Sale
536559,22876,NUMBER TILE COTTAGE GARDEN 8,12/1/2010,1,1.95,1.95,17873,United Kingdom,Sale
536559,22953,BIRTHDAY PARTY CORDON BARRIER TAPE,12/1/2010,36,1.25,45,17873,United Kingdom,Sale
536560,79321,CHILLI LIGHTS,12/1/2010,48,4.25,204,13093,United Kingdom,Sale
536560,48129,DOORMAT TOPIARY,12/1/2010,10,6.75,67.5,13093,United Kingdom,Sale
536560,48111,DOORMAT 3 SMILEY CATS,12/1/2010,10,6.75,67.5,13093,United Kingdom,Sale
536560,22960,JAM MAKING SET WITH JARS,12/1/2010,12,3.75,45,13093,United Kingdom,Sale
536560,22847,BREAD BIN DINER STYLE IVORY,12/1/2010,4,14.95,59.8,13093,United Kingdom,Sale
536560,22846,BREAD BIN DINER STYLE RED,12/1/2010,4,14.95,59.8,13093,United Kingdom,Sale
536560,22665,RECIPE BOX BLUE SKETCHBOOK DESIGN,12/1/2010,6,2.95,17.7,13093,United Kingdom,Sale
536560,22652,TRAVEL SEWING KIT,12/1/2010,10,1.65,16.5,13093,United Kingdom,Sale
536560,22418,10 COLOUR SPACEBOY PEN,12/1/2010,96,0.85,81.6,13093,United Kingdom,Sale
536560,22402,MAGNETS PACK OF 4 VINTAGE COLLAGE,12/1/2010,12,1.25,15,13093,United Kingdom,Sale
536560,22400,MAGNETS PACK OF 4 HOME SWEET HOME,12/1/2010,12,1.25,15,13093,United Kingdom,Sale
536560,22399,MAGNETS PACK OF 4 CHILDHOOD MEMORY,12/1/2010,12,1.25,15,13093,United Kingdom,Sale
536560,20685,DOORMAT RED RETROSPOT,12/1/2010,20,6.75,135,13093,United Kingdom,Sale
536561,22318,FIVE HEART HANGING DECORATION,12/1/2010,6,2.95,17.7,12921,United Kingdom,Sale
536561,22551,PLASTERS IN TIN SPACEBOY,12/1/2010,12,1.65,19.8,12921,United Kingdom,Sale
536561,22748,POPPY'S PLAYHOUSE KITCHEN,12/1/2010,6,2.1,12.6,12921,United Kingdom,Sale
536561,22745,POPPY'S PLAYHOUSE BEDROOM,12/1/2010,6,2.1,12.6,12921,United Kingdom,Sale
536561,21731,RED TOADSTOOL LED NIGHT LIGHT,12/1/2010,12,1.65,19.8,12921,United Kingdom,Sale
536561,22466,FAIRY TALE COTTAGE NIGHT LIGHT,12/1/2010,12,1.95,23.4,12921,United Kingdom,Sale
536561,20972,PINK CREAM FELT CRAFT TRINKET BOX,12/1/2010,12,1.25,15,12921,United Kingdom,Sale
536561,22274,FELTCRAFT DOLL EMILY,12/1/2010,6,2.95,17.7,12921,United Kingdom,Sale
536561,22750,FELTCRAFT PRINCESS LOLA DOLL,12/1/2010,4,3.75,15,12921,United Kingdom,Sale
536561,22780,LIGHT GARLAND BUTTERFILES PINK,12/1/2010,8,4.25,34,12921,United Kingdom,Sale
536561,22779,WOODEN OWLS LIGHT GARLAND,12/1/2010,8,4.25,34,12921,United Kingdom,Sale
536561,22866,HAND WARMER SCOTTY DOG DESIGN,12/1/2010,12,2.1,25.2,12921,United Kingdom,Sale
536561,22867,HAND WARMER BIRD DESIGN,12/1/2010,12,2.1,25.2,12921,United Kingdom,Sale
536561,22865,HAND WARMER OWL DESIGN,12/1/2010,12,2.1,25.2,12921,United Kingdom,Sale
536561,22632,HAND WARMER RED RETROSPOT,12/1/2010,12,2.1,25.2,12921,United Kingdom,Sale
536562,21777,RECIPE BOX WITH METAL HEART,12/1/2010,2,7.95,15.9,13468,United Kingdom,Sale
536562,79302M,"ART LIGHTS,FUNK MONKEY",12/1/2010,6,2.95,17.7,13468,United Kingdom,Sale
536562,22752,SET 7 BABUSHKA NESTING BOXES,12/1/2010,2,8.5,17,13468,United Kingdom,Sale
536562,21609,SET 12 LAVENDER  BOTANICAL T-LIGHTS,12/1/2010,6,2.95,17.7,13468,United Kingdom,Sale
536562,20685,DOORMAT RED RETROSPOT,12/1/2010,2,7.95,15.9,13468,United Kingdom,Sale
536562,48185,DOORMAT FAIRY CAKE,12/1/2010,2,7.95,15.9,13468,United Kingdom,Sale
536562,48194,DOORMAT HEARTS,12/1/2010,2,7.95,15.9,13468,United Kingdom,Sale
536562,22423,REGENCY CAKESTAND 3 TIER,12/1/2010,2,12.75,25.5,13468,United Kingdom,Sale
536562,37446,MINI CAKE STAND WITH HANGING CAKES,12/1/2010,8,1.45,11.6,13468,United Kingdom,Sale
536562,37449,CERAMIC CAKE STAND + HANGING CAKES,12/1/2010,2,9.95,19.9,13468,United Kingdom,Sale
536562,21231,SWEETHEART CERAMIC TRINKET BOX,12/1/2010,12,1.25,15,13468,United Kingdom,Sale
536562,21232,STRAWBERRY CERAMIC TRINKET BOX,12/1/2010,12,1.25,15,13468,United Kingdom,Sale
536562,84509B,SET OF 4 FAIRY CAKE PLACEMATS,12/1/2010,4,3.75,15,13468,United Kingdom,Sale
536562,22313,OFFICE MUG WARMER PINK,12/1/2010,6,2.95,17.7,13468,United Kingdom,Sale
536562,22314,OFFICE MUG WARMER CHOC+BLUE,12/1/2010,6,2.95,17.7,13468,United Kingdom,Sale
536562,21181,PLEASE ONE PERSON METAL SIGN,12/1/2010,12,2.1,25.2,13468,United Kingdom,Sale
536562,72741,GRAND CHOCOLATECANDLE,12/1/2010,9,1.45,13.05,13468,United Kingdom,Sale
536562,22187,GREEN CHRISTMAS TREE CARD HOLDER,12/1/2010,4,4.25,17,13468,United Kingdom,Sale
536563,85199S,SMALL HANGING IVORY/RED WOOD BIRD,12/1/2010,72,0.42,30.24,17760,United Kingdom,Sale
536563,22909,SET OF 20 VINTAGE CHRISTMAS NAPKINS,12/1/2010,10,0.85,8.5,17760,United Kingdom,Sale
536563,22798,ANTIQUE GLASS DRESSING TABLE POT,12/1/2010,4,2.95,11.8,17760,United Kingdom,Sale
536563,22800,ANTIQUE TALL SWIRLGLASS TRINKET POT,12/1/2010,4,3.75,15,17760,United Kingdom,Sale
536563,21818,GLITTER HEART DECORATION,12/1/2010,36,0.85,30.6,17760,United Kingdom,Sale
536563,22976,CIRCUS PARADE CHILDRENS EGG CUP,12/1/2010,24,1.25,30,17760,United Kingdom,Sale
536563,21452,TOADSTOOL MONEY BOX,12/1/2010,10,2.95,29.5,17760,United Kingdom,Sale
536563,22964,3 PIECE SPACEBOY COOKIE CUTTER SET,12/1/2010,4,2.1,8.4,17760,United Kingdom,Sale
536563,22941,CHRISTMAS LIGHTS 10 REINDEER,12/1/2010,1,8.5,8.5,17760,United Kingdom,Sale
536564,37446,MINI CAKE STAND WITH HANGING CAKES,12/1/2010,8,1.45,11.6,13468,United Kingdom,Sale
536564,37449,CERAMIC CAKE STAND + HANGING CAKES,12/1/2010,4,9.95,39.8,13468,United Kingdom,Sale
536565,21372,MIRRORED WALL ART TABLE LAMP,12/1/2010,1,2.95,2.95,,United Kingdom,Sale
536565,21369,MIRRORED WALL ART SPLODGES,12/1/2010,1,3.75,3.75,,United Kingdom,Sale
536566,21668,RED STRIPE CERAMIC DRAWER KNOB,12/1/2010,6,1.25,7.5,16928,United Kingdom,Sale
536566,22771,CLEAR DRAWER KNOB ACRYLIC EDWARDIAN,12/1/2010,10,1.25,12.5,16928,United Kingdom,Sale
536566,22805,BLUE DRAWER KNOB ACRYLIC EDWARDIAN,12/1/2010,9,1.25,11.25,16928,United Kingdom,Sale
536566,22772,PINK DRAWER KNOB ACRYLIC EDWARDIAN,12/1/2010,20,1.25,25,16928,United Kingdom,Sale
536566,22774,RED DRAWER KNOB ACRYLIC EDWARDIAN,12/1/2010,36,1.25,45,16928,United Kingdom,Sale
536566,22773,GREEN DRAWER KNOB ACRYLIC EDWARDIAN,12/1/2010,12,1.25,15,16928,United Kingdom,Sale
536567,22867,HAND WARMER BIRD DESIGN,12/1/2010,24,2.1,50.4,16048,United Kingdom,Sale
536567,22866,HAND WARMER SCOTTY DOG DESIGN,12/1/2010,24,2.1,50.4,16048,United Kingdom,Sale
536567,22865,HAND WARMER OWL DESIGN,12/1/2010,24,2.1,50.4,16048,United Kingdom,Sale
536567,21231,SWEETHEART CERAMIC TRINKET BOX,12/1/2010,12,1.25,15,16048,United Kingdom,Sale
536567,22645,CERAMIC HEART FAIRY CAKE MONEY BANK,12/1/2010,12,1.45,17.4,16048,United Kingdom,Sale
536567,22646,CERAMIC STRAWBERRY CAKE MONEY BANK,12/1/2010,12,1.45,17.4,16048,United Kingdom,Sale
536567,22632,HAND WARMER RED RETROSPOT,12/1/2010,24,2.1,50.4,16048,United Kingdom,Sale
536568,22915,ASSORTED BOTTLE TOP  MAGNETS,12/1/2010,12,0.42,5.04,16048,United Kingdom,Sale
536569,22171,3 HOOK PHOTO SHELF ANTIQUE WHITE,12/1/2010,1,8.5,8.5,16274,United Kingdom,Sale
536569,21462,"NURSERY A,B,C PAINTED LETTERS",12/1/2010,1,6.75,6.75,16274,United Kingdom,Sale
536569,22622,BOX OF VINTAGE ALPHABET BLOCKS,12/1/2010,1,9.95,9.95,16274,United Kingdom,Sale
536569,22616,PACK OF 12 LONDON TISSUES,12/1/2010,12,0.29,3.48,16274,United Kingdom,Sale
536569,22713,CARD I LOVE LONDON,12/1/2010,12,0.42,5.04,16274,United Kingdom,Sale
536569,22111,SCOTTIE DOG HOT WATER BOTTLE,12/1/2010,1,4.95,4.95,16274,United Kingdom,Sale
536569,22496,SET OF 2 ROUND TINS DUTCH CHEESE,12/1/2010,1,2.95,2.95,16274,United Kingdom,Sale
536569,84870C,GREEN GEISHA GIRL,12/1/2010,1,3.75,3.75,16274,United Kingdom,Sale
536569,22659,LUNCH BOX I LOVE LONDON,12/1/2010,1,1.95,1.95,16274,United Kingdom,Sale
536569,22494,EMERGENCY FIRST AID TIN,12/1/2010,1,1.25,1.25,16274,United Kingdom,Sale
536569,22111,SCOTTIE DOG HOT WATER BOTTLE,12/1/2010,1,4.95,4.95,16274,United Kingdom,Sale
536569,22113,GREY HEART HOT WATER BOTTLE,12/1/2010,1,3.75,3.75,16274,United Kingdom,Sale
536569,84870B,BLUE GEISHA GIRL,12/1/2010,1,3.75,3.75,16274,United Kingdom,Sale
536569,22119,PEACE WOODEN BLOCK LETTERS,12/1/2010,1,6.95,6.95,16274,United Kingdom,Sale
536569,22121,NOEL WOODEN BLOCK LETTERS,12/1/2010,1,5.95,5.95,16274,United Kingdom,Sale
536569,22765,NEWSPAPER STAND,12/1/2010,1,14.95,14.95,16274,United Kingdom,Sale
536569,21351,CINAMMON & ORANGE WREATH,12/1/2010,2,6.75,13.5,16274,United Kingdom,Sale
536569,22130,PARTY CONE CHRISTMAS DECORATION,12/1/2010,12,0.85,10.2,16274,United Kingdom,Sale
536569,21191,LARGE WHITE HONEYCOMB PAPER BELL,12/1/2010,2,2.1,4.2,16274,United Kingdom,Sale
536569,22945,CHRISTMAS METAL TAGS ASSORTED,12/1/2010,12,0.85,10.2,16274,United Kingdom,Sale
536569,22581,WOOD STOCKING CHRISTMAS SCANDISPOT,12/1/2010,3,0.85,2.55,16274,United Kingdom,Sale
536569,22639,SET OF 4 NAPKIN CHARMS HEARTS,12/1/2010,1,2.55,2.55,16274,United Kingdom,Sale
536569,22579,WOODEN TREE CHRISTMAS SCANDINAVIAN,12/1/2010,1,0.85,0.85,16274,United Kingdom,Sale
536569,22572,ROCKING HORSE GREEN CHRISTMAS,12/1/2010,1,0.85,0.85,16274,United Kingdom,Sale
536569,21809,CHRISTMAS HANGING TREE WITH BELL,12/1/2010,1,1.25,1.25,16274,United Kingdom,Sale
536569,21818,GLITTER HEART DECORATION,12/1/2010,1,0.85,0.85,16274,United Kingdom,Sale
536569,22571,ROCKING HORSE RED CHRISTMAS,12/1/2010,4,0.85,3.4,16274,United Kingdom,Sale
536569,21810,CHRISTMAS HANGING STAR WITH BELL,12/1/2010,2,1.25,2.5,16274,United Kingdom,Sale
536569,21809,CHRISTMAS HANGING TREE WITH BELL,12/1/2010,1,1.25,1.25,16274,United Kingdom,Sale
536569,21147,JINGLE BELLS TREE DECORATION,12/1/2010,2,2.1,4.2,16274,United Kingdom,Sale
536569,21811,HANGING HEART WITH BELL,12/1/2010,2,1.25,2.5,16274,United Kingdom,Sale
536569,22640,SET OF 4 NAPKIN CHARMS 3 KEYS,12/1/2010,1,2.55,2.55,16274,United Kingdom,Sale
536569,22641,SET OF 4 NAPKIN CHARMS INSTRUMENT,12/1/2010,2,2.55,5.1,16274,United Kingdom,Sale
536569,22638,SET OF 4 NAPKIN CHARMS CROWNS,12/1/2010,1,2.55,2.55,16274,United Kingdom,Sale
536569,22573,STAR WOODEN CHRISTMAS DECORATION,12/1/2010,1,0.85,0.85,16274,United Kingdom,Sale
536569,22576,SWALLOW WOODEN CHRISTMAS DECORATION,12/1/2010,3,0.85,2.55,16274,United Kingdom,Sale
536569,22603,CHRISTMAS RETROSPOT TREE WOOD,12/1/2010,1,0.85,0.85,16274,United Kingdom,Sale
536569,21817,GLITTER CHRISTMAS TREE,12/1/2010,1,0.85,0.85,16274,United Kingdom,Sale
536569,21813,GARLAND WITH STARS AND BELLS,12/1/2010,1,4.95,4.95,16274,United Kingdom,Sale
536569,21808,"CHRISTMAS GARLAND STARS,TREES",12/1/2010,1,3.75,3.75,16274,United Kingdom,Sale
536569,21804,WHITE CHRISTMAS GARLAND STARS TREES,12/1/2010,1,3.75,3.75,16274,United Kingdom,Sale
536569,21014,SWISS CHALET TREE DECORATION,12/1/2010,2,0.85,1.7,16274,United Kingdom,Sale
536569,21823,PAINTED METAL HEART WITH HOLLY BELL,12/1/2010,4,1.45,5.8,16274,United Kingdom,Sale
536569,22086,PAPER CHAIN KIT 50'S CHRISTMAS,12/1/2010,1,2.95,2.95,16274,United Kingdom,Sale
536569,21018,BIRD BOX CHRISTMAS TREE DECORATION,12/1/2010,2,0.85,1.7,16274,United Kingdom,Sale
536569,22739,RIBBON REEL CHRISTMAS SOCK BAUBLE,12/1/2010,1,1.65,1.65,16274,United Kingdom,Sale
536569,22738,RIBBON REEL SNOWY VILLAGE,12/1/2010,1,1.65,1.65,16274,United Kingdom,Sale
536569,22635,CHILDS BREAKFAST SET DOLLY GIRL,12/1/2010,1,9.95,9.95,16274,United Kingdom,Sale
536569,22731,3D CHRISTMAS STAMPS STICKERS,12/1/2010,2,1.25,2.5,16274,United Kingdom,Sale
536569,22428,ENAMEL FIRE BUCKET CREAM,12/1/2010,1,6.95,6.95,16274,United Kingdom,Sale
536569,22946,WOODEN ADVENT CALENDAR CREAM,12/1/2010,1,16.95,16.95,16274,United Kingdom,Sale
536569,22825,DECORATIVE PLANT POT WITH FRIEZE,12/1/2010,1,7.95,7.95,16274,United Kingdom,Sale
536569,21871,SAVE THE PLANET MUG,12/1/2010,1,1.25,1.25,16274,United Kingdom,Sale
536569,21071,VINTAGE BILLBOARD DRINK ME MUG,12/1/2010,1,1.25,1.25,16274,United Kingdom,Sale
536569,21340,CLASSIC METAL BIRDCAGE PLANT HOLDER,12/1/2010,1,12.75,12.75,16274,United Kingdom,Sale
536569,22816,CARD MOTORBIKE SANTA,12/1/2010,12,0.42,5.04,16274,United Kingdom,Sale
536569,22818,CARD CHRISTMAS VILLAGE,12/1/2010,12,0.42,5.04,16274,United Kingdom,Sale
536569,21591,COSY HOUR CIGAR BOX MATCHES,12/1/2010,2,1.25,2.5,16274,United Kingdom,Sale
536569,21587,COSY HOUR GIANT TUBE MATCHES,12/1/2010,3,2.55,7.65,16274,United Kingdom,Sale
536569,22750,FELTCRAFT PRINCESS LOLA DOLL,12/1/2010,1,3.75,3.75,16274,United Kingdom,Sale
536569,22767,TRIPLE PHOTO FRAME CORNICE,12/1/2010,1,9.95,9.95,16274,United Kingdom,Sale
536569,22660,DOORMAT I LOVE LONDON,12/1/2010,1,7.95,7.95,16274,United Kingdom,Sale
536569,85232B,SET OF 3 BABUSHKA STACKING TINS,12/1/2010,1,4.95,4.95,16274,United Kingdom,Sale
536569,22941,CHRISTMAS LIGHTS 10 REINDEER,12/1/2010,1,8.5,8.5,16274,United Kingdom,Sale
536569,21761,WOOD AND GLASS MEDICINE CABINET,12/1/2010,1,29.95,29.95,16274,United Kingdom,Sale
536570,84836,ZINC METAL HEART DECORATION,12/1/2010,12,1.25,15,14496,United Kingdom,Sale
536570,21781,MA CAMPAGNE CUTLERY BOX,12/1/2010,2,14.95,29.9,14496,United Kingdom,Sale
536570,22457,NATURAL SLATE HEART CHALKBOARD,12/1/2010,12,2.95,35.4,14496,United Kingdom,Sale
536570,22113,GREY HEART HOT WATER BOTTLE,12/1/2010,36,3.39,122.04,14496,United Kingdom,Sale
536570,22835,HOT WATER BOTTLE I AM SO POORLY,12/1/2010,24,4.25,102,14496,United Kingdom,Sale
536571,85032D,YULETIDE IMAGES GIFT WRAP SET,12/1/2010,6,2.1,12.6,14696,United Kingdom,Sale
536571,22696,WICKER WREATH LARGE,12/1/2010,6,1.95,11.7,14696,United Kingdom,Sale
536571,21790,VINTAGE SNAP CARDS,12/1/2010,12,0.85,10.2,14696,United Kingdom,Sale
536571,84360,TABLE LAMP WHITE SHADE WOOD BASE,12/1/2010,2,5.95,11.9,14696,United Kingdom,Sale
536571,35954,SMALL FOLKART STAR CHRISTMAS DEC,12/1/2010,48,0.42,20.16,14696,United Kingdom,Sale
536571,35957,SMALLFOLKART BAUBLE CHRISTMAS DEC,12/1/2010,48,0.42,20.16,14696,United Kingdom,Sale
536571,84760S,SMALL HANGING GLASS+ZINC LANTERN,12/1/2010,12,1.45,17.4,14696,United Kingdom,Sale
536571,72816,SET/3 CHRISTMAS DECOUPAGE CANDLES,12/1/2010,12,1.25,15,14696,United Kingdom,Sale
536571,84754,S/15 SILVER GLASS BAUBLES IN BAG,12/1/2010,12,1.25,15,14696,United Kingdom,Sale
536571,22444,GROW YOUR OWN PLANT IN A CAN,12/1/2010,24,1.25,30,14696,United Kingdom,Sale
536571,35598D,PINK/WHITE CHRISTMAS TREE 60CM,12/1/2010,24,0.65,15.6,14696,United Kingdom,Sale
536571,85045,GREEN CHRISTMAS TREE STRING 20LIGHT,12/1/2010,4,4.95,19.8,14696,United Kingdom,Sale
536571,21352,EUCALYPTUS & PINECONE  WREATH,12/1/2010,2,6.75,13.5,14696,United Kingdom,Sale
536571,22065,CHRISTMAS PUDDING TRINKET POT,12/1/2010,12,1.45,17.4,14696,United Kingdom,Sale
536571,35598B,BLACK CHRISTMAS TREE 60CM,12/1/2010,24,0.65,15.6,14696,United Kingdom,Sale
536571,85099C,JUMBO  BAG BAROQUE BLACK WHITE,12/1/2010,10,1.95,19.5,14696,United Kingdom,Sale
536571,22952,60 CAKE CASES VINTAGE CHRISTMAS,12/1/2010,24,0.55,13.2,14696,United Kingdom,Sale
536571,85048,15CM CHRISTMAS GLASS BALL 20 LIGHTS,12/1/2010,2,7.95,15.9,14696,United Kingdom,Sale
536572,22589,CARDHOLDER GINGHAM STAR,12/1/2010,6,2.55,15.3,16539,United Kingdom,Sale
536572,22121,NOEL WOODEN BLOCK LETTERS,12/1/2010,3,5.95,17.85,16539,United Kingdom,Sale
536572,22119,PEACE WOODEN BLOCK LETTERS,12/1/2010,3,6.95,20.85,16539,United Kingdom,Sale
536572,22573,STAR WOODEN CHRISTMAS DECORATION,12/1/2010,24,0.85,20.4,16539,United Kingdom,Sale
536572,22574,HEART WOODEN CHRISTMAS DECORATION,12/1/2010,24,0.85,20.4,16539,United Kingdom,Sale
536572,22577,WOODEN HEART CHRISTMAS SCANDINAVIAN,12/1/2010,24,0.85,20.4,16539,United Kingdom,Sale
536572,22578,WOODEN STAR CHRISTMAS SCANDINAVIAN,12/1/2010,24,0.85,20.4,16539,United Kingdom,Sale
536572,22579,WOODEN TREE CHRISTMAS SCANDINAVIAN,12/1/2010,24,0.85,20.4,16539,United Kingdom,Sale
536572,22593,CHRISTMAS GINGHAM STAR,12/1/2010,24,0.85,20.4,16539,United Kingdom,Sale
536572,22594,CHRISTMAS GINGHAM TREE,12/1/2010,24,0.85,20.4,16539,United Kingdom,Sale
536572,22595,GINGHAM HEART DECORATION,12/1/2010,24,0.85,20.4,16539,United Kingdom,Sale
536572,21810,CHRISTMAS HANGING STAR WITH BELL,12/1/2010,12,1.25,15,16539,United Kingdom,Sale
536572,21811,HANGING HEART WITH BELL,12/1/2010,12,1.25,15,16539,United Kingdom,Sale
536572,21817,GLITTER CHRISTMAS TREE,12/1/2010,12,0.85,10.2,16539,United Kingdom,Sale
536572,22695,WICKER WREATH SMALL,12/1/2010,12,1.45,17.4,16539,United Kingdom,Sale
536572,22696,WICKER WREATH LARGE,12/1/2010,6,1.95,11.7,16539,United Kingdom,Sale
536572,21523,DOORMAT FANCY FONT HOME SWEET HOME,12/1/2010,10,6.75,67.5,16539,United Kingdom,Sale
536572,22469,HEART OF WICKER SMALL,12/1/2010,12,1.65,19.8,16539,United Kingdom,Sale
536572,22855,FINE WICKER HEART,12/1/2010,12,1.25,15,16539,United Kingdom,Sale
536572,21754,HOME BUILDING BLOCK WORD,12/1/2010,6,5.95,35.7,16539,United Kingdom,Sale
536572,21756,BATH BUILDING BLOCK WORD,12/1/2010,3,5.95,17.85,16539,United Kingdom,Sale
536573,84755,COLOUR GLASS T-LIGHT HOLDER HANGING,12/1/2010,16,0.65,10.4,17025,United Kingdom,Sale
536573,84970L,SINGLE HEART ZINC T-LIGHT HOLDER,12/1/2010,12,0.95,11.4,17025,United Kingdom,Sale
536573,22178,VICTORIAN GLASS HANGING T-LIGHT,12/1/2010,36,1.25,45,17025,United Kingdom,Sale
536573,22791,T-LIGHT GLASS FLUTED ANTIQUE,12/1/2010,72,1.06,76.32,17025,United Kingdom,Sale
536574,21756,BATH BUILDING BLOCK WORD,12/1/2010,3,5.95,17.85,17025,United Kingdom,Sale
536575,21864,UNION JACK FLAG PASSPORT COVER,12/1/2010,72,1.69,121.68,13777,United Kingdom,Sale
536575,21107,CREAM SLICE FLANNEL PINK SPOT,12/1/2010,72,2.55,183.6,13777,United Kingdom,Sale
536575,21232,STRAWBERRY CERAMIC TRINKET BOX,12/1/2010,144,1.25,180,13777,United Kingdom,Sale
536575,84050,PINK HEART SHAPE EGG FRYING PAN,12/1/2010,72,1.25,90,13777,United Kingdom,Sale
536575,85099B,JUMBO BAG RED RETROSPOT,12/1/2010,70,1.65,115.5,13777,United Kingdom,Sale
536575,85123A,WHITE HANGING HEART T-LIGHT HOLDER,12/1/2010,128,2.55,326.4,13777,United Kingdom,Sale
536575,15056P,EDWARDIAN PARASOL PINK,12/1/2010,48,4.6,220.8,13777,United Kingdom,Sale
536575,22095,LADS ONLY TISSUE BOX,12/1/2010,252,1.25,315,13777,United Kingdom,Sale
536576,22041,"RECORD FRAME 7"" SINGLE SIZE",12/1/2010,144,2.1,302.4,13777,United Kingdom,Sale
536576,85174,S/4 CACTI CANDLES,12/1/2010,16,4.25,68,13777,United Kingdom,Sale
536576,84050,PINK HEART SHAPE EGG FRYING PAN,12/1/2010,96,1.25,120,13777,United Kingdom,Sale
536576,84029E,RED WOOLLY HOTTIE WHITE HEART,12/1/2010,96,2.95,283.2,13777,United Kingdom,Sale
536576,82615,PINK MARSHMALLOW SCARF KNITTING KIT,12/1/2010,36,2.55,91.8,13777,United Kingdom,Sale
536576,21156,RETROSPOT CHILDRENS APRON,12/1/2010,12,1.65,19.8,13777,United Kingdom,Sale
536576,20727,LUNCH BAG  BLACK SKULL,12/1/2010,60,1.45,87,13777,United Kingdom,Sale
536576,35004C,SET OF 3 COLOURED  FLYING DUCKS,12/1/2010,120,4.65,558,13777,United Kingdom,Sale
536576,85099B,JUMBO BAG RED RETROSPOT,12/1/2010,30,1.65,49.5,13777,United Kingdom,Sale
536576,85123A,WHITE HANGING HEART T-LIGHT HOLDER,12/1/2010,128,2.55,326.4,13777,United Kingdom,Sale
536576,22095,LADS ONLY TISSUE BOX,12/1/2010,72,1.25,90,13777,United Kingdom,Sale
536576,85038,6 CHOCOLATE LOVE HEART T-LIGHTS,12/1/2010,72,1.69,121.68,13777,United Kingdom,Sale
536576,15056N,EDWARDIAN PARASOL NATURAL,12/1/2010,36,4.25,153,13777,United Kingdom,Sale
536576,20971,PINK BLUE FELT CRAFT TRINKET BOX,12/1/2010,144,1.06,152.64,13777,United Kingdom,Sale
536576,21354,TOAST ITS - BEST MUM,12/1/2010,12,1.05,12.6,13777,United Kingdom,Sale
536576,21107,CREAM SLICE FLANNEL PINK SPOT,12/1/2010,48,2.55,122.4,13777,United Kingdom,Sale
536577,20725,LUNCH BAG RED RETROSPOT,12/1/2010,60,1.45,87,13777,United Kingdom,Sale
536577,21232,STRAWBERRY CERAMIC TRINKET BOX,12/1/2010,144,1.25,180,13777,United Kingdom,Sale
536577,22646,CERAMIC STRAWBERRY CAKE MONEY BANK,12/1/2010,144,1.25,180,13777,United Kingdom,Sale
536577,22147,FELTCRAFT BUTTERFLY HEARTS,12/1/2010,40,1.25,50,13777,United Kingdom,Sale
536578,22837,HOT WATER BOTTLE BABUSHKA,12/1/2010,12,4.65,55.8,17690,United Kingdom,Sale
536578,21484,CHICK GREY HOT WATER BOTTLE,12/1/2010,8,3.45,27.6,17690,United Kingdom,Sale
536578,22865,HAND WARMER OWL DESIGN,12/1/2010,24,2.1,50.4,17690,United Kingdom,Sale
536578,22866,HAND WARMER SCOTTY DOG DESIGN,12/1/2010,24,2.1,50.4,17690,United Kingdom,Sale
536578,22834,HAND WARMER BABUSHKA DESIGN,12/1/2010,24,2.1,50.4,17690,United Kingdom,Sale
536578,22726,ALARM CLOCK BAKELIKE GREEN,12/1/2010,4,3.75,15,17690,United Kingdom,Sale
536578,22728,ALARM CLOCK BAKELIKE PINK,12/1/2010,4,3.75,15,17690,United Kingdom,Sale
536578,22729,ALARM CLOCK BAKELIKE ORANGE,12/1/2010,4,3.75,15,17690,United Kingdom,Sale
536579,21232,STRAWBERRY CERAMIC TRINKET BOX,12/1/2010,216,1.06,228.96,13777,United Kingdom,Sale
536579,20727,LUNCH BAG  BLACK SKULL,12/1/2010,60,1.45,87,13777,United Kingdom,Sale
536580,22966,GINGERBREAD MAN COOKIE CUTTER,12/1/2010,12,1.25,15,17690,United Kingdom,Sale
536580,22965,3 TRADITIONAl BISCUIT CUTTERS  SET,12/1/2010,6,2.1,12.6,17690,United Kingdom,Sale
536580,22975,SPACEBOY CHILDRENS EGG CUP,12/1/2010,12,1.25,15,17690,United Kingdom,Sale
536580,22988,SOLDIERS EGG CUP,12/1/2010,12,1.25,15,17690,United Kingdom,Sale
536580,22972,CHILDREN'S SPACEBOY MUG,12/1/2010,12,1.65,19.8,17690,United Kingdom,Sale
536580,22974,CHILDRENS DOLLY GIRL MUG,12/1/2010,12,1.65,19.8,17690,United Kingdom,Sale
536581,85099B,JUMBO BAG RED RETROSPOT,12/1/2010,200,1.65,330,13777,United Kingdom,Sale
536582,21668,RED STRIPE CERAMIC DRAWER KNOB,12/1/2010,12,1.25,15,12947,United Kingdom,Sale
536582,21672,WHITE SPOT RED CERAMIC DRAWER KNOB,12/1/2010,12,1.25,15,12947,United Kingdom,Sale
536582,22771,CLEAR DRAWER KNOB ACRYLIC EDWARDIAN,12/1/2010,24,1.25,30,12947,United Kingdom,Sale
536582,22530,MAGIC DRAWING SLATE DOLLY GIRL,12/1/2010,24,0.42,10.08,12947,United Kingdom,Sale
536582,22534,MAGIC DRAWING SLATE SPACEBOY,12/1/2010,24,0.42,10.08,12947,United Kingdom,Sale
536582,21374,MIRRORED WALL ART SKULLS,12/1/2010,4,3.75,15,12947,United Kingdom,Sale
536582,21365,MIRRORED WALL ART STARS,12/1/2010,6,2.95,17.7,12947,United Kingdom,Sale
536582,21479,WHITE SKULL HOT WATER BOTTLE,12/1/2010,8,3.75,30,12947,United Kingdom,Sale
536582,21481,FAWN BLUE HOT WATER BOTTLE,12/1/2010,6,2.95,17.7,12947,United Kingdom,Sale
536582,84032A,CHARLIE+LOLA PINK HOT WATER BOTTLE,12/1/2010,6,2.95,17.7,12947,United Kingdom,Sale
536582,84031A,CHARLIE+LOLA RED HOT WATER BOTTLE,12/1/2010,6,4.65,27.9,12947,United Kingdom,Sale
536582,21509,COWBOYS AND INDIANS BIRTHDAY CARD,12/1/2010,12,0.42,5.04,12947,United Kingdom,Sale
536582,22025,RING OF ROSES BIRTHDAY CARD,12/1/2010,12,0.42,5.04,12947,United Kingdom,Sale
536582,22650,CERAMIC PIRATE CHEST MONEY BANK,12/1/2010,12,1.45,17.4,12947,United Kingdom,Sale
536582,22637,PIGGY BANK RETROSPOT,12/1/2010,12,2.55,30.6,12947,United Kingdom,Sale
536582,22634,CHILDS BREAKFAST SET SPACEBOY,12/1/2010,2,9.95,19.9,12947,United Kingdom,Sale
536582,22635,CHILDS BREAKFAST SET DOLLY GIRL,12/1/2010,2,9.95,19.9,12947,United Kingdom,Sale
536583,21156,RETROSPOT CHILDRENS APRON,12/1/2010,120,1.65,198,13777,United Kingdom,Sale
536584,84029E,RED WOOLLY HOTTIE WHITE HEART,12/1/2010,384,2.95,1132.8,13777,United Kingdom,Sale
536585,37449,CERAMIC CAKE STAND + HANGING CAKES,12/1/2010,2,9.95,19.9,17460,United Kingdom,Sale
536586,22846,BREAD BIN DINER STYLE RED,12/1/2010,8,14.95,119.6,18229,United Kingdom,Sale
536586,22848,BREAD BIN DINER STYLE PINK,12/1/2010,8,14.95,119.6,18229,United Kingdom,Sale
536586,22726,ALARM CLOCK BAKELIKE GREEN,12/1/2010,8,3.75,30,18229,United Kingdom,Sale
536586,22728,ALARM CLOCK BAKELIKE PINK,12/1/2010,8,3.75,30,18229,United Kingdom,Sale
536586,22725,ALARM CLOCK BAKELIKE CHOCOLATE,12/1/2010,4,3.75,15,18229,United Kingdom,Sale
536586,22729,ALARM CLOCK BAKELIKE ORANGE,12/1/2010,4,3.75,15,18229,United Kingdom,Sale
536586,22730,ALARM CLOCK BAKELIKE IVORY,12/1/2010,4,3.75,15,18229,United Kingdom,Sale
536587,37448,CERAMIC CAKE DESIGN SPOTTED MUG,12/1/2010,12,1.49,17.88,14142,United Kingdom,Sale
536587,22744,MAKE YOUR OWN MONSOON CARD KIT,12/1/2010,6,2.95,17.7,14142,United Kingdom,Sale
536587,22743,MAKE YOUR OWN FLOWERPOWER CARD KIT,12/1/2010,6,2.95,17.7,14142,United Kingdom,Sale
536587,22646,CERAMIC STRAWBERRY CAKE MONEY BANK,12/1/2010,12,1.45,17.4,14142,United Kingdom,Sale
536587,21232,STRAWBERRY CERAMIC TRINKET BOX,12/1/2010,12,1.25,15,14142,United Kingdom,Sale
536587,22466,FAIRY TALE COTTAGE NIGHT LIGHT,12/1/2010,12,1.95,23.4,14142,United Kingdom,Sale
536587,22540,MINI JIGSAW CIRCUS PARADE,12/1/2010,24,0.42,10.08,14142,United Kingdom,Sale
536587,22531,MAGIC DRAWING SLATE CIRCUS PARADE,12/1/2010,24,0.42,10.08,14142,United Kingdom,Sale
536587,16237,SLEEPING CAT ERASERS,12/1/2010,30,0.21,6.3,14142,United Kingdom,Sale
536587,22752,SET 7 BABUSHKA NESTING BOXES,12/1/2010,2,8.5,17,14142,United Kingdom,Sale
536587,22114,HOT WATER BOTTLE TEA AND SYMPATHY,12/1/2010,4,3.95,15.8,14142,United Kingdom,Sale
536587,21108,FAIRY CAKE FLANNEL ASSORTED COLOUR,12/1/2010,9,2.55,22.95,14142,United Kingdom,Sale
536587,22355,CHARLOTTE BAG SUKI DESIGN,12/1/2010,10,0.85,8.5,14142,United Kingdom,Sale
536587,22449,SILK PURSE BABUSHKA PINK,12/1/2010,6,3.35,20.1,14142,United Kingdom,Sale
536587,22867,HAND WARMER BIRD DESIGN,12/1/2010,12,2.1,25.2,14142,United Kingdom,Sale
536587,21986,PACK OF 12 PINK POLKADOT TISSUES,12/1/2010,24,0.29,6.96,14142,United Kingdom,Sale
536587,21982,PACK OF 12 SUKI TISSUES,12/1/2010,24,0.29,6.96,14142,United Kingdom,Sale
536587,22421,LIPSTICK PEN FUSCHIA,12/1/2010,12,0.42,5.04,14142,United Kingdom,Sale
536587,17003,BROCADE RING PURSE,12/1/2010,36,0.21,7.56,14142,United Kingdom,Sale
536587,21098,CHRISTMAS TOILET ROLL,12/1/2010,12,1.25,15,14142,United Kingdom,Sale
536587,22548,HEADS AND TAILS SPORTING FUN,12/1/2010,12,1.25,15,14142,United Kingdom,Sale
536587,21790,VINTAGE SNAP CARDS,12/1/2010,12,0.85,10.2,14142,United Kingdom,Sale
536588,22960,JAM MAKING SET WITH JARS,12/1/2010,6,4.25,25.5,17069,United Kingdom,Sale
536588,22961,JAM MAKING SET PRINTED,12/1/2010,12,1.45,17.4,17069,United Kingdom,Sale
536588,22962,JAM JAR WITH PINK LID,12/1/2010,12,0.85,10.2,17069,United Kingdom,Sale
536588,22963,JAM JAR WITH GREEN LID,12/1/2010,12,0.85,10.2,17069,United Kingdom,Sale
536588,21777,RECIPE BOX WITH METAL HEART,12/1/2010,1,7.95,7.95,17069,United Kingdom,Sale
536588,22666,RECIPE BOX PANTRY YELLOW DESIGN,12/1/2010,12,2.95,35.4,17069,United Kingdom,Sale
536588,22667,RECIPE BOX RETROSPOT,12/1/2010,12,2.95,35.4,17069,United Kingdom,Sale
536588,84997A,CHILDRENS CUTLERY POLKADOT GREEN,12/1/2010,6,3.75,22.5,17069,United Kingdom,Sale
536588,84997B,CHILDRENS CUTLERY RETROSPOT RED,12/1/2010,6,3.75,22.5,17069,United Kingdom,Sale
536588,84997C,CHILDRENS CUTLERY POLKADOT BLUE,12/1/2010,12,3.75,45,17069,United Kingdom,Sale
536588,84997D,CHILDRENS CUTLERY POLKADOT PINK,12/1/2010,12,3.75,45,17069,United Kingdom,Sale
536590,22969,HOMEMADE JAM SCENTED CANDLES,12/1/2010,12,1.45,17.4,13065,United Kingdom,Sale
536590,85123A,WHITE HANGING HEART T-LIGHT HOLDER,12/1/2010,6,2.95,17.7,13065,United Kingdom,Sale
536590,22112,CHOCOLATE HOT WATER BOTTLE,12/1/2010,3,4.95,14.85,13065,United Kingdom,Sale
536590,22114,HOT WATER BOTTLE TEA AND SYMPATHY,12/1/2010,4,3.95,15.8,13065,United Kingdom,Sale
536590,21340,CLASSIC METAL BIRDCAGE PLANT HOLDER,12/1/2010,1,12.75,12.75,13065,United Kingdom,Sale
536590,22457,NATURAL SLATE HEART CHALKBOARD,12/1/2010,6,2.95,17.7,13065,United Kingdom,Sale
536590,21136,PAINTED METAL PEARS ASSORTED,12/1/2010,8,1.69,13.52,13065,United Kingdom,Sale
536590,22776,SWEETHEART CAKESTAND 3 TIER,12/1/2010,1,9.95,9.95,13065,United Kingdom,Sale
536590,21166,COOK WITH WINE METAL SIGN,12/1/2010,12,1.95,23.4,13065,United Kingdom,Sale
536590,22794,SWEETHEART WIRE MAGAZINE RACK,12/1/2010,2,7.95,15.9,13065,United Kingdom,Sale
536590,71477,COLOURED GLASS STAR T-LIGHT HOLDER,12/1/2010,4,3.25,13,13065,United Kingdom,Sale
536590,22030,SWALLOWS GREETING CARD,12/1/2010,12,0.42,5.04,13065,United Kingdom,Sale
536590,22622,BOX OF VINTAGE ALPHABET BLOCKS,12/1/2010,2,9.95,19.9,13065,United Kingdom,Sale
536590,21055,TOOL BOX SOFT TOY,12/1/2010,1,8.95,8.95,13065,United Kingdom,Sale
536591,21427,SKULLS STORAGE BOX SMALL,12/1/2010,1,2.1,2.1,14606,United Kingdom,Sale
536591,22135,MINI LADLE LOVE HEART PINK,12/1/2010,1,0.42,0.42,14606,United Kingdom,Sale
536591,90214M,"LETTER ""M"" BLING KEY RING",12/1/2010,1,1.25,1.25,14606,United Kingdom,Sale
536591,90214V,"LETTER ""V"" BLING KEY RING",12/1/2010,1,1.25,1.25,14606,United Kingdom,Sale
536591,90214S,"LETTER ""S"" BLING KEY RING",12/1/2010,1,1.25,1.25,14606,United Kingdom,Sale
536591,90214J,"LETTER ""J"" BLING KEY RING",12/1/2010,2,1.25,2.5,14606,United Kingdom,Sale
536591,22386,JUMBO BAG PINK POLKADOT,12/1/2010,1,1.95,1.95,14606,United Kingdom,Sale
536591,22378,WALL TIDY RETROSPOT,12/1/2010,1,2.1,2.1,14606,United Kingdom,Sale
536591,20750,RED RETROSPOT MINI CASES,12/1/2010,1,7.95,7.95,14606,United Kingdom,Sale
536591,21888,BINGO SET,12/1/2010,1,3.75,3.75,14606,United Kingdom,Sale
536591,22321,BIRD DECORATION RED RETROSPOT,12/1/2010,1,0.85,0.85,14606,United Kingdom,Sale
536591,21789,KIDS RAIN MAC PINK,12/1/2010,1,0.85,0.85,14606,United Kingdom,Sale
536591,21238,RED RETROSPOT CUP,12/1/2010,1,0.85,0.85,14606,United Kingdom,Sale
536591,21629,SQUARE FLOOR CUSHION VINTAGE RED,12/1/2010,1,7.95,7.95,14606,United Kingdom,Sale
536591,22379,RECYCLING BAG RETROSPOT,12/1/2010,1,2.1,2.1,14606,United Kingdom,Sale
536591,72807C,SET/3 VANILLA SCENTED CANDLE IN BOX,12/1/2010,2,4.25,8.5,14606,United Kingdom,Sale
536591,22497,SET OF 2 TINS VINTAGE BATHROOM,12/1/2010,1,4.25,4.25,14606,United Kingdom,Sale
536591,21850,BLUE  DIAMANTE PEN IN GIFT BOX,12/1/2010,1,4.95,4.95,14606,United Kingdom,Sale
536591,20978,36 PENCILS TUBE SKULLS,12/1/2010,2,1.25,2.5,14606,United Kingdom,Sale
536591,20768,GREEN FERN JOURNAL,12/1/2010,1,2.55,2.55,14606,United Kingdom,Sale
536591,22081,RIBBON REEL FLORA + FAUNA,12/1/2010,1,1.65,1.65,14606,United Kingdom,Sale
536591,20780,BLACK EAR MUFF HEADPHONES,12/1/2010,1,5.49,5.49,14606,United Kingdom,Sale
536591,51014C,"FEATHER PEN,COAL BLACK",12/1/2010,12,0.85,10.2,14606,United Kingdom,Sale
536591,21398,RED POLKADOT COFFEE  MUG,12/1/2010,1,2.1,2.1,14606,United Kingdom,Sale
536591,22476,EMPIRE UNION JACK TV DINNER TRAY,12/1/2010,2,4.95,9.9,14606,United Kingdom,Sale
536591,21643,ASSORTED TUTTI FRUTTI MIRROR,12/1/2010,3,1.25,3.75,14606,United Kingdom,Sale
536591,72741,GRAND CHOCOLATECANDLE,12/1/2010,27,1.45,39.15,14606,United Kingdom,Sale
536591,21620,SET OF 4 ROSE BOTANICAL CANDLES,12/1/2010,1,3.75,3.75,14606,United Kingdom,Sale
536591,37449,CERAMIC CAKE STAND + HANGING CAKES,12/1/2010,1,9.95,9.95,14606,United Kingdom,Sale
536591,22260,FELT EGG COSY BLUE RABBIT,12/1/2010,5,0.85,4.25,14606,United Kingdom,Sale
536591,22136,LOVE HEART SOCK HANGER,12/1/2010,1,1.65,1.65,14606,United Kingdom,Sale
536591,47591B,SCOTTIES CHILDRENS APRON,12/1/2010,1,1.65,1.65,14606,United Kingdom,Sale
536591,21041,RED RETROSPOT OVEN GLOVE DOUBLE,12/1/2010,1,2.95,2.95,14606,United Kingdom,Sale
536591,21035,SET/2 RED RETROSPOT TEA TOWELS,12/1/2010,1,2.95,2.95,14606,United Kingdom,Sale
536591,85064,CREAM SWEETHEART LETTER RACK,12/1/2010,2,5.45,10.9,14606,United Kingdom,Sale
536591,22121,NOEL WOODEN BLOCK LETTERS,12/1/2010,2,5.95,11.9,14606,United Kingdom,Sale
536591,21488,RED WHITE SCARF  HOT WATER BOTTLE,12/1/2010,1,3.95,3.95,14606,United Kingdom,Sale
536591,21484,CHICK GREY HOT WATER BOTTLE,12/1/2010,2,3.45,6.9,14606,United Kingdom,Sale
536591,22357,KINGS CHOICE BISCUIT TIN,12/1/2010,1,4.25,4.25,14606,United Kingdom,Sale
536591,21985,PACK OF 12 HEARTS DESIGN TISSUES,12/1/2010,4,0.29,1.16,14606,United Kingdom,Sale
536592,10135,COLOURING PENCILS BROWN TUBE,12/1/2010,1,2.51,2.51,,United Kingdom,Sale
536592,16168M,FUNKY MONKEY GIFT BAG MEDIUM,12/1/2010,2,0.85,1.7,,United Kingdom,Sale
536592,16236,KITTY PENCIL ERASERS,12/1/2010,1,0.43,0.43,,United Kingdom,Sale
536592,16237,SLEEPING CAT ERASERS,12/1/2010,6,0.43,2.58,,United Kingdom,Sale
536592,16238,PARTY TIME PENCIL ERASERS,12/1/2010,5,0.43,2.15,,United Kingdom,Sale
536592,17012A,ORIGAMI VANILLA INCENSE/CANDLE SET,12/1/2010,1,2.51,2.51,,United Kingdom,Sale
536592,17012B,ORIGAMI JASMINE INCENSE/CANDLE SET,12/1/2010,1,2.51,2.51,,United Kingdom,Sale
536592,17012C,ORIGAMI LAVENDER INCENSE/CANDL SET,12/1/2010,1,2.51,2.51,,United Kingdom,Sale
536592,17012D,ORIGAMI ROSE INCENSE/CANDLE SET,12/1/2010,1,2.51,2.51,,United Kingdom,Sale
536592,17012E,ORIGAMI OPIUM INCENSE/CANDLE SET,12/1/2010,1,2.51,2.51,,United Kingdom,Sale
536592,17012F,ORIGAMI SANDLEWOOD INCENSE/CAND SET,12/1/2010,1,2.51,2.51,,United Kingdom,Sale
536592,17014A,ORIGAMI VANILLA INCENSE CONES,12/1/2010,1,3.36,3.36,,United Kingdom,Sale
536592,17084N,FAIRY DREAMS INCENSE,12/1/2010,2,0.43,0.86,,United Kingdom,Sale
536592,17084P,DRAGONS BLOOD INCENSE,12/1/2010,1,0.43,0.43,,United Kingdom,Sale
536592,20616,CHERRY BLOSSOM PASSPORT COVER,12/1/2010,1,4.21,4.21,,United Kingdom,Sale
536592,20617,FIRST CLASS PASSPORT COVER,12/1/2010,1,4.21,4.21,,United Kingdom,Sale
536592,20619,TROPICAL PASSPORT COVER,12/1/2010,1,4.21,4.21,,United Kingdom,Sale
536592,20653,CHERRY BLOSSOM LUGGAGE TAG,12/1/2010,1,2.51,2.51,,United Kingdom,Sale
536592,20668,DISCO BALL CHRISTMAS DECORATION,12/1/2010,6,0.43,2.58,,United Kingdom,Sale
536592,20681,PINK POLKADOT CHILDRENS UMBRELLA,12/1/2010,1,6.77,6.77,,United Kingdom,Sale
536592,20682,RED RETROSPOT CHILDRENS UMBRELLA,12/1/2010,2,6.77,13.54,,United Kingdom,Sale
536592,20696,FLORAL SOFT CAR TOY,12/1/2010,1,7.62,7.62,,United Kingdom,Sale
536592,20699,MOUSEY LONG LEGS SOFT TOY,12/1/2010,2,5.06,10.12,,United Kingdom,Sale
536592,20700,GREEN CAT FLORAL CUSHION COVER,12/1/2010,1,10.17,10.17,,United Kingdom,Sale
536592,20717,STRAWBERRY SHOPPER BAG,12/1/2010,1,2.51,2.51,,United Kingdom,Sale
536592,20718,RED RETROSPOT SHOPPER BAG,12/1/2010,1,2.51,2.51,,United Kingdom,Sale
536592,20723,STRAWBERRY CHARLOTTE BAG,12/1/2010,1,1.66,1.66,,United Kingdom,Sale
536592,20724,RED RETROSPOT CHARLOTTE BAG,12/1/2010,1,1.66,1.66,,United Kingdom,Sale
536592,20725,LUNCH BAG RED RETROSPOT,12/1/2010,2,4.21,8.42,,United Kingdom,Sale
536592,20727,LUNCH BAG  BLACK SKULL,12/1/2010,2,4.21,8.42,,United Kingdom,Sale
536592,20733,GOLD MINI TAPE MEASURE,12/1/2010,6,0.85,5.1,,United Kingdom,Sale
536592,20735,BLACK MINI TAPE MEASURE,12/1/2010,4,0.85,3.4,,United Kingdom,Sale
536592,20752,BLUE POLKADOT WASHING UP GLOVES,12/1/2010,1,4.21,4.21,,United Kingdom,Sale
536592,20754,RETROSPOT RED WASHING UP GLOVES,12/1/2010,1,4.21,4.21,,United Kingdom,Sale
536592,20761,BLUE PAISLEY SKETCHBOOK,12/1/2010,1,7.62,7.62,,United Kingdom,Sale
536592,20780,BLACK EAR MUFF HEADPHONES,12/1/2010,1,11.02,11.02,,United Kingdom,Sale
536592,20846,ZINC HEART LATTICE T-LIGHT HOLDER,12/1/2010,1,2.51,2.51,,United Kingdom,Sale
536592,20914,SET/5 RED RETROSPOT LID GLASS BOWLS,12/1/2010,1,5.91,5.91,,United Kingdom,Sale
536592,20931,BLUE POT PLANT CANDLE,12/1/2010,2,7.62,15.24,,United Kingdom,Sale
536592,20956,PORCELAIN T-LIGHT HOLDERS ASSORTED,12/1/2010,2,2.51,5.02,,United Kingdom,Sale
536592,20961,STRAWBERRY BATH SPONGE,12/1/2010,1,2.51,2.51,,United Kingdom,Sale
536592,20966,SANDWICH BATH SPONGE,12/1/2010,1,2.51,2.51,,United Kingdom,Sale
536592,20972,PINK CREAM FELT CRAFT TRINKET BOX,12/1/2010,1,2.51,2.51,,United Kingdom,Sale
536592,20973,12 PENCIL SMALL TUBE WOODLAND,12/1/2010,15,1.28,19.2,,United Kingdom,Sale
536592,20974,12 PENCILS SMALL TUBE SKULL,12/1/2010,12,1.28,15.36,,United Kingdom,Sale
536592,20975,12 PENCILS SMALL TUBE RED RETROSPOT,12/1/2010,18,1.28,23.04,,United Kingdom,Sale
536592,21002,ROSE DU SUD DRAWSTRING BAG,12/1/2010,2,3.36,6.72,,United Kingdom,Sale
536592,21012,ANTIQUE ALL GLASS CANDLESTICK,12/1/2010,6,2.51,15.06,,United Kingdom,Sale
536592,21015,DARK BIRD HOUSE TREE DECORATION,12/1/2010,1,1.28,1.28,,United Kingdom,Sale
536592,21035,SET/2 RED RETROSPOT TEA TOWELS,12/1/2010,2,5.91,11.82,,United Kingdom,Sale
536592,21055,TOOL BOX SOFT TOY,12/1/2010,2,16.98,33.96,,United Kingdom,Sale
536592,21067,VINTAGE RED TEATIME MUG,12/1/2010,1,2.51,2.51,,United Kingdom,Sale
536592,21069,VINTAGE BILLBOARD TEA MUG,12/1/2010,1,2.51,2.51,,United Kingdom,Sale
536592,21071,VINTAGE BILLBOARD DRINK ME MUG,12/1/2010,1,2.51,2.51,,United Kingdom,Sale
536592,21098,CHRISTMAS TOILET ROLL,12/1/2010,22,2.51,55.22,,United Kingdom,Sale
536592,21108,FAIRY CAKE FLANNEL ASSORTED COLOUR,12/1/2010,19,5.06,96.14,,United Kingdom,Sale
536592,21109,LARGE CAKE TOWEL CHOCOLATE SPOTS,12/1/2010,1,13.57,13.57,,United Kingdom,Sale
536592,21110,LARGE CAKE TOWEL PINK SPOTS,12/1/2010,2,13.57,27.14,,United Kingdom,Sale
536592,21111,"SWISS ROLL TOWEL, CHOCOLATE  SPOTS",12/1/2010,2,5.91,11.82,,United Kingdom,Sale
536592,21128,GOLD FISHING GNOME,12/1/2010,1,12.72,12.72,,United Kingdom,Sale
536592,21154,RED RETROSPOT OVEN GLOVE,12/1/2010,2,2.51,5.02,,United Kingdom,Sale
536592,21164,HOME SWEET HOME METAL SIGN,12/1/2010,1,5.91,5.91,,United Kingdom,Sale
536592,21165,BEWARE OF THE CAT METAL SIGN,12/1/2010,3,4.21,12.63,,United Kingdom,Sale
536592,21174,POTTERING IN THE SHED METAL SIGN,12/1/2010,4,4.21,16.84,,United Kingdom,Sale
536592,21181,PLEASE ONE PERSON METAL SIGN,12/1/2010,2,4.21,8.42,,United Kingdom,Sale
536592,21188,3D HEARTS  HONEYCOMB PAPER GARLAND,12/1/2010,2,5.91,11.82,,United Kingdom,Sale
536592,21191,LARGE WHITE HONEYCOMB PAPER BELL,12/1/2010,5,4.21,21.05,,United Kingdom,Sale
536592,21192,WHITE BELL HONEYCOMB PAPER,12/1/2010,2,3.36,6.72,,United Kingdom,Sale
536592,21208,PASTEL COLOUR HONEYCOMB FAN,12/1/2010,1,3.36,3.36,,United Kingdom,Sale
536592,21212,PACK OF 72 RETROSPOT CAKE CASES,12/1/2010,12,1.28,15.36,,United Kingdom,Sale
536592,21213,PACK OF 72 SKULL CAKE CASES,12/1/2010,1,1.28,1.28,,United Kingdom,Sale
536592,21220,SET/4 BADGES DOGS,12/1/2010,1,2.51,2.51,,United Kingdom,Sale
536592,21231,SWEETHEART CERAMIC TRINKET BOX,12/1/2010,8,2.51,20.08,,United Kingdom,Sale
536592,21232,STRAWBERRY CERAMIC TRINKET BOX,12/1/2010,5,2.51,12.55,,United Kingdom,Sale
536592,21249,WOODLAND  HEIGHT CHART STICKERS,12/1/2010,1,5.91,5.91,,United Kingdom,Sale
536592,21257,VICTORIAN SEWING BOX MEDIUM,12/1/2010,2,16.13,32.26,,United Kingdom,Sale
536592,21258,VICTORIAN SEWING BOX LARGE,12/1/2010,3,25.49,76.47,,United Kingdom,Sale
536592,21262,WHITE GOOSE FEATHER CHRISTMAS TREE,12/1/2010,1,7.62,7.62,,United Kingdom,Sale
536592,21272,SALLE DE BAIN HOOK,12/1/2010,1,2.51,2.51,,United Kingdom,Sale
536592,21279,VINTAGE KITCHEN PRINT FRUITS,12/1/2010,1,5.06,5.06,,United Kingdom,Sale
536592,21281,VINTAGE KITCHEN PRINT SEAFOOD,12/1/2010,1,5.06,5.06,,United Kingdom,Sale
536592,21288,STRIPEY CHOCOLATE NESTING BOXES,12/1/2010,1,5.91,5.91,,United Kingdom,Sale
536592,21313,GLASS HEART T-LIGHT HOLDER,12/1/2010,8,1.66,13.28,,United Kingdom,Sale
536592,21314,SMALL GLASS HEART TRINKET POT,12/1/2010,8,4.21,33.68,,United Kingdom,Sale
536592,21340,CLASSIC METAL BIRDCAGE PLANT HOLDER,12/1/2010,1,25.49,25.49,,United Kingdom,Sale
536592,21349,IVY HEART WREATH,12/1/2010,3,13.57,40.71,,United Kingdom,Sale
536592,21352,EUCALYPTUS & PINECONE  WREATH,12/1/2010,7,5.91,41.37,,United Kingdom,Sale
536592,21356,TOAST ITS - FAIRY FLOWER,12/1/2010,1,2.51,2.51,,United Kingdom,Sale
536592,21429,RED GINGHAM ROSE JEWELLERY BOX,12/1/2010,3,3.36,10.08,,United Kingdom,Sale
536592,21439,BASKET OF TOADSTOOLS,12/1/2010,1,2.51,2.51,,United Kingdom,Sale
536592,21447,12 IVORY ROSE PEG PLACE SETTINGS,12/1/2010,1,2.51,2.51,,United Kingdom,Sale
536592,21479,WHITE SKULL HOT WATER BOTTLE,12/1/2010,8,7.62,60.96,,United Kingdom,Sale
536592,21481,FAWN BLUE HOT WATER BOTTLE,12/1/2010,3,5.91,17.73,,United Kingdom,Sale
536592,21484,CHICK GREY HOT WATER BOTTLE,12/1/2010,2,7.62,15.24,,United Kingdom,Sale
536592,21486,PINK HEART DOTS HOT WATER BOTTLE,12/1/2010,7,4.21,29.47,,United Kingdom,Sale
536592,21488,RED WHITE SCARF  HOT WATER BOTTLE,12/1/2010,1,8.47,8.47,,United Kingdom,Sale
536592,21494,ROTATING LEAVES T-LIGHT HOLDER,12/1/2010,2,5.06,10.12,,United Kingdom,Sale
536592,21519,GIN & TONIC DIET GREETING CARD,12/1/2010,1,0.85,0.85,,United Kingdom,Sale
536592,21520,BOOZE & WOMEN GREETING CARD,12/1/2010,1,0.85,0.85,,United Kingdom,Sale
536592,21524,DOORMAT SPOTTY HOME SWEET HOME,12/1/2010,1,14.43,14.43,,United Kingdom,Sale
536592,21537,RED RETROSPOT PUDDING BOWL,12/1/2010,2,8.47,16.94,,United Kingdom,Sale
536592,21544,SKULLS  WATER TRANSFER TATTOOS,12/1/2010,1,1.66,1.66,,United Kingdom,Sale
536592,21547,CERAMIC BIRDHOUSE CRESTED TIT SMALL,12/1/2010,1,5.91,5.91,,United Kingdom,Sale
536592,21557,SET OF 6 FUNKY BEAKERS,12/1/2010,1,5.91,5.91,,United Kingdom,Sale
536592,21559,STRAWBERRY LUNCH BOX WITH CUTLERY,12/1/2010,1,5.06,5.06,,United Kingdom,Sale
536592,21576,LETS GO SHOPPING COTTON TOTE BAG,12/1/2010,1,5.06,5.06,,United Kingdom,Sale
536592,21594,Dr. Jam's Arouzer Stress Ball,12/1/2010,1,4.21,4.21,,United Kingdom,Sale
536592,21638,ASSORTED TUTTI FRUTTI NOTEBOOK,12/1/2010,1,4.21,4.21,,United Kingdom,Sale
536592,21648,ASSORTED TUTTI FRUTTI SMALL PURSE,12/1/2010,3,2.51,7.53,,United Kingdom,Sale
536592,21656,RIDGED GLASS POSY VASE,12/1/2010,1,3.36,3.36,,United Kingdom,Sale
536592,21658,GLASS  BEURRE DISH,12/1/2010,1,8.47,8.47,,United Kingdom,Sale
536592,21671,RED SPOT CERAMIC DRAWER KNOB,12/1/2010,2,2.51,5.02,,United Kingdom,Sale
536592,21684,SMALL MEDINA STAMPED METAL BOWL,12/1/2010,1,2.51,2.51,,United Kingdom,Sale
536592,21698,MOCK LOBSTER FRIDGE MAGNET,12/1/2010,1,1.66,1.66,,United Kingdom,Sale
536592,21700,BIG DOUGHNUT FRIDGE MAGNETS,12/1/2010,1,8.47,8.47,,United Kingdom,Sale
536592,21705,BAG 500g SWIRLY MARBLES,12/1/2010,2,3.36,6.72,,United Kingdom,Sale
536592,21718,RED METAL BEACH SPADE,12/1/2010,1,2.51,2.51,,United Kingdom,Sale
536592,21731,RED TOADSTOOL LED NIGHT LIGHT,12/1/2010,1,3.36,3.36,,United Kingdom,Sale
536592,21743,STAR PORTABLE TABLE LIGHT,12/1/2010,1,5.91,5.91,,United Kingdom,Sale
536592,21745,GAOLERS KEYS DECORATIVE GARDEN,12/1/2010,1,8.47,8.47,,United Kingdom,Sale
536592,21754,HOME BUILDING BLOCK WORD,12/1/2010,1,11.87,11.87,,United Kingdom,Sale
536592,21755,LOVE BUILDING BLOCK WORD,12/1/2010,1,11.87,11.87,,United Kingdom,Sale
536592,21756,BATH BUILDING BLOCK WORD,12/1/2010,1,11.87,11.87,,United Kingdom,Sale
536592,21773,DECORATIVE ROSE BATHROOM BOTTLE,12/1/2010,3,2.51,7.53,,United Kingdom,Sale
536592,21774,DECORATIVE CATS BATHROOM BOTTLE,12/1/2010,5,2.51,12.55,,United Kingdom,Sale
536592,21775,DECORATIVE FLORE BATHROOM BOTTLE,12/1/2010,3,2.51,7.53,,United Kingdom,Sale
536592,21777,RECIPE BOX WITH METAL HEART,12/1/2010,2,7.95,15.9,,United Kingdom,Sale
536592,21786,POLKADOT RAIN HAT,12/1/2010,7,0.85,5.95,,United Kingdom,Sale
536592,21789,KIDS RAIN MAC PINK,12/1/2010,2,1.66,3.32,,United Kingdom,Sale
536592,21790,VINTAGE SNAP CARDS,12/1/2010,5,1.66,8.3,,United Kingdom,Sale
536592,21791,VINTAGE HEADS AND TAILS CARD GAME,12/1/2010,1,2.51,2.51,,United Kingdom,Sale
536592,21801,CHRISTMAS TREE DECORATION WITH BELL,12/1/2010,10,0.43,4.3,,United Kingdom,Sale
536592,21802,CHRISTMAS TREE HEART DECORATION,12/1/2010,17,0.43,7.31,,United Kingdom,Sale
536592,21803,CHRISTMAS TREE STAR DECORATION,12/1/2010,12,0.43,5.16,,United Kingdom,Sale
536592,21809,CHRISTMAS HANGING TREE WITH BELL,12/1/2010,1,2.51,2.51,,United Kingdom,Sale
536592,21813,GARLAND WITH STARS AND BELLS,12/1/2010,1,10.17,10.17,,United Kingdom,Sale
536592,21820,GLITTER HEART GARLAND WITH BELLS,12/1/2010,1,7.62,7.62,,United Kingdom,Sale
536592,21821,GLITTER STAR GARLAND WITH BELLS,12/1/2010,1,7.62,7.62,,United Kingdom,Sale
536592,21830,ASSORTED CREEPY CRAWLIES,12/1/2010,1,0.85,0.85,,United Kingdom,Sale
536592,21832,CHOCOLATE CALCULATOR,12/1/2010,3,3.36,10.08,,United Kingdom,Sale
536592,21833,CAMOUFLAGE LED TORCH,12/1/2010,2,3.36,6.72,,United Kingdom,Sale
536592,21844,RED RETROSPOT MUG,12/1/2010,1,5.91,5.91,,United Kingdom,Sale
536592,21846,PINK DIAMANTE PEN IN GIFT BOX,12/1/2010,4,4.21,16.84,,United Kingdom,Sale
536592,21851,LILAC DIAMANTE PEN IN GIFT BOX,12/1/2010,3,4.21,12.63,,United Kingdom,Sale
536592,21868,POTTING SHED TEA MUG,12/1/2010,2,3.36,6.72,,United Kingdom,Sale
536592,21871,SAVE THE PLANET MUG,12/1/2010,3,3.36,10.08,,United Kingdom,Sale
536592,21875,KINGS CHOICE MUG,12/1/2010,1,3.36,3.36,,United Kingdom,Sale
536592,21879,HEARTS GIFT TAPE,12/1/2010,1,1.66,1.66,,United Kingdom,Sale
536592,21889,WOODEN BOX OF DOMINOES,12/1/2010,2,2.51,5.02,,United Kingdom,Sale
536592,21891,TRADITIONAL WOODEN SKIPPING ROPE,12/1/2010,4,2.51,10.04,,United Kingdom,Sale
536592,21892,TRADITIONAL WOODEN CATCH CUP GAME,12/1/2010,1,2.51,2.51,,United Kingdom,Sale
536592,21896,POTTING SHED TWINE,12/1/2010,1,4.21,4.21,,United Kingdom,Sale
536592,21899,GARAGE KEY FOB,12/1/2010,1,1.66,1.66,,United Kingdom,Sale
536592,21906,PHARMACIE FIRST AID TIN,12/1/2010,1,13.57,13.57,,United Kingdom,Sale
536592,21908,CHOCOLATE THIS WAY METAL SIGN,12/1/2010,1,4.21,4.21,,United Kingdom,Sale
536592,21914,BLUE HARMONICA IN BOX,12/1/2010,2,2.51,5.02,,United Kingdom,Sale
536592,21915,RED  HARMONICA IN BOX,12/1/2010,3,2.51,7.53,,United Kingdom,Sale
536592,21929,JUMBO BAG PINK VINTAGE PAISLEY,12/1/2010,1,4.21,4.21,,United Kingdom,Sale
536592,21931,JUMBO STORAGE BAG SUKI,12/1/2010,1,4.21,4.21,,United Kingdom,Sale
536592,21934,SKULL SHOULDER BAG,12/1/2010,1,3.36,3.36,,United Kingdom,Sale
536592,21935,SUKI  SHOULDER BAG,12/1/2010,2,3.36,6.72,,United Kingdom,Sale
536592,21942,SKULLS DESIGN FLANNEL,12/1/2010,2,1.66,3.32,,United Kingdom,Sale
536592,21949,SET OF 6 STRAWBERRY CHOPSTICKS,12/1/2010,2,2.51,5.02,,United Kingdom,Sale
536592,21974,SET OF 36 PAISLEY FLOWER DOILIES,12/1/2010,5,2.98,14.9,,United Kingdom,Sale
536592,21975,PACK OF 60 DINOSAUR CAKE CASES,12/1/2010,11,1.28,14.08,,United Kingdom,Sale
536592,21976,PACK OF 60 MUSHROOM CAKE CASES,12/1/2010,1,1.28,1.28,,United Kingdom,Sale
536592,21977,PACK OF 60 PINK PAISLEY CAKE CASES,12/1/2010,21,1.28,26.88,,United Kingdom,Sale
536592,21981,PACK OF 12 WOODLAND TISSUES,12/1/2010,1,0.85,0.85,,United Kingdom,Sale
536592,21982,PACK OF 12 SUKI TISSUES,12/1/2010,2,0.85,1.7,,United Kingdom,Sale
536592,21984,PACK OF 12 PINK PAISLEY TISSUES,12/1/2010,1,0.85,0.85,,United Kingdom,Sale
536592,21985,PACK OF 12 HEARTS DESIGN TISSUES,12/1/2010,1,0.85,0.85,,United Kingdom,Sale
536592,21990,MODERN FLORAL STATIONERY SET,12/1/2010,2,2.51,5.02,,United Kingdom,Sale
536592,21991,BOHEMIAN COLLAGE STATIONERY SET,12/1/2010,2,2.51,5.02,,United Kingdom,Sale
536592,21992,VINTAGE PAISLEY STATIONERY SET,12/1/2010,14,2.51,35.14,,United Kingdom,Sale
536592,21993,FLORAL FOLK STATIONERY SET,12/1/2010,6,2.51,15.06,,United Kingdom,Sale
536592,22064,PINK DOUGHNUT TRINKET POT,12/1/2010,2,3.36,6.72,,United Kingdom,Sale
536592,22065,CHRISTMAS PUDDING TRINKET POT,12/1/2010,1,3.36,3.36,,United Kingdom,Sale
536592,22077,6 RIBBONS RUSTIC CHARM,12/1/2010,7,3.36,23.52,,United Kingdom,Sale
536592,22078,RIBBON REEL LACE DESIGN,12/1/2010,1,4.21,4.21,,United Kingdom,Sale
536592,22081,RIBBON REEL FLORA + FAUNA,12/1/2010,2,3.36,6.72,,United Kingdom,Sale
536592,22082,RIBBON REEL STRIPES DESIGN,12/1/2010,6,3.36,20.16,,United Kingdom,Sale
536592,22083,PAPER CHAIN KIT RETROSPOT,12/1/2010,2,5.91,11.82,,United Kingdom,Sale
536592,22084,PAPER CHAIN KIT EMPIRE,12/1/2010,1,5.91,5.91,,United Kingdom,Sale
536592,22086,PAPER CHAIN KIT 50'S CHRISTMAS,12/1/2010,22,5.91,130.02,,United Kingdom,Sale
536592,22090,PAPER BUNTING RETROSPOT,12/1/2010,1,5.91,5.91,,United Kingdom,Sale
536592,22091,EMPIRE TISSUE BOX,12/1/2010,2,2.51,5.02,,United Kingdom,Sale
536592,22100,SKULLS SQUARE TISSUE BOX,12/1/2010,1,2.51,2.51,,United Kingdom,Sale
536592,22109,FULL ENGLISH BREAKFAST PLATE,12/1/2010,2,7.62,15.24,,United Kingdom,Sale
536592,22111,SCOTTIE DOG HOT WATER BOTTLE,12/1/2010,3,11.02,33.06,,United Kingdom,Sale
536592,22112,CHOCOLATE HOT WATER BOTTLE,12/1/2010,3,11.02,33.06,,United Kingdom,Sale
536592,22114,HOT WATER BOTTLE TEA AND SYMPATHY,12/1/2010,3,8.47,25.41,,United Kingdom,Sale
536592,22117,METAL SIGN HER DINNER IS SERVED,12/1/2010,1,5.91,5.91,,United Kingdom,Sale
536592,22121,NOEL WOODEN BLOCK LETTERS,12/1/2010,1,11.87,11.87,,United Kingdom,Sale
536592,22124,SET OF 2 TEA TOWELS PING MICROWAVE,12/1/2010,2,2.51,5.02,,United Kingdom,Sale
536592,22134,MINI LADLE LOVE HEART RED,12/1/2010,4,0.85,3.4,,United Kingdom,Sale
536592,22135,MINI LADLE LOVE HEART PINK,12/1/2010,4,0.85,3.4,,United Kingdom,Sale
536592,22141,CHRISTMAS CRAFT TREE TOP ANGEL,12/1/2010,4,4.21,16.84,,United Kingdom,Sale
536592,22142,CHRISTMAS CRAFT WHITE FAIRY,12/1/2010,1,3.36,3.36,,United Kingdom,Sale
536592,22144,CHRISTMAS CRAFT LITTLE FRIENDS,12/1/2010,2,4.21,8.42,,United Kingdom,Sale
536592,22147,FELTCRAFT BUTTERFLY HEARTS,12/1/2010,2,3.36,6.72,,United Kingdom,Sale
536592,22149,FELTCRAFT 6 FLOWER FRIENDS,12/1/2010,2,4.21,8.42,,United Kingdom,Sale
536592,22161,HEART DECORATION RUSTIC HANGING,12/1/2010,7,0.81,5.67,,United Kingdom,Sale
536592,22162,HEART GARLAND RUSTIC PADDED,12/1/2010,3,3.36,10.08,,United Kingdom,Sale
536592,22165,DIAMANTE HEART SHAPED WALL MIRROR,12/1/2010,1,11.02,11.02,,United Kingdom,Sale
536592,22169,FAMILY ALBUM WHITE PICTURE FRAME,12/1/2010,1,16.98,16.98,,United Kingdom,Sale
536592,22174,PHOTO CUBE,12/1/2010,5,3.36,16.8,,United Kingdom,Sale
536592,22178,VICTORIAN GLASS HANGING T-LIGHT,12/1/2010,8,2.51,20.08,,United Kingdom,Sale
536592,22182,CAKE STAND VICTORIAN FILIGREE SMALL,12/1/2010,1,4.21,4.21,,United Kingdom,Sale
536592,22183,CAKE STAND VICTORIAN FILIGREE MED,12/1/2010,2,5.91,11.82,,United Kingdom,Sale
536592,22184,CAKE STAND VICTORIAN FILIGREE LARGE,12/1/2010,1,8.47,8.47,,United Kingdom,Sale
536592,22188,BLACK HEART CARD HOLDER,12/1/2010,2,8.47,16.94,,United Kingdom,Sale
536592,22190,LOCAL CAFE MUG,12/1/2010,3,2.51,7.53,,United Kingdom,Sale
536592,22195,LARGE HEART MEASURING SPOONS,12/1/2010,4,3.36,13.44,,United Kingdom,Sale
536592,22197,POPCORN HOLDER,12/1/2010,34,1.66,56.44,,United Kingdom,Sale
536592,22198,LARGE POPCORN HOLDER,12/1/2010,2,3.36,6.72,,United Kingdom,Sale
536592,22207,FRYING PAN UNION FLAG,12/1/2010,1,8.47,8.47,,United Kingdom,Sale
536592,22208,WOOD STAMP SET THANK YOU,12/1/2010,1,3.36,3.36,,United Kingdom,Sale
536592,22245,"HOOK, 1 HANGER ,MAGIC GARDEN",12/1/2010,2,1.66,3.32,,United Kingdom,Sale
536592,22246,MAGIC GARDEN FELT GARLAND,12/1/2010,2,4.21,8.42,,United Kingdom,Sale
536592,22260,FELT EGG COSY BLUE RABBIT,12/1/2010,2,1.66,3.32,,United Kingdom,Sale
536592,22261,FELT EGG COSY WHITE RABBIT,12/1/2010,2,1.66,3.32,,United Kingdom,Sale
536592,22262,FELT EGG COSY CHICKEN,12/1/2010,3,1.66,4.98,,United Kingdom,Sale
536592,22276,WASH BAG VINTAGE ROSE PAISLEY,12/1/2010,2,5.91,11.82,,United Kingdom,Sale
536592,22277,COSMETIC BAG VINTAGE ROSE PAISLEY,12/1/2010,2,4.21,8.42,,United Kingdom,Sale
536592,22278,OVERNIGHT BAG VINTAGE ROSE PAISLEY,12/1/2010,1,11.02,11.02,,United Kingdom,Sale
536592,22283,6 EGG HOUSE PAINTED WOOD,12/1/2010,1,16.13,16.13,,United Kingdom,Sale
536592,22294,HEART FILIGREE DOVE  SMALL,12/1/2010,3,2.51,7.53,,United Kingdom,Sale
536592,22300,COFFEE MUG DOG + BALL DESIGN,12/1/2010,2,5.06,10.12,,United Kingdom,Sale
536592,22301,COFFEE MUG CAT + BIRD DESIGN,12/1/2010,2,5.06,10.12,,United Kingdom,Sale
536592,22304,COFFEE MUG BLUE PAISLEY DESIGN,12/1/2010,1,5.06,5.06,,United Kingdom,Sale
536592,22308,TEA COSY BLUE STRIPE,12/1/2010,1,5.06,5.06,,United Kingdom,Sale
536592,22309,TEA COSY RED  STRIPE,12/1/2010,1,5.06,5.06,,United Kingdom,Sale
536592,22310,IVORY KNITTED MUG COSY,12/1/2010,1,3.36,3.36,,United Kingdom,Sale
536592,22311,OFFICE MUG WARMER BLACK+SILVER,12/1/2010,2,5.91,11.82,,United Kingdom,Sale
536592,22312,OFFICE MUG WARMER POLKADOT,12/1/2010,1,5.91,5.91,,United Kingdom,Sale
536592,22314,OFFICE MUG WARMER CHOC+BLUE,12/1/2010,1,5.91,5.91,,United Kingdom,Sale
536592,22317,FIVE CATS HANGING DECORATION,12/1/2010,2,5.91,11.82,,United Kingdom,Sale
536592,22324,BLUE POLKADOT KIDS BAG,12/1/2010,1,4.21,4.21,,United Kingdom,Sale
536592,22325,MOBILE VINTAGE HEARTS,12/1/2010,1,11.87,11.87,,United Kingdom,Sale
536592,22331,WOODLAND PARTY BAG + STICKER SET,12/1/2010,1,3.36,3.36,,United Kingdom,Sale
536592,22342,HOME GARLAND PAINTED ZINC,12/1/2010,1,3.36,3.36,,United Kingdom,Sale
536592,22348,TEA BAG PLATE RED RETROSPOT,12/1/2010,2,1.66,3.32,,United Kingdom,Sale
536592,22350,ILLUSTRATED CAT BOWL,12/1/2010,2,5.06,10.12,,United Kingdom,Sale
536592,22352,LUNCH BOX WITH CUTLERY RETROSPOT,12/1/2010,1,5.06,5.06,,United Kingdom,Sale
536592,22355,CHARLOTTE BAG SUKI DESIGN,12/1/2010,2,1.66,3.32,,United Kingdom,Sale
536592,22356,CHARLOTTE BAG PINK POLKADOT,12/1/2010,6,1.66,9.96,,United Kingdom,Sale
536592,22364,GLASS JAR DIGESTIVE BISCUITS,12/1/2010,1,5.91,5.91,,United Kingdom,Sale
536592,22371,AIRLINE BAG VINTAGE TOKYO 78,12/1/2010,3,8.47,25.41,,United Kingdom,Sale
536592,22376,AIRLINE BAG VINTAGE JET SET WHITE,12/1/2010,2,8.47,16.94,,United Kingdom,Sale
536592,22379,RECYCLING BAG RETROSPOT,12/1/2010,2,4.21,8.42,,United Kingdom,Sale
536592,22381,TOY TIDY PINK POLKADOT,12/1/2010,1,4.21,4.21,,United Kingdom,Sale
536592,22386,JUMBO BAG PINK POLKADOT,12/1/2010,3,4.21,12.63,,United Kingdom,Sale
536592,22393,PAPERWEIGHT VINTAGE COLLAGE,12/1/2010,1,5.06,5.06,,United Kingdom,Sale
536592,22396,MAGNETS PACK OF 4 RETRO PHOTO,12/1/2010,1,2.51,2.51,,United Kingdom,Sale
536592,22405,MONEY BOX POCKET MONEY DESIGN,12/1/2010,1,2.51,2.51,,United Kingdom,Sale
536592,22409,MONEY BOX BISCUITS DESIGN,12/1/2010,1,2.51,2.51,,United Kingdom,Sale
536592,22411,JUMBO SHOPPER VINTAGE RED PAISLEY,12/1/2010,2,4.21,8.42,,United Kingdom,Sale
536592,22413,METAL SIGN TAKE IT OR LEAVE IT,12/1/2010,1,5.91,5.91,,United Kingdom,Sale
536592,22419,LIPSTICK PEN RED,12/1/2010,7,0.85,5.95,,United Kingdom,Sale
536592,22420,LIPSTICK PEN BABY PINK,12/1/2010,2,0.85,1.7,,United Kingdom,Sale
536592,22421,LIPSTICK PEN FUSCHIA,12/1/2010,3,0.85,2.55,,United Kingdom,Sale
536592,22422,TOOTHPASTE TUBE PEN,12/1/2010,2,1.28,2.56,,United Kingdom,Sale
536592,22423,REGENCY CAKESTAND 3 TIER,12/1/2010,47,12.72,597.84,,United Kingdom,Sale
536592,22425,ENAMEL COLANDER CREAM,12/1/2010,1,10.17,10.17,,United Kingdom,Sale
536592,22427,ENAMEL FLOWER JUG CREAM,12/1/2010,1,11.87,11.87,,United Kingdom,Sale
536592,22428,ENAMEL FIRE BUCKET CREAM,12/1/2010,1,14.43,14.43,,United Kingdom,Sale
536592,22449,SILK PURSE BABUSHKA PINK,12/1/2010,1,6.77,6.77,,United Kingdom,Sale
536592,22451,SILK PURSE BABUSHKA RED,12/1/2010,1,6.77,6.77,,United Kingdom,Sale
536592,22458,CAST IRON HOOK GARDEN FORK,12/1/2010,1,5.06,5.06,,United Kingdom,Sale
536592,22459,CAST IRON HOOK GARDEN TROWEL,12/1/2010,1,5.06,5.06,,United Kingdom,Sale
536592,22467,GUMBALL COAT RACK,12/1/2010,1,5.06,5.06,,United Kingdom,Sale
536592,22469,HEART OF WICKER SMALL,12/1/2010,11,3.36,36.96,,United Kingdom,Sale
536592,22472,TV DINNER TRAY DOLLY GIRL,12/1/2010,3,11.02,33.06,,United Kingdom,Sale
536592,22487,WHITE WOOD GARDEN PLANT LADDER,12/1/2010,1,20.38,20.38,,United Kingdom,Sale
536592,22489,PACK OF 12 TRADITIONAL CRAYONS,12/1/2010,2,0.85,1.7,,United Kingdom,Sale
536592,22499,WOODEN UNION JACK BUNTING,12/1/2010,1,12.72,12.72,,United Kingdom,Sale
536592,22501,PICNIC BASKET WICKER LARGE,12/1/2010,2,21.23,42.46,,United Kingdom,Sale
536592,22503,CABIN BAG VINTAGE PAISLEY,12/1/2010,1,59.53,59.53,,United Kingdom,Sale
536592,22508,DOORSTOP RETROSPOT HEART,12/1/2010,2,7.62,15.24,,United Kingdom,Sale
536592,22530,MAGIC DRAWING SLATE DOLLY GIRL,12/1/2010,3,0.85,2.55,,United Kingdom,Sale
536592,22531,MAGIC DRAWING SLATE CIRCUS PARADE,12/1/2010,1,0.85,0.85,,United Kingdom,Sale
536592,22534,MAGIC DRAWING SLATE SPACEBOY,12/1/2010,1,0.85,0.85,,United Kingdom,Sale
536592,22536,MAGIC DRAWING SLATE PURDEY,12/1/2010,1,0.85,0.85,,United Kingdom,Sale
536592,22537,MAGIC DRAWING SLATE DINOSAUR,12/1/2010,1,0.85,0.85,,United Kingdom,Sale
536592,22539,MINI JIGSAW DOLLY GIRL,12/1/2010,1,0.85,0.85,,United Kingdom,Sale
536592,22544,MINI JIGSAW SPACEBOY,12/1/2010,1,0.85,0.85,,United Kingdom,Sale
536592,22547,MINI JIGSAW DINOSAUR,12/1/2010,1,0.85,0.85,,United Kingdom,Sale
536592,22553,PLASTERS IN TIN SKULLS,12/1/2010,1,3.36,3.36,,United Kingdom,Sale
536592,22557,PLASTERS IN TIN VINTAGE PAISLEY,12/1/2010,1,3.36,3.36,,United Kingdom,Sale
536592,22560,TRADITIONAL MODELLING CLAY,12/1/2010,1,2.51,2.51,,United Kingdom,Sale
536592,22561,WOODEN SCHOOL COLOURING SET,12/1/2010,1,3.36,3.36,,United Kingdom,Sale
536592,22565,FELTCRAFT HAIRBANDS PINK AND WHITE,12/1/2010,1,1.66,1.66,,United Kingdom,Sale
536592,22566,FELTCRAFT HAIRBAND PINK AND PURPLE,12/1/2010,1,1.66,1.66,,United Kingdom,Sale
536592,22569,FELTCRAFT CUSHION BUTTERFLY,12/1/2010,2,7.62,15.24,,United Kingdom,Sale
536592,22570,FELTCRAFT CUSHION RABBIT,12/1/2010,1,7.62,7.62,,United Kingdom,Sale
536592,22571,ROCKING HORSE RED CHRISTMAS,12/1/2010,1,1.66,1.66,,United Kingdom,Sale
536592,22580,ADVENT CALENDAR GINGHAM SACK,12/1/2010,1,11.87,11.87,,United Kingdom,Sale
536592,22581,WOOD STOCKING CHRISTMAS SCANDISPOT,12/1/2010,1,1.66,1.66,,United Kingdom,Sale
536592,22582,PACK OF 6 SWEETIE GIFT BOXES,12/1/2010,2,5.06,10.12,,United Kingdom,Sale
536592,22583,PACK OF 6 HANDBAG GIFT BOXES,12/1/2010,1,5.06,5.06,,United Kingdom,Sale
536592,22584,PACK OF 6 PANNETONE GIFT BOXES,12/1/2010,1,5.06,5.06,,United Kingdom,Sale
536592,22586,FELTCRAFT HAIRBAND PINK AND BLUE,12/1/2010,1,1.66,1.66,,United Kingdom,Sale
536592,22587,FELTCRAFT HAIRBAND RED AND BLUE,12/1/2010,2,1.66,3.32,,United Kingdom,Sale
536592,22588,CARD HOLDER GINGHAM HEART,12/1/2010,5,5.06,25.3,,United Kingdom,Sale
536592,22589,CARDHOLDER GINGHAM STAR,12/1/2010,2,5.06,10.12,,United Kingdom,Sale
536592,22600,CHRISTMAS RETROSPOT STAR WOOD,12/1/2010,2,1.66,3.32,,United Kingdom,Sale
536592,22601,CHRISTMAS RETROSPOT ANGEL WOOD,12/1/2010,3,1.66,4.98,,United Kingdom,Sale
536592,22602,RETROSPOT WOODEN HEART DECORATION,12/1/2010,1,1.66,1.66,,United Kingdom,Sale
536592,22603,CHRISTMAS RETROSPOT TREE WOOD,12/1/2010,1,1.66,1.66,,United Kingdom,Sale
536592,22619,SET OF 6 SOLDIER SKITTLES,12/1/2010,1,7.62,7.62,,United Kingdom,Sale
536592,22620,4 TRADITIONAL SPINNING TOPS,12/1/2010,2,2.51,5.02,,United Kingdom,Sale
536592,22622,BOX OF VINTAGE ALPHABET BLOCKS,12/1/2010,1,21.23,21.23,,United Kingdom,Sale
536592,22624,IVORY KITCHEN SCALES,12/1/2010,1,16.98,16.98,,United Kingdom,Sale
536592,22625,RED KITCHEN SCALES,12/1/2010,1,16.98,16.98,,United Kingdom,Sale
536592,22631,CIRCUS PARADE LUNCH BOX,12/1/2010,1,4.21,4.21,,United Kingdom,Sale
536592,22632,HAND WARMER RED RETROSPOT,12/1/2010,1,4.21,4.21,,United Kingdom,Sale
536592,22637,PIGGY BANK RETROSPOT,12/1/2010,1,5.06,5.06,,United Kingdom,Sale
536592,22645,CERAMIC HEART FAIRY CAKE MONEY BANK,12/1/2010,1,3.36,3.36,,United Kingdom,Sale
536592,22649,STRAWBERRY FAIRY CAKE TEAPOT,12/1/2010,2,11.02,22.04,,United Kingdom,Sale
536592,22651,GENTLEMAN SHIRT REPAIR KIT,12/1/2010,1,1.66,1.66,,United Kingdom,Sale
536592,22659,LUNCH BOX I LOVE LONDON,12/1/2010,1,4.21,4.21,,United Kingdom,Sale
536592,22663,JUMBO BAG DOLLY GIRL DESIGN,12/1/2010,3,4.21,12.63,,United Kingdom,Sale
536592,22664,TOY TIDY DOLLY GIRL DESIGN,12/1/2010,3,4.21,12.63,,United Kingdom,Sale
536592,22665,RECIPE BOX BLUE SKETCHBOOK DESIGN,12/1/2010,1,5.91,5.91,,United Kingdom,Sale
536592,22666,RECIPE BOX PANTRY YELLOW DESIGN,12/1/2010,1,5.91,5.91,,United Kingdom,Sale
536592,22668,PINK BABY BUNTING,12/1/2010,1,5.91,5.91,,United Kingdom,Sale
536592,22669,RED BABY BUNTING,12/1/2010,3,5.91,17.73,,United Kingdom,Sale
536592,22673,FRENCH GARDEN SIGN BLUE METAL,12/1/2010,1,2.51,2.51,,United Kingdom,Sale
536592,22678,FRENCH BLUE METAL DOOR SIGN 3,12/1/2010,1,2.51,2.51,,United Kingdom,Sale
536592,22692,DOORMAT WELCOME TO OUR HOME,12/1/2010,1,7.95,7.95,,United Kingdom,Sale
536592,22694,WICKER STAR,12/1/2010,1,4.21,4.21,,United Kingdom,Sale
536592,22696,WICKER WREATH LARGE,12/1/2010,1,4.21,4.21,,United Kingdom,Sale
536592,22697,GREEN REGENCY TEACUP AND SAUCER,12/1/2010,3,5.91,17.73,,United Kingdom,Sale
536592,22699,ROSES REGENCY TEACUP AND SAUCER,12/1/2010,4,5.91,23.64,,United Kingdom,Sale
536592,22712,CARD DOLLY GIRL,12/1/2010,1,0.85,0.85,,United Kingdom,Sale
536592,22713,CARD I LOVE LONDON,12/1/2010,4,0.85,3.4,,United Kingdom,Sale
536592,22726,ALARM CLOCK BAKELIKE GREEN,12/1/2010,2,7.62,15.24,,United Kingdom,Sale
536592,22734,SET OF 6 RIBBONS VINTAGE CHRISTMAS,12/1/2010,1,5.06,5.06,,United Kingdom,Sale
536592,22735,RIBBON REEL SOCKS AND MITTENS,12/1/2010,3,3.36,10.08,,United Kingdom,Sale
536592,22737,RIBBON REEL CHRISTMAS PRESENT,12/1/2010,2,3.36,6.72,,United Kingdom,Sale
536592,22738,RIBBON REEL SNOWY VILLAGE,12/1/2010,1,3.36,3.36,,United Kingdom,Sale
536592,22739,RIBBON REEL CHRISTMAS SOCK BAUBLE,12/1/2010,7,3.36,23.52,,United Kingdom,Sale
536592,22741,FUNKY DIVA PEN,12/1/2010,3,1.66,4.98,,United Kingdom,Sale
536592,22742,MAKE YOUR OWN PLAYTIME CARD KIT,12/1/2010,1,5.91,5.91,,United Kingdom,Sale
536592,22745,POPPY'S PLAYHOUSE BEDROOM,12/1/2010,1,4.21,4.21,,United Kingdom,Sale
536592,22746,POPPY'S PLAYHOUSE LIVINGROOM,12/1/2010,2,4.21,8.42,,United Kingdom,Sale
536592,22747,POPPY'S PLAYHOUSE BATHROOM,12/1/2010,1,4.21,4.21,,United Kingdom,Sale
536592,22748,POPPY'S PLAYHOUSE KITCHEN,12/1/2010,1,4.21,4.21,,United Kingdom,Sale
536592,22749,FELTCRAFT PRINCESS CHARLOTTE DOLL,12/1/2010,2,7.62,15.24,,United Kingdom,Sale
536592,22751,FELTCRAFT PRINCESS OLIVIA DOLL,12/1/2010,1,7.62,7.62,,United Kingdom,Sale
536592,22754,SMALL RED BABUSHKA NOTEBOOK,12/1/2010,2,1.66,3.32,,United Kingdom,Sale
536592,22756,LARGE YELLOW BABUSHKA NOTEBOOK,12/1/2010,1,2.51,2.51,,United Kingdom,Sale
536592,22758,LARGE PURPLE BABUSHKA NOTEBOOK,12/1/2010,2,2.51,5.02,,United Kingdom,Sale
536592,22759,SET OF 3 NOTEBOOKS IN PARCEL,12/1/2010,5,3.36,16.8,,United Kingdom,Sale
536592,22775,PURPLE DRAWERKNOB ACRYLIC EDWARDIAN,12/1/2010,3,2.51,7.53,,United Kingdom,Sale
536592,22781,GUMBALL MAGAZINE RACK,12/1/2010,1,15.28,15.28,,United Kingdom,Sale
536592,22788,BROCANTE COAT RACK,12/1/2010,1,20.38,20.38,,United Kingdom,Sale
536592,22791,T-LIGHT GLASS FLUTED ANTIQUE,12/1/2010,4,2.51,10.04,,United Kingdom,Sale
536592,22792,FLUTED ANTIQUE CANDLE HOLDER,12/1/2010,4,1.66,6.64,,United Kingdom,Sale
536592,22794,SWEETHEART WIRE MAGAZINE RACK,12/1/2010,1,16.13,16.13,,United Kingdom,Sale
536592,22795,SWEETHEART RECIPE BOOK STAND,12/1/2010,3,13.57,40.71,,United Kingdom,Sale
536592,22798,ANTIQUE GLASS DRESSING TABLE POT,12/1/2010,2,5.91,11.82,,United Kingdom,Sale
536592,22800,ANTIQUE TALL SWIRLGLASS TRINKET POT,12/1/2010,2,7.62,15.24,,United Kingdom,Sale
536592,22801,ANTIQUE GLASS PEDESTAL BOWL,12/1/2010,2,7.62,15.24,,United Kingdom,Sale
536592,22805,BLUE DRAWER KNOB ACRYLIC EDWARDIAN,12/1/2010,4,2.51,10.04,,United Kingdom,Sale
536592,22810,SET OF 6 T-LIGHTS SNOWMEN,12/1/2010,1,5.91,5.91,,United Kingdom,Sale
536592,22812,PACK 3 BOXES CHRISTMAS PANNETONE,12/1/2010,3,4.21,12.63,,United Kingdom,Sale
536592,22813,PACK 3 BOXES BIRD PANNETONE,12/1/2010,2,4.21,8.42,,United Kingdom,Sale
536592,22814,CARD PARTY GAMES,12/1/2010,5,0.85,4.25,,United Kingdom,Sale
536592,22831,WHITE BROCANTE SOAP DISH,12/1/2010,1,5.91,5.91,,United Kingdom,Sale
536592,22834,HAND WARMER BABUSHKA DESIGN,12/1/2010,3,4.21,12.63,,United Kingdom,Sale
536592,22835,HOT WATER BOTTLE I AM SO POORLY,12/1/2010,5,9.32,46.6,,United Kingdom,Sale
536592,22837,HOT WATER BOTTLE BABUSHKA,12/1/2010,3,9.32,27.96,,United Kingdom,Sale
536592,22841,ROUND CAKE TIN VINTAGE GREEN,12/1/2010,1,16.13,16.13,,United Kingdom,Sale
536592,22844,VINTAGE CREAM DOG FOOD CONTAINER,12/1/2010,1,16.98,16.98,,United Kingdom,Sale
536592,22854,CREAM SWEETHEART EGG HOLDER,12/1/2010,1,11.02,11.02,,United Kingdom,Sale
536592,22855,FINE WICKER HEART,12/1/2010,1,2.51,2.51,,United Kingdom,Sale
536592,22862,LOVE HEART NAPKIN BOX,12/1/2010,1,8.47,8.47,,United Kingdom,Sale
536592,22863,SOAP DISH BROCANTE,12/1/2010,1,5.91,5.91,,United Kingdom,Sale
536592,22865,HAND WARMER OWL DESIGN,12/1/2010,7,4.21,29.47,,United Kingdom,Sale
536592,22866,HAND WARMER SCOTTY DOG DESIGN,12/1/2010,4,4.21,16.84,,United Kingdom,Sale
536592,22867,HAND WARMER BIRD DESIGN,12/1/2010,2,4.21,8.42,,United Kingdom,Sale
536592,22870,NUMBER TILE COTTAGE GARDEN 2,12/1/2010,1,4.21,4.21,,United Kingdom,Sale
536592,22890,NOVELTY BISCUITS CAKE STAND 3 TIER,12/1/2010,1,20.38,20.38,,United Kingdom,Sale
536592,22895,SET OF 2 TEA TOWELS APPLE AND PEARS,12/1/2010,5,5.91,29.55,,United Kingdom,Sale
536592,22897,OVEN MITT APPLES DESIGN,12/1/2010,1,2.98,2.98,,United Kingdom,Sale
536592,22898,CHILDRENS APRON APPLES DESIGN,12/1/2010,2,4.21,8.42,,United Kingdom,Sale
536592,22900,SET 2 TEA TOWELS I LOVE LONDON,12/1/2010,1,5.91,5.91,,United Kingdom,Sale
536592,22904,CALENDAR PAPER CUT DESIGN,12/1/2010,1,5.91,5.91,,United Kingdom,Sale
536592,22906,12 MESSAGE CARDS WITH ENVELOPES,12/1/2010,1,3.36,3.36,,United Kingdom,Sale
536592,22909,SET OF 20 VINTAGE CHRISTMAS NAPKINS,12/1/2010,7,1.66,11.62,,United Kingdom,Sale
536592,22910,PAPER CHAIN KIT VINTAGE CHRISTMAS,12/1/2010,10,5.91,59.1,,United Kingdom,Sale
536592,22915,ASSORTED BOTTLE TOP  MAGNETS,12/1/2010,1,5.06,5.06,,United Kingdom,Sale
536592,22916,HERB MARKER THYME,12/1/2010,1,1.66,1.66,,United Kingdom,Sale
536592,22917,HERB MARKER ROSEMARY,12/1/2010,1,1.66,1.66,,United Kingdom,Sale
536592,22918,HERB MARKER PARSLEY,12/1/2010,1,1.66,1.66,,United Kingdom,Sale
536592,22919,HERB MARKER MINT,12/1/2010,1,1.66,1.66,,United Kingdom,Sale
536592,22920,HERB MARKER BASIL,12/1/2010,1,1.66,1.66,,United Kingdom,Sale
536592,22921,HERB MARKER CHIVES,12/1/2010,1,1.66,1.66,,United Kingdom,Sale
536592,22940,FELTCRAFT CHRISTMAS FAIRY,12/1/2010,3,8.47,25.41,,United Kingdom,Sale
536592,22941,CHRISTMAS LIGHTS 10 REINDEER,12/1/2010,4,16.98,67.92,,United Kingdom,Sale
536592,22944,CHRISTMAS METAL POSTCARD WITH BELLS,12/1/2010,1,16.13,16.13,,United Kingdom,Sale
536592,22945,CHRISTMAS METAL TAGS ASSORTED,12/1/2010,2,11.02,22.04,,United Kingdom,Sale
536592,22946,WOODEN ADVENT CALENDAR CREAM,12/1/2010,1,34,34,,United Kingdom,Sale
536592,22947,WOODEN ADVENT CALENDAR RED,12/1/2010,1,34,34,,United Kingdom,Sale
536592,22948,METAL DECORATION NAUGHTY CHILDREN,12/1/2010,2,6.77,13.54,,United Kingdom,Sale
536592,22951,60 CAKE CASES DOLLY GIRL DESIGN,12/1/2010,2,1.28,2.56,,United Kingdom,Sale
536592,22952,60 CAKE CASES VINTAGE CHRISTMAS,12/1/2010,7,1.28,8.96,,United Kingdom,Sale
536592,22961,JAM MAKING SET PRINTED,12/1/2010,1,3.36,3.36,,United Kingdom,Sale
536592,22968,ROSE COTTAGE KEEPSAKE BOX,12/1/2010,3,20.38,61.14,,United Kingdom,Sale
536592,22969,HOMEMADE JAM SCENTED CANDLES,12/1/2010,9,3.36,30.24,,United Kingdom,Sale
536592,22972,CHILDREN'S SPACEBOY MUG,12/1/2010,1,3.36,3.36,,United Kingdom,Sale
536592,22973,CHILDREN'S CIRCUS PARADE MUG,12/1/2010,1,3.36,3.36,,United Kingdom,Sale
536592,22974,CHILDRENS DOLLY GIRL MUG,12/1/2010,1,3.36,3.36,,United Kingdom,Sale
536592,22975,SPACEBOY CHILDRENS EGG CUP,12/1/2010,2,2.51,5.02,,United Kingdom,Sale
536592,22976,CIRCUS PARADE CHILDRENS EGG CUP,12/1/2010,2,2.51,5.02,,United Kingdom,Sale
536592,22977,DOLLY GIRL CHILDRENS EGG CUP,12/1/2010,1,2.51,2.51,,United Kingdom,Sale
536592,22988,SOLDIERS EGG CUP,12/1/2010,7,2.51,17.57,,United Kingdom,Sale
536592,35095A,BLUE VICTORIAN FABRIC OVAL BOX,12/1/2010,1,0.84,0.84,,United Kingdom,Sale
536592,35471D,SET OF 3 BIRD LIGHT PINK FEATHER,12/1/2010,1,2.51,2.51,,United Kingdom,Sale
536592,35598B,BLACK CHRISTMAS TREE 60CM,12/1/2010,1,6.77,6.77,,United Kingdom,Sale
536592,35599D,PINK AND WHITE CHRISTMAS TREE 120CM,12/1/2010,1,5.91,5.91,,United Kingdom,Sale
536592,35637A,IVORY STRING CURTAIN WITH POLE,12/1/2010,1,19.53,19.53,,United Kingdom,Sale
536592,35916B,BLUE FELT HANGING HEART WITH FLOWER,12/1/2010,1,1.66,1.66,,United Kingdom,Sale
536592,35916C,PINK FELT HANGING HEART W FLOWER,12/1/2010,1,1.66,1.66,,United Kingdom,Sale
536592,35957,SMALLFOLKART BAUBLE CHRISTMAS DEC,12/1/2010,5,1.66,8.3,,United Kingdom,Sale
536592,35961,FOLKART ZINC HEART CHRISTMAS DEC,12/1/2010,4,1.66,6.64,,United Kingdom,Sale
536592,35964,FOLKART CLIP ON STARS,12/1/2010,1,1.66,1.66,,United Kingdom,Sale
536592,35965,FOLKART HEART NAPKIN RINGS,12/1/2010,4,3.36,13.44,,United Kingdom,Sale
536592,35967,FOLK ART METAL STAR T-LIGHT HOLDER,12/1/2010,3,1.66,4.98,,United Kingdom,Sale
536592,37370,RETRO COFFEE MUGS ASSORTED,12/1/2010,1,16.13,16.13,,United Kingdom,Sale
536592,37444C,PINK BREAKFAST CUP AND SAUCER,12/1/2010,1,5.91,5.91,,United Kingdom,Sale
536592,37446,MINI CAKE STAND WITH HANGING CAKES,12/1/2010,1,3.36,3.36,,United Kingdom,Sale
536592,37450,CERAMIC CAKE BOWL + HANGING CAKES,12/1/2010,1,5.91,5.91,,United Kingdom,Sale
536592,37491A,YELLOW/PINK CERAMIC CANDLE HOLDER,12/1/2010,1,3.36,3.36,,United Kingdom,Sale
536592,46775D,SUNSET COLOUR CHUNKY KNITTED THROW,12/1/2010,1,11.02,11.02,,United Kingdom,Sale
536592,46776B,WOVEN BERRIES CUSHION COVER,12/1/2010,1,4.21,4.21,,United Kingdom,Sale
536592,47563A,RETRO LONGBOARD IRONING BOARD COVER,12/1/2010,1,5.91,5.91,,United Kingdom,Sale
536592,47566B,TEA TIME PARTY BUNTING,12/1/2010,1,8.47,8.47,,United Kingdom,Sale
536592,47567B,TEA TIME KITCHEN APRON,12/1/2010,1,12.72,12.72,,United Kingdom,Sale
536592,47590A,BLUE HAPPY BIRTHDAY BUNTING,12/1/2010,1,11.02,11.02,,United Kingdom,Sale
536592,47590B,PINK HAPPY BIRTHDAY BUNTING,12/1/2010,1,11.02,11.02,,United Kingdom,Sale
536592,47591B,SCOTTIES CHILDRENS APRON,12/1/2010,22,1.66,36.52,,United Kingdom,Sale
536592,47591D,PINK FAIRY CAKE CHILDRENS APRON,12/1/2010,3,4.21,12.63,,United Kingdom,Sale
536592,47593B,SCOTTIE DOGS BABY BIB,12/1/2010,3,0.85,2.55,,United Kingdom,Sale
536592,47594A,CAROUSEL DESIGN WASHBAG,12/1/2010,1,4.21,4.21,,United Kingdom,Sale
536592,47599A,PINK PARTY BAGS,12/1/2010,1,4.21,4.21,,United Kingdom,Sale
536592,48111,DOORMAT 3 SMILEY CATS,12/1/2010,1,14.43,14.43,,United Kingdom,Sale
536592,48138,DOORMAT UNION FLAG,12/1/2010,1,14.43,14.43,,United Kingdom,Sale
536592,48187,DOORMAT NEW ENGLAND,12/1/2010,1,14.43,14.43,,United Kingdom,Sale
536592,48194,DOORMAT HEARTS,12/1/2010,1,14.43,14.43,,United Kingdom,Sale
536592,51014A,"FEATHER PEN,HOT PINK",12/1/2010,1,1.66,1.66,,United Kingdom,Sale
536592,51014C,"FEATHER PEN,COAL BLACK",12/1/2010,1,1.66,1.66,,United Kingdom,Sale
536592,70006,LOVE HEART POCKET WARMER,12/1/2010,2,3.36,6.72,,United Kingdom,Sale
536592,70007,HI TEC ALPINE HAND WARMER,12/1/2010,1,3.36,3.36,,United Kingdom,Sale
536592,71477,COLOURED GLASS STAR T-LIGHT HOLDER,12/1/2010,1,6.77,6.77,,United Kingdom,Sale
536592,71496A,A4 WALL TIDY BLUE OFFICE,12/1/2010,2,1.49,2.98,,United Kingdom,Sale
536592,72134,COLUMBIAN  CUBE CANDLE,12/1/2010,1,1.66,1.66,,United Kingdom,Sale
536592,72741,GRAND CHOCOLATECANDLE,12/1/2010,3,2.82,8.46,,United Kingdom,Sale
536592,72807A,SET/3 ROSE CANDLE IN JEWELLED BOX,12/1/2010,1,8.47,8.47,,United Kingdom,Sale
536592,72816,SET/3 CHRISTMAS DECOUPAGE CANDLES,12/1/2010,5,2.51,12.55,,United Kingdom,Sale
536592,72817,SET OF 2 CHRISTMAS DECOUPAGE CANDLE,12/1/2010,1,1.66,1.66,,United Kingdom,Sale
536592,79067,CORONA MEXICAN TRAY,12/1/2010,1,8.47,8.47,,United Kingdom,Sale
536592,79302M,"ART LIGHTS,FUNK MONKEY",12/1/2010,1,5.91,5.91,,United Kingdom,Sale
536592,79321,CHILLI LIGHTS,12/1/2010,2,10.17,20.34,,United Kingdom,Sale
536592,82551,LAUNDRY 15C METAL SIGN,12/1/2010,2,2.51,5.02,,United Kingdom,Sale
536592,82552,WASHROOM METAL SIGN,12/1/2010,1,2.51,2.51,,United Kingdom,Sale
536592,82578,KITCHEN METAL SIGN,12/1/2010,1,1.28,1.28,,United Kingdom,Sale
536592,82580,BATHROOM METAL SIGN,12/1/2010,3,1.28,3.84,,United Kingdom,Sale
536592,82582,AREA PATROLLED METAL SIGN,12/1/2010,1,4.21,4.21,,United Kingdom,Sale
536592,82599,FANNY'S REST STOPMETAL SIGN,12/1/2010,2,4.21,8.42,,United Kingdom,Sale
536592,82613B,"METAL SIGN,CUPCAKE SINGLE HOOK",12/1/2010,1,2.51,2.51,,United Kingdom,Sale
536592,82613C,"METAL SIGN,CUPCAKE SINGLE HOOK",12/1/2010,1,2.51,2.51,,United Kingdom,Sale
536592,82613D,METAL SIGN CUPCAKE SINGLE HOOK,12/1/2010,3,2.51,7.53,,United Kingdom,Sale
536592,82616C,MIDNIGHT GLAMOUR SCARF KNITTING KIT,12/1/2010,1,2.51,2.51,,United Kingdom,Sale
536592,84029E,RED WOOLLY HOTTIE WHITE HEART,12/1/2010,1,7.62,7.62,,United Kingdom,Sale
536592,84029G,KNITTED UNION FLAG HOT WATER BOTTLE,12/1/2010,2,7.62,15.24,,United Kingdom,Sale
536592,84031B,CHARLIE LOLA BLUE HOT WATER BOTTLE,12/1/2010,1,4.21,4.21,,United Kingdom,Sale
536592,84032A,CHARLIE+LOLA PINK HOT WATER BOTTLE,12/1/2010,8,3.36,26.88,,United Kingdom,Sale
536592,84032B,CHARLIE + LOLA RED HOT WATER BOTTLE,12/1/2010,1,3.36,3.36,,United Kingdom,Sale
536592,84086C,PINK/PURPLE RETRO RADIO,12/1/2010,1,4.21,4.21,,United Kingdom,Sale
536592,84279P,CHERRY BLOSSOM  DECORATIVE FLASK,12/1/2010,1,8.47,8.47,,United Kingdom,Sale
536592,84347,ROTATING SILVER ANGELS T-LIGHT HLDR,12/1/2010,1,5.06,5.06,,United Kingdom,Sale
536592,84375,SET OF 20 KIDS COOKIE CUTTERS,12/1/2010,1,4.21,4.21,,United Kingdom,Sale
536592,84378,SET OF 3 HEART COOKIE CUTTERS,12/1/2010,1,2.51,2.51,,United Kingdom,Sale
536592,84380,SET OF 3 BUTTERFLY COOKIE CUTTERS,12/1/2010,1,2.51,2.51,,United Kingdom,Sale
536592,84459B,YELLOW METAL CHICKEN HEART,12/1/2010,1,3.36,3.36,,United Kingdom,Sale
536592,84509A,SET OF 4 ENGLISH ROSE PLACEMATS,12/1/2010,2,7.62,15.24,,United Kingdom,Sale
536592,84510A,SET OF 4 ENGLISH ROSE COASTERS,12/1/2010,2,2.51,5.02,,United Kingdom,Sale
536592,84520B,PACK 20 ENGLISH ROSE PAPER NAPKINS,12/1/2010,2,1.66,3.32,,United Kingdom,Sale
536592,84536A,ENGLISH ROSE NOTEBOOK A7 SIZE,12/1/2010,1,0.85,0.85,,United Kingdom,Sale
536592,84536B,FAIRY CAKES NOTEBOOK A7 SIZE,12/1/2010,1,0.85,0.85,,United Kingdom,Sale
536592,84559A,3D SHEET OF DOG STICKERS,12/1/2010,1,1.69,1.69,,United Kingdom,Sale
536592,84559B,3D SHEET OF CAT STICKERS,12/1/2010,1,1.69,1.69,,United Kingdom,Sale
536592,84580,MOUSE TOY WITH PINK T-SHIRT,12/1/2010,2,4.21,8.42,,United Kingdom,Sale
536592,84596J,MIXED NUTS LIGHT GREEN BOWL,12/1/2010,1,2.51,2.51,,United Kingdom,Sale
536592,84609,TALL ROCOCO CANDLE HOLDER,12/1/2010,1,16.98,16.98,,United Kingdom,Sale
536592,84659A,WHITE TRAVEL ALARM CLOCK,12/1/2010,3,2.51,7.53,,United Kingdom,Sale
536592,84663A,GRASS HOPPER WOODEN WALL CLOCK,12/1/2010,1,5.91,5.91,,United Kingdom,Sale
536592,84692,BOX OF 24 COCKTAIL PARASOLS,12/1/2010,3,0.85,2.55,,United Kingdom,Sale
536592,84754,S/15 SILVER GLASS BAUBLES IN BAG,12/1/2010,1,2.51,2.51,,United Kingdom,Sale
536592,84755,COLOUR GLASS T-LIGHT HOLDER HANGING,12/1/2010,4,1.27,5.08,,United Kingdom,Sale
536592,84828,JUNGLE POPSICLES ICE LOLLY MOULDS,12/1/2010,2,2.51,5.02,,United Kingdom,Sale
536592,84832,ZINC WILLIE WINKIE  CANDLE STICK,12/1/2010,1,1.66,1.66,,United Kingdom,Sale
536592,84856L,LARGE TAHITI BEACH BAG,12/1/2010,1,11.87,11.87,,United Kingdom,Sale
536592,84879,ASSORTED COLOUR BIRD ORNAMENT,12/1/2010,8,3.19,25.52,,United Kingdom,Sale
536592,84912B,GREEN ROSE WASHBAG,12/1/2010,1,3.36,3.36,,United Kingdom,Sale
536592,84913B,MINT GREEN ROSE TOWEL,12/1/2010,2,3.36,6.72,,United Kingdom,Sale
536592,84915,HAND TOWEL PINK FLOWER AND DAISY,12/1/2010,2,4.21,8.42,,United Kingdom,Sale
536592,84923,PINK BUTTERFLY HANDBAG W BOBBLES,12/1/2010,1,4.21,4.21,,United Kingdom,Sale
536592,84946,ANTIQUE SILVER T-LIGHT GLASS,12/1/2010,28,2.51,70.28,,United Kingdom,Sale
536592,84950,ASSORTED COLOUR T-LIGHT HOLDER,12/1/2010,18,0.99,17.82,,United Kingdom,Sale
536592,84969,BOX OF 6 ASSORTED COLOUR TEASPOONS,12/1/2010,1,8.47,8.47,,United Kingdom,Sale
536592,84970L,SINGLE HEART ZINC T-LIGHT HOLDER,12/1/2010,3,2.13,6.39,,United Kingdom,Sale
536592,84970S,HANGING HEART ZINC T-LIGHT HOLDER,12/1/2010,1,2.13,2.13,,United Kingdom,Sale
536592,84971S,SMALL HEART FLOWERS HOOK,12/1/2010,3,1.66,4.98,,United Kingdom,Sale
536592,84976,RECTANGULAR SHAPED MIRROR,12/1/2010,1,3.36,3.36,,United Kingdom,Sale
536592,84988,SET OF 72 PINK HEART PAPER DOILIES,12/1/2010,5,2.98,14.9,,United Kingdom,Sale
536592,84992,72 SWEETHEART FAIRY CAKE CASES,12/1/2010,1,1.28,1.28,,United Kingdom,Sale
536592,85008,SET OF 3 CONEY ISLAND OVAL BOXES,12/1/2010,1,10.17,10.17,,United Kingdom,Sale
536592,85015,SET OF 12  VINTAGE POSTCARD SET,12/1/2010,2,2.51,5.02,,United Kingdom,Sale
536592,85017A,ENVELOPE 50 ROMANTIC IMAGES,12/1/2010,1,0.85,0.85,,United Kingdom,Sale
536592,85017B,ENVELOPE 50 BLOSSOM IMAGES,12/1/2010,1,0.85,0.85,,United Kingdom,Sale
536592,85032D,YULETIDE IMAGES GIFT WRAP SET,12/1/2010,4,1.66,6.64,,United Kingdom,Sale
536592,85040B,SET/4 BLUE FLOWER CANDLES IN BOWL,12/1/2010,2,3.36,6.72,,United Kingdom,Sale
536592,85048,15CM CHRISTMAS GLASS BALL 20 LIGHTS,12/1/2010,1,16.98,16.98,,United Kingdom,Sale
536592,85049A,TRADITIONAL CHRISTMAS RIBBONS,12/1/2010,3,2.51,7.53,,United Kingdom,Sale
536592,85049E,SCANDINAVIAN REDS RIBBONS,12/1/2010,5,2.51,12.55,,United Kingdom,Sale
536592,85049G,CHOCOLATE BOX RIBBONS,12/1/2010,1,2.51,2.51,,United Kingdom,Sale
536592,85053,FRENCH ENAMEL CANDLEHOLDER,12/1/2010,1,4.21,4.21,,United Kingdom,Sale
536592,85064,CREAM SWEETHEART LETTER RACK,12/1/2010,1,11.02,11.02,,United Kingdom,Sale
536592,85099B,JUMBO BAG RED RETROSPOT,12/1/2010,1,4.21,4.21,,United Kingdom,Sale
536592,85099F,JUMBO BAG STRAWBERRY,12/1/2010,1,4.21,4.21,,United Kingdom,Sale
536592,85114A,BLACK ENCHANTED FOREST PLACEMAT,12/1/2010,4,3.36,13.44,,United Kingdom,Sale
536592,85114B,IVORY ENCHANTED FOREST PLACEMAT,12/1/2010,1,3.36,3.36,,United Kingdom,Sale
536592,85114C,RED ENCHANTED FOREST PLACEMAT,12/1/2010,2,3.36,6.72,,United Kingdom,Sale
536592,85116,BLACK CANDELABRA T-LIGHT HOLDER,12/1/2010,1,1.66,1.66,,United Kingdom,Sale
536592,85123A,WHITE HANGING HEART T-LIGHT HOLDER,12/1/2010,9,5.91,53.19,,United Kingdom,Sale
536592,85131B,BEADED CRYSTAL HEART GREEN ON STICK,12/1/2010,1,0.85,0.85,,United Kingdom,Sale
536592,85131D,BEADED CRYSTAL HEART PINK ON STICK,12/1/2010,1,0.85,0.85,,United Kingdom,Sale
536592,85132A,CHARLIE + LOLA BISCUITS TINS,12/1/2010,1,8.47,8.47,,United Kingdom,Sale
536592,85135B,BLUE DRAGONFLY HELICOPTER,12/1/2010,1,8.47,8.47,,United Kingdom,Sale
536592,85136A,YELLOW SHARK HELICOPTER,12/1/2010,2,8.47,16.94,,United Kingdom,Sale
536592,85136C,RED SHARK HELICOPTER,12/1/2010,1,8.47,8.47,,United Kingdom,Sale
536592,85150,LADIES & GENTLEMEN METAL SIGN,12/1/2010,1,5.06,5.06,,United Kingdom,Sale
536592,85170D,SET/6 PINK BIRD T-LIGHT CANDLES,12/1/2010,1,4.21,4.21,,United Kingdom,Sale
536592,85199L,LARGE HANGING IVORY & RED WOOD BIRD,12/1/2010,1,1.28,1.28,,United Kingdom,Sale
536592,85212,MINI PAINTED GARDEN DECORATION,12/1/2010,4,1.66,6.64,,United Kingdom,Sale
536592,85227,SET OF 6 3D KIT CARDS FOR KIDS,12/1/2010,2,1.66,3.32,,United Kingdom,Sale
536592,85231B,CINAMMON SET OF 9 T-LIGHTS,12/1/2010,1,1.66,1.66,,United Kingdom,Sale
536592,85232B,SET OF 3 BABUSHKA STACKING TINS,12/1/2010,1,4.95,4.95,,United Kingdom,Sale
536592,85232D,SET/3 DECOUPAGE STACKING TINS,12/1/2010,1,10.17,10.17,,United Kingdom,Sale
536592,90013B,BLACK VINTAGE EARRINGS,12/1/2010,1,4.24,4.24,,United Kingdom,Sale
536592,90018B,GOLD M.O.P ORBIT DROP EARRINGS,12/1/2010,1,4.24,4.24,,United Kingdom,Sale
536592,90019B,GOLD M.O.P ORBIT BRACELET,12/1/2010,1,5.51,5.51,,United Kingdom,Sale
536592,90024C,NEW BAROQUE B'FLY NECKLACE GREEN,12/1/2010,1,8.49,8.49,,United Kingdom,Sale
536592,90036F,"FLOWER GLASS GARLD NECKL36""TURQUOIS",12/1/2010,1,8.07,8.07,,United Kingdom,Sale
536592,90040B,MURANO STYLE GLASS BRACELET BLACK,12/1/2010,1,3.81,3.81,,United Kingdom,Sale
536592,90051,CRACKED GLAZE NECKLACE RED,12/1/2010,1,7.22,7.22,,United Kingdom,Sale
536592,90054,CRACKED GLAZE EARRINGS RED,12/1/2010,1,2.54,2.54,,United Kingdom,Sale
536592,90077,BLACK DIAMOND CLUSTER EARRINGS,12/1/2010,1,2.96,2.96,,United Kingdom,Sale
536592,90124B,BLUE MURANO TWIST NECKLACE,12/1/2010,1,10.17,10.17,,United Kingdom,Sale
536592,90134,OLD ROSE COMBO BEAD NECKLACE,12/1/2010,1,2.96,2.96,,United Kingdom,Sale
536592,90138,WHITE/PINK MINI CRYSTALS NECKLACE,12/1/2010,1,5.51,5.51,,United Kingdom,Sale
536592,90161A,ANT COPPER RED BOUDICCA BRACELET,12/1/2010,1,5.09,5.09,,United Kingdom,Sale
536592,90161B,ANT COPPER TURQ BOUDICCA BRACELET,12/1/2010,2,5.09,10.18,,United Kingdom,Sale
536592,90166,PINK & WHITE ROSEBUD RING,12/1/2010,1,4.24,4.24,,United Kingdom,Sale
536592,90173,PAIR BUTTERFLY HAIR CLIPS,12/1/2010,1,3.81,3.81,,United Kingdom,Sale
536592,90177C,DROP DIAMANTE EARRINGS CRYSTAL,12/1/2010,1,2.96,2.96,,United Kingdom,Sale
536592,90177E,DROP DIAMANTE EARRINGS GREEN,12/1/2010,1,2.96,2.96,,United Kingdom,Sale
536592,90181B,AMETHYST GLASS/SHELL/PEARL NECKLACE,12/1/2010,1,9.34,9.34,,United Kingdom,Sale
536592,90192,JADE DROP EARRINGS W FILIGREE,12/1/2010,1,5.09,5.09,,United Kingdom,Sale
536592,90200C,BLUE SWEETHEART BRACELET,12/1/2010,1,4.24,4.24,,United Kingdom,Sale
536592,90206C,CRYSTAL DIAMANTE STAR BROOCH,12/1/2010,1,5.09,5.09,,United Kingdom,Sale
536592,90209C,PINK ENAMEL+GLASS HAIR COMB,12/1/2010,1,2.11,2.11,,United Kingdom,Sale
536592,90211A,DIAMOND LAS VEGAS NECKLACE 45CM,12/1/2010,1,5.94,5.94,,United Kingdom,Sale
536592,90214A,"LETTER ""A"" BLING KEY RING",12/1/2010,2,0.85,1.7,,United Kingdom,Sale
536592,90214E,"LETTER ""E"" BLING KEY RING",12/1/2010,1,0.85,0.85,,United Kingdom,Sale
536592,90214H,"LETTER ""H"" BLING KEY RING",12/1/2010,1,0.85,0.85,,United Kingdom,Sale
536592,90214S,"LETTER ""S"" BLING KEY RING",12/1/2010,1,0.85,0.85,,United Kingdom,Sale
536592,20970,PINK FLORAL FELTCRAFT SHOULDER BAG,12/1/2010,3,3.75,11.25,,United Kingdom,Sale
536592,22785,SQUARECUSHION COVER PINK UNION,12/1/2010,3,6.75,20.25,,United Kingdom,Sale
536592,84658,WHITE STITCHED CUSHION COVER,12/1/2010,3,6.95,20.85,,United Kingdom,Sale
536592,20728,LUNCH BAG CARS BLUE,12/1/2010,9,1.65,14.85,,United Kingdom,Sale
536592,82494L,WOODEN FRAME ANTIQUE WHITE,12/1/2010,3,2.95,8.85,,United Kingdom,Sale
536592,22165,DIAMANTE HEART SHAPED WALL MIRROR,12/1/2010,3,12.75,38.25,,United Kingdom,Sale
536592,22467,GUMBALL COAT RACK,12/1/2010,3,2.55,7.65,,United Kingdom,Sale
536592,22448,PIN CUSHION BABUSHKA RED,12/1/2010,3,3.35,10.05,,United Kingdom,Sale
536592,22447,PIN CUSHION BABUSHKA BLUE,12/1/2010,3,3.35,10.05,,United Kingdom,Sale
536592,22446,PIN CUSHION BABUSHKA PINK,12/1/2010,3,3.35,10.05,,United Kingdom,Sale
536592,20665,RED RETROSPOT PURSE,12/1/2010,3,2.95,8.85,,United Kingdom,Sale
536593,21524,DOORMAT SPOTTY HOME SWEET HOME,12/1/2010,2,7.95,15.9,16835,United Kingdom,Sale
536593,22366,DOORMAT AIRMAIL,12/1/2010,2,7.95,15.9,16835,United Kingdom,Sale
536593,22519,CHILDS GARDEN BRUSH PINK,12/1/2010,6,2.1,12.6,16835,United Kingdom,Sale
536593,22222,CAKE PLATE LOVEBIRD WHITE,12/1/2010,3,4.95,14.85,16835,United Kingdom,Sale
536593,21472,LADYBIRD + BEE RAFFIA FOOD COVER,12/1/2010,6,3.75,22.5,16835,United Kingdom,Sale
536594,21733,RED HANGING HEART T-LIGHT HOLDER,12/1/2010,6,2.95,17.7,15235,United Kingdom,Sale
536594,22113,GREY HEART HOT WATER BOTTLE,12/1/2010,4,3.75,15,15235,United Kingdom,Sale
536594,22804,CANDLEHOLDER PINK HANGING HEART,12/1/2010,6,2.95,17.7,15235,United Kingdom,Sale
536594,84970L,SINGLE HEART ZINC T-LIGHT HOLDER,12/1/2010,12,0.95,11.4,15235,United Kingdom,Sale
536594,85123A,WHITE HANGING HEART T-LIGHT HOLDER,12/1/2010,6,2.95,17.7,15235,United Kingdom,Sale
536595,21877,HOME SWEET HOME MUG,12/1/2010,1,1.25,1.25,13576,United Kingdom,Sale
536595,21137,BLACK RECORD COVER FRAME,12/1/2010,60,3.39,203.4,13576,United Kingdom,Sale
536595,22041,"RECORD FRAME 7"" SINGLE SIZE",12/1/2010,24,2.55,61.2,13576,United Kingdom,Sale
536595,22121,NOEL WOODEN BLOCK LETTERS,12/1/2010,4,5.95,23.8,13576,United Kingdom,Sale
536595,21756,BATH BUILDING BLOCK WORD,12/1/2010,4,5.95,23.8,13576,United Kingdom,Sale
536595,21705,BAG 500g SWIRLY MARBLES,12/1/2010,5,1.65,8.25,13576,United Kingdom,Sale
536595,22694,WICKER STAR,12/1/2010,5,2.1,10.5,13576,United Kingdom,Sale
536595,20679,EDWARDIAN PARASOL RED,12/1/2010,1,5.95,5.95,13576,United Kingdom,Sale
536595,21577,SAVE THE PLANET COTTON TOTE BAG,12/1/2010,1,2.25,2.25,13576,United Kingdom,Sale
536595,22524,CHILDRENS GARDEN GLOVES BLUE,12/1/2010,1,1.25,1.25,13576,United Kingdom,Sale
536595,20765,CHRYSANTHEMUM SKETCHBOOK,12/1/2010,2,3.75,7.5,13576,United Kingdom,Sale
536596,21624,VINTAGE UNION JACK DOORSTOP,12/1/2010,1,5.95,5.95,,United Kingdom,Sale
536596,22900,SET 2 TEA TOWELS I LOVE LONDON,12/1/2010,1,2.95,2.95,,United Kingdom,Sale
536596,22114,HOT WATER BOTTLE TEA AND SYMPATHY,12/1/2010,1,3.95,3.95,,United Kingdom,Sale
536596,21967,PACK OF 12 SKULL TISSUES,12/1/2010,1,0.29,0.29,,United Kingdom,Sale
536596,84926A,WAKE UP COCKEREL TILE COASTER,12/1/2010,4,1.25,5,,United Kingdom,Sale
536596,22802,FAUX FUR CHOCOLATE THROW,12/1/2010,1,19.95,19.95,,United Kingdom,Sale
536597,22952,60 CAKE CASES VINTAGE CHRISTMAS,12/1/2010,4,0.55,2.2,18011,United Kingdom,Sale
536597,21704,BAG 250g SWIRLY MARBLES,12/1/2010,1,0.85,0.85,18011,United Kingdom,Sale
536597,21703,BAG 125g SWIRLY MARBLES,12/1/2010,4,0.42,1.68,18011,United Kingdom,Sale
536597,21705,BAG 500g SWIRLY MARBLES,12/1/2010,2,1.65,3.3,18011,United Kingdom,Sale
536597,85035C,ROSE 3 WICK MORRIS BOX CANDLE,12/1/2010,1,4.25,4.25,18011,United Kingdom,Sale
536597,72803A,ROSE SCENT CANDLE JEWELLED DRAWER,12/1/2010,1,4.25,4.25,18011,United Kingdom,Sale
536597,22086,PAPER CHAIN KIT 50'S CHRISTMAS,12/1/2010,1,2.95,2.95,18011,United Kingdom,Sale
536597,22910,PAPER CHAIN KIT VINTAGE CHRISTMAS,12/1/2010,1,2.95,2.95,18011,United Kingdom,Sale
536597,22583,PACK OF 6 HANDBAG GIFT BOXES,12/1/2010,2,2.55,5.1,18011,United Kingdom,Sale
536597,22731,3D CHRISTMAS STAMPS STICKERS,12/1/2010,1,1.25,1.25,18011,United Kingdom,Sale
536597,20682,RED RETROSPOT CHILDRENS UMBRELLA,12/1/2010,1,3.25,3.25,18011,United Kingdom,Sale
536597,72802C,VANILLA SCENT CANDLE JEWELLED BOX,12/1/2010,3,4.25,12.75,18011,United Kingdom,Sale
536597,22384,LUNCH BAG PINK POLKADOT,12/1/2010,1,1.65,1.65,18011,United Kingdom,Sale
536597,40001,WHITE BAMBOO RIBS LAMPSHADE,12/1/2010,4,0.85,3.4,18011,United Kingdom,Sale
536597,21709,FOLDING UMBRELLA CHOCOLATE POLKADOT,12/1/2010,1,4.95,4.95,18011,United Kingdom,Sale
536597,22220,CAKE STAND LOVEBIRD 2 TIER WHITE,12/1/2010,1,9.95,9.95,18011,United Kingdom,Sale
536597,21739,COSY SLIPPER SHOES SMALL GREEN,12/1/2010,1,2.95,2.95,18011,United Kingdom,Sale
536597,85034A,3 GARDENIA MORRIS BOXED CANDLES,12/1/2010,1,4.25,4.25,18011,United Kingdom,Sale
536597,72818,CHRISTMAS DECOUPAGE CANDLE,12/1/2010,4,0.85,3.4,18011,United Kingdom,Sale
536597,72798C,SET/4 GARDEN ROSE DINNER CANDLE,12/1/2010,1,1.65,1.65,18011,United Kingdom,Sale
536597,22197,POPCORN HOLDER,12/1/2010,6,0.85,5.1,18011,United Kingdom,Sale
536597,20726,LUNCH BAG WOODLAND,12/1/2010,1,1.65,1.65,18011,United Kingdom,Sale
536597,84744,S/6 SEW ON CROCHET FLOWERS,12/1/2010,1,1.25,1.25,18011,United Kingdom,Sale
536597,35271S,GOLD PRINT PAPER BAG,12/1/2010,14,0.19,2.66,18011,United Kingdom,Sale
536597,21380,WOODEN HAPPY BIRTHDAY GARLAND,12/1/2010,1,2.95,2.95,18011,United Kingdom,Sale
536597,22909,SET OF 20 VINTAGE CHRISTMAS NAPKINS,12/1/2010,1,0.85,0.85,18011,United Kingdom,Sale
536597,21221,SET/4 BADGES CUTE CREATURES,12/1/2010,5,1.25,6.25,18011,United Kingdom,Sale
536597,20755,BLUE PAISLEY POCKET BOOK,12/1/2010,6,0.85,5.1,18011,United Kingdom,Sale
536598,21421,PORCELAIN ROSE LARGE,12/2/2010,12,1.25,15,13090,United Kingdom,Sale
536598,21422,PORCELAIN ROSE SMALL,12/2/2010,16,0.85,13.6,13090,United Kingdom,Sale
536598,22178,VICTORIAN GLASS HANGING T-LIGHT,12/2/2010,24,1.25,30,13090,United Kingdom,Sale
536598,22617,BAKING SET SPACEBOY DESIGN,12/2/2010,24,4.25,102,13090,United Kingdom,Sale
536599,22968,ROSE COTTAGE KEEPSAKE BOX,12/2/2010,8,8.5,68,15694,United Kingdom,Sale
536599,22727,ALARM CLOCK BAKELIKE RED,12/2/2010,4,3.75,15,15694,United Kingdom,Sale
536599,22726,ALARM CLOCK BAKELIKE GREEN,12/2/2010,12,3.75,45,15694,United Kingdom,Sale
536599,84945,MULTI COLOUR SILVER T-LIGHT HOLDER,12/2/2010,36,0.85,30.6,15694,United Kingdom,Sale
536599,20749,ASSORTED COLOUR MINI CASES,12/2/2010,12,6.35,76.2,15694,United Kingdom,Sale
536599,21056,DOCTOR'S BAG SOFT TOY,12/2/2010,8,8.95,71.6,15694,United Kingdom,Sale
536600,85123A,WHITE HANGING HEART T-LIGHT HOLDER,12/2/2010,6,2.55,15.3,17850,United Kingdom,Sale
536600,71053,WHITE METAL LANTERN,12/2/2010,6,3.39,20.34,17850,United Kingdom,Sale
536600,82483,WOOD 2 DRAWER CABINET WHITE FINISH,12/2/2010,4,4.95,19.8,17850,United Kingdom,Sale
536600,82486,WOOD S/3 CABINET ANT WHITE FINISH,12/2/2010,2,6.95,13.9,17850,United Kingdom,Sale
536600,82482,WOODEN PICTURE FRAME WHITE FINISH,12/2/2010,6,2.1,12.6,17850,United Kingdom,Sale
536600,82494L,WOODEN FRAME ANTIQUE WHITE,12/2/2010,6,2.55,15.3,17850,United Kingdom,Sale
536600,22411,JUMBO SHOPPER VINTAGE RED PAISLEY,12/2/2010,6,1.65,9.9,17850,United Kingdom,Sale
536600,84029G,KNITTED UNION FLAG HOT WATER BOTTLE,12/2/2010,6,3.39,20.34,17850,United Kingdom,Sale
536600,84029E,RED WOOLLY HOTTIE WHITE HEART,12/2/2010,6,3.39,20.34,17850,United Kingdom,Sale
536600,22752,SET 7 BABUSHKA NESTING BOXES,12/2/2010,2,7.65,15.3,17850,United Kingdom,Sale
536600,22803,IVORY EMBROIDERED QUILT,12/2/2010,2,35.75,71.5,17850,United Kingdom,Sale
536600,21730,GLASS STAR FROSTED T-LIGHT HOLDER,12/2/2010,4,4.25,17,17850,United Kingdom,Sale
536601,22632,HAND WARMER RED RETROSPOT,12/2/2010,6,1.85,11.1,17850,United Kingdom,Sale
536601,22633,HAND WARMER UNION JACK,12/2/2010,6,1.85,11.1,17850,United Kingdom,Sale
536602,37370,RETRO COFFEE MUGS ASSORTED,12/2/2010,6,1.06,6.36,17850,United Kingdom,Sale
536602,21871,SAVE THE PLANET MUG,12/2/2010,6,1.06,6.36,17850,United Kingdom,Sale
536602,21071,VINTAGE BILLBOARD DRINK ME MUG,12/2/2010,6,1.06,6.36,17850,United Kingdom,Sale
536602,21068,VINTAGE BILLBOARD LOVE/HATE MUG,12/2/2010,6,1.06,6.36,17850,United Kingdom,Sale
536602,82483,WOOD 2 DRAWER CABINET WHITE FINISH,12/2/2010,4,4.95,19.8,17850,United Kingdom,Sale
536602,22411,JUMBO SHOPPER VINTAGE RED PAISLEY,12/2/2010,6,1.65,9.9,17850,United Kingdom,Sale
536602,84029G,KNITTED UNION FLAG HOT WATER BOTTLE,12/2/2010,6,3.39,20.34,17850,United Kingdom,Sale
536602,84029E,RED WOOLLY HOTTIE WHITE HEART,12/2/2010,6,3.39,20.34,17850,United Kingdom,Sale
536602,21730,GLASS STAR FROSTED T-LIGHT HOLDER,12/2/2010,4,4.25,17,17850,United Kingdom,Sale
536602,22752,SET 7 BABUSHKA NESTING BOXES,12/2/2010,2,7.65,15.3,17850,United Kingdom,Sale
536602,85123A,WHITE HANGING HEART T-LIGHT HOLDER,12/2/2010,6,2.55,15.3,17850,United Kingdom,Sale
536602,71053,WHITE METAL LANTERN,12/2/2010,6,3.39,20.34,17850,United Kingdom,Sale
536603,22632,HAND WARMER RED RETROSPOT,12/2/2010,6,1.85,11.1,17850,United Kingdom,Sale
536603,22633,HAND WARMER UNION JACK,12/2/2010,6,1.85,11.1,17850,United Kingdom,Sale
536604,84832,ZINC WILLIE WINKIE  CANDLE STICK,12/2/2010,12,0.85,10.2,14741,United Kingdom,Sale
536604,85231B,CINAMMON SET OF 9 T-LIGHTS,12/2/2010,12,0.85,10.2,14741,United Kingdom,Sale
536604,22189,CREAM HEART CARD HOLDER,12/2/2010,12,3.95,47.4,14741,United Kingdom,Sale
536604,22457,NATURAL SLATE HEART CHALKBOARD,12/2/2010,6,2.95,17.7,14741,United Kingdom,Sale
536604,22863,SOAP DISH BROCANTE,12/2/2010,6,2.95,17.7,14741,United Kingdom,Sale
536604,22792,FLUTED ANTIQUE CANDLE HOLDER,12/2/2010,12,0.85,10.2,14741,United Kingdom,Sale
536604,84970S,HANGING HEART ZINC T-LIGHT HOLDER,12/2/2010,12,0.85,10.2,14741,United Kingdom,Sale
536604,72741,GRAND CHOCOLATECANDLE,12/2/2010,18,1.45,26.1,14741,United Kingdom,Sale
536604,22961,JAM MAKING SET PRINTED,12/2/2010,24,1.45,34.8,14741,United Kingdom,Sale
536605,21364,PEACE SMALL WOOD LETTERS,12/2/2010,2,6.75,13.5,13715,United Kingdom,Sale
536605,22219,LOVEBIRD HANGING DECORATION WHITE,12/2/2010,12,0.85,10.2,13715,United Kingdom,Sale
536605,20966,SANDWICH BATH SPONGE,12/2/2010,10,1.25,12.5,13715,United Kingdom,Sale
536605,22107,PIZZA PLATE IN BOX,12/2/2010,8,3.75,30,13715,United Kingdom,Sale
536605,22109,FULL ENGLISH BREAKFAST PLATE,12/2/2010,8,3.75,30,13715,United Kingdom,Sale
536605,21181,PLEASE ONE PERSON METAL SIGN,12/2/2010,12,2.1,25.2,13715,United Kingdom,Sale
536605,21042,RED RETROSPOT APRON,12/2/2010,3,5.95,17.85,13715,United Kingdom,Sale
536605,47567B,TEA TIME KITCHEN APRON,12/2/2010,3,5.95,17.85,13715,United Kingdom,Sale
536605,22111,SCOTTIE DOG HOT WATER BOTTLE,12/2/2010,3,4.95,14.85,13715,United Kingdom,Sale
536605,22271,FELTCRAFT DOLL ROSIE,12/2/2010,6,2.95,17.7,13715,United Kingdom,Sale
536605,22272,FELTCRAFT DOLL MARIA,12/2/2010,6,2.95,17.7,13715,United Kingdom,Sale
536605,22273,FELTCRAFT DOLL MOLLY,12/2/2010,6,2.95,17.7,13715,United Kingdom,Sale
536605,22274,FELTCRAFT DOLL EMILY,12/2/2010,6,2.95,17.7,13715,United Kingdom,Sale
536605,20963,APPLE BATH SPONGE,12/2/2010,10,1.25,12.5,13715,United Kingdom,Sale
536605,21172,PARTY METAL SIGN,12/2/2010,12,1.45,17.4,13715,United Kingdom,Sale
C536606,20914,SET/5 RED RETROSPOT LID GLASS BOWLS,12/2/2010,-2,2.95,-5.9,14092,United Kingdom,Return
536607,72760B,VINTAGE CREAM 3 BASKET CAKE STAND,12/2/2010,2,9.95,19.9,17732,United Kingdom,Sale
536607,22602,RETROSPOT WOODEN HEART DECORATION,12/2/2010,12,0.85,10.2,17732,United Kingdom,Sale
536607,21754,HOME BUILDING BLOCK WORD,12/2/2010,3,5.95,17.85,17732,United Kingdom,Sale
536607,21756,BATH BUILDING BLOCK WORD,12/2/2010,3,5.95,17.85,17732,United Kingdom,Sale
536607,21481,FAWN BLUE HOT WATER BOTTLE,12/2/2010,6,2.95,17.7,17732,United Kingdom,Sale
536607,22114,HOT WATER BOTTLE TEA AND SYMPATHY,12/2/2010,4,3.95,15.8,17732,United Kingdom,Sale
536607,22386,JUMBO BAG PINK POLKADOT,12/2/2010,10,1.95,19.5,17732,United Kingdom,Sale
536607,85099B,JUMBO BAG RED RETROSPOT,12/2/2010,10,1.95,19.5,17732,United Kingdom,Sale
536607,22365,DOORMAT RESPECTABLE HOUSE,12/2/2010,2,7.95,15.9,17732,United Kingdom,Sale
536607,21955,DOORMAT UNION JACK GUNS AND ROSES,12/2/2010,2,7.95,15.9,17732,United Kingdom,Sale
536607,21733,RED HANGING HEART T-LIGHT HOLDER,12/2/2010,6,2.95,17.7,17732,United Kingdom,Sale
536607,84879,ASSORTED COLOUR BIRD ORNAMENT,12/2/2010,8,1.69,13.52,17732,United Kingdom,Sale
536607,22423,REGENCY CAKESTAND 3 TIER,12/2/2010,1,12.75,12.75,17732,United Kingdom,Sale
536607,22624,IVORY KITCHEN SCALES,12/2/2010,2,8.5,17,17732,United Kingdom,Sale
536607,22507,MEMO BOARD RETROSPOT  DESIGN,12/2/2010,4,4.95,19.8,17732,United Kingdom,Sale
536607,22457,NATURAL SLATE HEART CHALKBOARD,12/2/2010,6,2.95,17.7,17732,United Kingdom,Sale
536607,22804,CANDLEHOLDER PINK HANGING HEART,12/2/2010,6,2.95,17.7,17732,United Kingdom,Sale
536607,85123A,WHITE HANGING HEART T-LIGHT HOLDER,12/2/2010,6,2.95,17.7,17732,United Kingdom,Sale
536608,22863,SOAP DISH BROCANTE,12/2/2010,6,2.95,17.7,12855,United Kingdom,Sale
536608,22962,JAM JAR WITH PINK LID,12/2/2010,12,0.85,10.2,12855,United Kingdom,Sale
536608,22963,JAM JAR WITH GREEN LID,12/2/2010,12,0.85,10.2,12855,United Kingdom,Sale
536609,85123A,WHITE HANGING HEART T-LIGHT HOLDER,12/2/2010,6,2.55,15.3,17850,United Kingdom,Sale
536609,71053,WHITE METAL LANTERN,12/2/2010,6,3.39,20.34,17850,United Kingdom,Sale
536609,84406B,CREAM CUPID HEARTS COAT HANGER,12/2/2010,6,2.75,16.5,17850,United Kingdom,Sale
536609,37370,RETRO COFFEE MUGS ASSORTED,12/2/2010,6,1.06,6.36,17850,United Kingdom,Sale
536609,21871,SAVE THE PLANET MUG,12/2/2010,6,1.06,6.36,17850,United Kingdom,Sale
536609,21071,VINTAGE BILLBOARD DRINK ME MUG,12/2/2010,6,1.06,6.36,17850,United Kingdom,Sale
536609,21068,VINTAGE BILLBOARD LOVE/HATE MUG,12/2/2010,6,1.06,6.36,17850,United Kingdom,Sale
536609,82483,WOOD 2 DRAWER CABINET WHITE FINISH,12/2/2010,4,4.95,19.8,17850,United Kingdom,Sale
536609,82486,WOOD S/3 CABINET ANT WHITE FINISH,12/2/2010,4,6.95,27.8,17850,United Kingdom,Sale
536609,82482,WOODEN PICTURE FRAME WHITE FINISH,12/2/2010,6,2.1,12.6,17850,United Kingdom,Sale
536609,82494L,WOODEN FRAME ANTIQUE WHITE,12/2/2010,6,2.55,15.3,17850,United Kingdom,Sale
536609,22411,JUMBO SHOPPER VINTAGE RED PAISLEY,12/2/2010,6,1.65,9.9,17850,United Kingdom,Sale
536609,84029G,KNITTED UNION FLAG HOT WATER BOTTLE,12/2/2010,6,3.39,20.34,17850,United Kingdom,Sale
536609,84029E,RED WOOLLY HOTTIE WHITE HEART,12/2/2010,6,3.39,20.34,17850,United Kingdom,Sale
536609,22752,SET 7 BABUSHKA NESTING BOXES,12/2/2010,2,7.65,15.3,17850,United Kingdom,Sale
536609,21730,GLASS STAR FROSTED T-LIGHT HOLDER,12/2/2010,6,4.25,25.5,17850,United Kingdom,Sale
536610,22632,HAND WARMER RED RETROSPOT,12/2/2010,6,1.85,11.1,17850,United Kingdom,Sale
536610,22633,HAND WARMER UNION JACK,12/2/2010,6,1.85,11.1,17850,United Kingdom,Sale
536611,22865,HAND WARMER OWL DESIGN,12/2/2010,12,2.1,25.2,15752,United Kingdom,Sale
536611,22866,HAND WARMER SCOTTY DOG DESIGN,12/2/2010,12,2.1,25.2,15752,United Kingdom,Sale
536611,22632,HAND WARMER RED RETROSPOT,12/2/2010,24,2.1,50.4,15752,United Kingdom,Sale
536611,22633,HAND WARMER UNION JACK,12/2/2010,12,2.1,25.2,15752,United Kingdom,Sale
536611,21790,VINTAGE SNAP CARDS,12/2/2010,12,0.85,10.2,15752,United Kingdom,Sale
536611,21889,WOODEN BOX OF DOMINOES,12/2/2010,12,1.25,15,15752,United Kingdom,Sale
536611,22549,PICTURE DOMINOES,12/2/2010,12,1.45,17.4,15752,United Kingdom,Sale
536611,84031A,CHARLIE+LOLA RED HOT WATER BOTTLE,12/2/2010,3,4.65,13.95,15752,United Kingdom,Sale
536611,84032A,CHARLIE+LOLA PINK HOT WATER BOTTLE,12/2/2010,6,2.95,17.7,15752,United Kingdom,Sale
536611,62096A,PINK/YELLOW FLOWERS HANDBAG,12/2/2010,6,1.25,7.5,15752,United Kingdom,Sale
536611,85071D,CHARLIE+LOLA MY ROOM DOOR SIGN,12/2/2010,6,2.55,15.3,15752,United Kingdom,Sale
536611,21915,RED  HARMONICA IN BOX,12/2/2010,12,1.25,15,15752,United Kingdom,Sale
536611,82580,BATHROOM METAL SIGN,12/2/2010,12,0.55,6.6,15752,United Kingdom,Sale
536611,21272,SALLE DE BAIN HOOK,12/2/2010,12,1.25,15,15752,United Kingdom,Sale
536612,85123A,WHITE HANGING HEART T-LIGHT HOLDER,12/2/2010,6,2.55,15.3,17850,United Kingdom,Sale
536612,71053,WHITE METAL LANTERN,12/2/2010,6,3.39,20.34,17850,United Kingdom,Sale
536612,84406B,CREAM CUPID HEARTS COAT HANGER,12/2/2010,6,2.75,16.5,17850,United Kingdom,Sale
536612,37370,RETRO COFFEE MUGS ASSORTED,12/2/2010,6,1.06,6.36,17850,United Kingdom,Sale
536612,21871,SAVE THE PLANET MUG,12/2/2010,6,1.06,6.36,17850,United Kingdom,Sale
536612,21071,VINTAGE BILLBOARD DRINK ME MUG,12/2/2010,6,1.06,6.36,17850,United Kingdom,Sale
536612,21068,VINTAGE BILLBOARD LOVE/HATE MUG,12/2/2010,6,1.06,6.36,17850,United Kingdom,Sale
536612,82483,WOOD 2 DRAWER CABINET WHITE FINISH,12/2/2010,4,4.95,19.8,17850,United Kingdom,Sale
536612,82486,WOOD S/3 CABINET ANT WHITE FINISH,12/2/2010,2,6.95,13.9,17850,United Kingdom,Sale
536612,82482,WOODEN PICTURE FRAME WHITE FINISH,12/2/2010,6,2.1,12.6,17850,United Kingdom,Sale
536612,82494L,WOODEN FRAME ANTIQUE WHITE,12/2/2010,6,2.55,15.3,17850,United Kingdom,Sale
536612,22411,JUMBO SHOPPER VINTAGE RED PAISLEY,12/2/2010,6,1.65,9.9,17850,United Kingdom,Sale
536612,84029G,KNITTED UNION FLAG HOT WATER BOTTLE,12/2/2010,6,3.39,20.34,17850,United Kingdom,Sale
536612,84029E,RED WOOLLY HOTTIE WHITE HEART,12/2/2010,6,3.39,20.34,17850,United Kingdom,Sale
536612,21730,GLASS STAR FROSTED T-LIGHT HOLDER,12/2/2010,4,4.25,17,17850,United Kingdom,Sale
536613,22149,FELTCRAFT 6 FLOWER FRIENDS,12/2/2010,6,2.1,12.6,17855,United Kingdom,Sale
536613,22818,CARD CHRISTMAS VILLAGE,12/2/2010,12,0.42,5.04,17855,United Kingdom,Sale
536613,22044,CHRISTMAS CARD STACK OF PRESENTS,12/2/2010,12,0.42,5.04,17855,United Kingdom,Sale
536613,21790,VINTAGE SNAP CARDS,12/2/2010,12,0.85,10.2,17855,United Kingdom,Sale
536613,22619,SET OF 6 SOLDIER SKITTLES,12/2/2010,8,3.75,30,17855,United Kingdom,Sale
536613,22620,4 TRADITIONAL SPINNING TOPS,12/2/2010,12,1.25,15,17855,United Kingdom,Sale
536613,21918,SET 12 KIDS COLOUR  CHALK STICKS,12/2/2010,24,0.42,10.08,17855,United Kingdom,Sale
536613,22544,MINI JIGSAW SPACEBOY,12/2/2010,24,0.42,10.08,17855,United Kingdom,Sale
536613,21791,VINTAGE HEADS AND TAILS CARD GAME,12/2/2010,12,1.25,15,17855,United Kingdom,Sale
536613,22029,SPACEBOY BIRTHDAY CARD,12/2/2010,12,0.42,5.04,17855,United Kingdom,Sale
536613,22037,ROBOT BIRTHDAY CARD,12/2/2010,12,0.42,5.04,17855,United Kingdom,Sale
536613,22652,TRAVEL SEWING KIT,12/2/2010,10,1.65,16.5,17855,United Kingdom,Sale
536613,84836,ZINC METAL HEART DECORATION,12/2/2010,12,1.25,15,17855,United Kingdom,Sale
536613,22910,PAPER CHAIN KIT VINTAGE CHRISTMAS,12/2/2010,6,2.95,17.7,17855,United Kingdom,Sale
536613,22736,RIBBON REEL MAKING SNOWMEN,12/2/2010,10,1.65,16.5,17855,United Kingdom,Sale
536613,21360,JOY LARGE WOOD LETTERS,12/2/2010,1,9.95,9.95,17855,United Kingdom,Sale
536613,22945,CHRISTMAS METAL TAGS ASSORTED,12/2/2010,12,0.85,10.2,17855,United Kingdom,Sale
536614,22632,HAND WARMER RED RETROSPOT,12/2/2010,6,1.85,11.1,17850,United Kingdom,Sale
536614,22633,HAND WARMER UNION JACK,12/2/2010,6,1.85,11.1,17850,United Kingdom,Sale
536615,22367,CHILDRENS APRON SPACEBOY DESIGN,12/2/2010,8,1.95,15.6,14047,United Kingdom,Sale
536615,84077,WORLD WAR 2 GLIDERS ASSTD DESIGNS,12/2/2010,48,0.29,13.92,14047,United Kingdom,Sale
536615,22618,COOKING SET RETROSPOT,12/2/2010,2,9.95,19.9,14047,United Kingdom,Sale
536615,22752,SET 7 BABUSHKA NESTING BOXES,12/2/2010,4,8.5,34,14047,United Kingdom,Sale
536615,22837,HOT WATER BOTTLE BABUSHKA,12/2/2010,8,4.65,37.2,14047,United Kingdom,Sale
536615,22634,CHILDS BREAKFAST SET SPACEBOY,12/2/2010,2,9.95,19.9,14047,United Kingdom,Sale
536615,22898,CHILDRENS APRON APPLES DESIGN,12/2/2010,8,1.95,15.6,14047,United Kingdom,Sale
536615,22781,GUMBALL MAGAZINE RACK,12/2/2010,2,7.65,15.3,14047,United Kingdom,Sale
536615,22467,GUMBALL COAT RACK,12/2/2010,12,2.55,30.6,14047,United Kingdom,Sale
536615,84792,ENCHANTED BIRD COATHANGER 5 HOOK,12/2/2010,8,4.65,37.2,14047,United Kingdom,Sale
536615,21754,HOME BUILDING BLOCK WORD,12/2/2010,3,5.95,17.85,14047,United Kingdom,Sale
536615,22120,WELCOME  WOODEN BLOCK LETTERS,12/2/2010,3,9.95,29.85,14047,United Kingdom,Sale
536616,21137,BLACK RECORD COVER FRAME,12/2/2010,72,3.39,244.08,17925,United Kingdom,Sale
536617,21356,TOAST ITS - FAIRY FLOWER,12/2/2010,12,1.25,15,13941,United Kingdom,Sale
536617,21354,TOAST ITS - BEST MUM,12/2/2010,12,1.25,15,13941,United Kingdom,Sale
536617,79321,CHILLI LIGHTS,12/2/2010,24,4.25,102,13941,United Kingdom,Sale
536617,72741,GRAND CHOCOLATECANDLE,12/2/2010,144,1.25,180,13941,United Kingdom,Sale
536617,22179,SET 10 NIGHT OWL LIGHTS,12/2/2010,24,5.95,142.8,13941,United Kingdom,Sale
536617,85116,BLACK CANDELABRA T-LIGHT HOLDER,12/2/2010,96,0.65,62.4,13941,United Kingdom,Sale
536617,21125,SET 6 FOOTBALL CELEBRATION CANDLES,12/2/2010,12,1.25,15,13941,United Kingdom,Sale
536617,85175,CACTI T-LIGHT CANDLES,12/2/2010,96,0.42,40.32,13941,United Kingdom,Sale
536617,79302M,"ART LIGHTS,FUNK MONKEY",12/2/2010,20,2.55,51,13941,United Kingdom,Sale
536617,20893,HANGING BAUBLE T-LIGHT HOLDER SMALL,12/2/2010,108,2.1,226.8,13941,United Kingdom,Sale
536617,21743,STAR PORTABLE TABLE LIGHT,12/2/2010,96,2.55,244.8,13941,United Kingdom,Sale
536618,20975,12 PENCILS SMALL TUBE RED RETROSPOT,12/2/2010,24,0.65,15.6,17017,United Kingdom,Sale
536618,21592,RETROSPOT CIGAR BOX MATCHES,12/2/2010,24,1.25,30,17017,United Kingdom,Sale
536618,22551,PLASTERS IN TIN SPACEBOY,12/2/2010,24,1.65,39.6,17017,United Kingdom,Sale
536618,22555,PLASTERS IN TIN STRONGMAN,12/2/2010,24,1.65,39.6,17017,United Kingdom,Sale
536618,22556,PLASTERS IN TIN CIRCUS PARADE,12/2/2010,24,1.65,39.6,17017,United Kingdom,Sale
536618,22197,POPCORN HOLDER,12/2/2010,48,0.85,40.8,17017,United Kingdom,Sale
536618,22198,LARGE POPCORN HOLDER,12/2/2010,24,1.65,39.6,17017,United Kingdom,Sale
536618,22418,10 COLOUR SPACEBOY PEN,12/2/2010,24,0.85,20.4,17017,United Kingdom,Sale
536618,21791,VINTAGE HEADS AND TAILS CARD GAME,12/2/2010,24,1.25,30,17017,United Kingdom,Sale
536618,21914,BLUE HARMONICA IN BOX,12/2/2010,36,1.25,45,17017,United Kingdom,Sale
536618,21915,RED  HARMONICA IN BOX,12/2/2010,24,1.25,30,17017,United Kingdom,Sale
536618,22440,BALLOON WATER BOMB PACK OF 35,12/2/2010,40,0.42,16.8,17017,United Kingdom,Sale
536618,22434,BALLOON PUMP WITH 10 BALLOONS,12/2/2010,16,1.95,31.2,17017,United Kingdom,Sale
536618,22466,FAIRY TALE COTTAGE NIGHT LIGHT,12/2/2010,24,1.95,46.8,17017,United Kingdom,Sale
536618,22564,ALPHABET STENCIL CRAFT,12/2/2010,12,1.25,15,17017,United Kingdom,Sale
536618,84077,WORLD WAR 2 GLIDERS ASSTD DESIGNS,12/2/2010,48,0.29,13.92,17017,United Kingdom,Sale
536618,84375,SET OF 20 KIDS COOKIE CUTTERS,12/2/2010,12,2.1,25.2,17017,United Kingdom,Sale
536618,22909,SET OF 20 VINTAGE CHRISTMAS NAPKINS,12/2/2010,36,0.85,30.6,17017,United Kingdom,Sale
536618,22910,PAPER CHAIN KIT VINTAGE CHRISTMAS,12/2/2010,40,2.55,102,17017,United Kingdom,Sale
536618,22943,CHRISTMAS LIGHTS 10 VINTAGE BAUBLES,12/2/2010,24,4.25,102,17017,United Kingdom,Sale
536618,22952,60 CAKE CASES VINTAGE CHRISTMAS,12/2/2010,48,0.55,26.4,17017,United Kingdom,Sale
536619,22960,JAM MAKING SET WITH JARS,12/2/2010,12,3.75,45,17017,United Kingdom,Sale
536619,22961,JAM MAKING SET PRINTED,12/2/2010,36,1.45,52.2,17017,United Kingdom,Sale
536620,22965,3 TRADITIONAl BISCUIT CUTTERS  SET,12/2/2010,6,2.1,12.6,14135,United Kingdom,Sale
536620,21215,IVORY PAPER CUP CAKE CASES,12/2/2010,120,0.42,50.4,14135,United Kingdom,Sale
536620,21212,PACK OF 72 RETROSPOT CAKE CASES,12/2/2010,120,0.42,50.4,14135,United Kingdom,Sale
536620,21977,PACK OF 60 PINK PAISLEY CAKE CASES,12/2/2010,120,0.42,50.4,14135,United Kingdom,Sale
536620,84991,60 TEATIME FAIRY CAKE CASES,12/2/2010,120,0.42,50.4,14135,United Kingdom,Sale
536620,22961,JAM MAKING SET PRINTED,12/2/2010,12,1.45,17.4,14135,United Kingdom,Sale
536620,22744,MAKE YOUR OWN MONSOON CARD KIT,12/2/2010,6,2.95,17.7,14135,United Kingdom,Sale
536620,22743,MAKE YOUR OWN FLOWERPOWER CARD KIT,12/2/2010,6,2.95,17.7,14135,United Kingdom,Sale
536620,85049E,SCANDINAVIAN REDS RIBBONS,12/2/2010,12,1.25,15,14135,United Kingdom,Sale
536620,85049G,CHOCOLATE BOX RIBBONS,12/2/2010,12,1.25,15,14135,United Kingdom,Sale
536620,21328,BALLOONS  WRITING SET,12/2/2010,12,1.65,19.8,14135,United Kingdom,Sale
536620,21058,PARTY INVITES WOODLAND,12/2/2010,12,0.85,10.2,14135,United Kingdom,Sale
536620,21060,PARTY INVITES BALLOON GIRL,12/2/2010,12,0.85,10.2,14135,United Kingdom,Sale
536620,21061,PARTY INVITES FOOTBALL,12/2/2010,12,0.85,10.2,14135,United Kingdom,Sale
536620,21062,PARTY INVITES SPACEMAN,12/2/2010,12,0.85,10.2,14135,United Kingdom,Sale
536620,21719,LOVELY BONBON STICKER SHEET,12/2/2010,12,0.85,10.2,14135,United Kingdom,Sale
536620,21722,SWEET PUDDING STICKER SHEET,12/2/2010,12,0.85,10.2,14135,United Kingdom,Sale
536620,21724,PANDA AND BUNNIES STICKER SHEET,12/2/2010,12,0.85,10.2,14135,United Kingdom,Sale
536620,84826,ASSTD DESIGN 3D PAPER STICKERS,12/2/2010,60,0.85,51,14135,United Kingdom,Sale
536620,21883,STARS GIFT TAPE,12/2/2010,24,0.65,15.6,14135,United Kingdom,Sale
536620,21881,CUTE CATS TAPE,12/2/2010,12,0.65,7.8,14135,United Kingdom,Sale
536620,21880,RED RETROSPOT TAPE,12/2/2010,12,0.65,7.8,14135,United Kingdom,Sale
536620,22943,CHRISTMAS LIGHTS 10 VINTAGE BAUBLES,12/2/2010,3,4.95,14.85,14135,United Kingdom,Sale
536621,22549,PICTURE DOMINOES,12/2/2010,24,1.45,34.8,13108,United Kingdom,Sale
536621,22492,MINI PAINT SET VINTAGE,12/2/2010,72,0.65,46.8,13108,United Kingdom,Sale
536621,10135,COLOURING PENCILS BROWN TUBE,12/2/2010,10,1.25,12.5,13108,United Kingdom,Sale
536621,22422,TOOTHPASTE TUBE PEN,12/2/2010,12,0.65,7.8,13108,United Kingdom,Sale
536621,21790,VINTAGE SNAP CARDS,12/2/2010,48,0.85,40.8,13108,United Kingdom,Sale
536621,22536,MAGIC DRAWING SLATE PURDEY,12/2/2010,48,0.42,20.16,13108,United Kingdom,Sale
536621,22561,WOODEN SCHOOL COLOURING SET,12/2/2010,12,1.65,19.8,13108,United Kingdom,Sale
536621,22752,SET 7 BABUSHKA NESTING BOXES,12/2/2010,12,8.5,102,13108,United Kingdom,Sale
536621,21791,VINTAGE HEADS AND TAILS CARD GAME,12/2/2010,36,1.25,45,13108,United Kingdom,Sale
536621,22491,PACK OF 12 COLOURED PENCILS,12/2/2010,24,0.85,20.4,13108,United Kingdom,Sale
C536622,22752,SET 7 BABUSHKA NESTING BOXES,12/2/2010,-2,8.5,-17,12471,Germany,Return
536623,21355,TOAST ITS - I LOVE YOU,12/2/2010,24,1.25,30,15601,United Kingdom,Sale
536623,21756,BATH BUILDING BLOCK WORD,12/2/2010,6,5.95,35.7,15601,United Kingdom,Sale
536623,21518,BANK ACCOUNT  GREETING  CARD,12/2/2010,12,0.42,5.04,15601,United Kingdom,Sale
536623,21520,BOOZE & WOMEN GREETING CARD,12/2/2010,12,0.42,5.04,15601,United Kingdom,Sale
536623,21506,FANCY FONT BIRTHDAY CARD,12/2/2010,12,0.42,5.04,15601,United Kingdom,Sale
536623,22023,EMPIRE BIRTHDAY CARD,12/2/2010,12,0.42,5.04,15601,United Kingdom,Sale
536623,21519,GIN & TONIC DIET GREETING CARD,12/2/2010,12,0.42,5.04,15601,United Kingdom,Sale
536623,22037,ROBOT BIRTHDAY CARD,12/2/2010,12,0.42,5.04,15601,United Kingdom,Sale
536623,22029,SPACEBOY BIRTHDAY CARD,12/2/2010,12,0.42,5.04,15601,United Kingdom,Sale
536623,22030,SWALLOWS GREETING CARD,12/2/2010,12,0.42,5.04,15601,United Kingdom,Sale
536623,22027,TEA PARTY BIRTHDAY CARD,12/2/2010,12,0.42,5.04,15601,United Kingdom,Sale
536623,22983,CARD BILLBOARD FONT,12/2/2010,24,0.42,10.08,15601,United Kingdom,Sale
536623,22718,CARD CAT AND TREE,12/2/2010,24,0.42,10.08,15601,United Kingdom,Sale
536623,22717,CARD DOG AND BALL,12/2/2010,12,0.42,5.04,15601,United Kingdom,Sale
536623,22712,CARD DOLLY GIRL,12/2/2010,24,0.42,10.08,15601,United Kingdom,Sale
536623,22028,PENNY FARTHING BIRTHDAY CARD,12/2/2010,12,0.42,5.04,15601,United Kingdom,Sale
536623,22815,CARD PSYCHEDELIC APPLES,12/2/2010,24,0.42,10.08,15601,United Kingdom,Sale
536623,72818,CHRISTMAS DECOUPAGE CANDLE,12/2/2010,24,0.85,20.4,15601,United Kingdom,Sale
536623,22697,GREEN REGENCY TEACUP AND SAUCER,12/2/2010,12,2.95,35.4,15601,United Kingdom,Sale
536623,21670,BLUE SPOT CERAMIC DRAWER KNOB,12/2/2010,12,1.25,15,15601,United Kingdom,Sale
536623,21669,BLUE STRIPE CERAMIC DRAWER KNOB,12/2/2010,12,1.25,15,15601,United Kingdom,Sale
536623,21671,RED SPOT CERAMIC DRAWER KNOB,12/2/2010,12,1.25,15,15601,United Kingdom,Sale
536623,21673,WHITE SPOT BLUE CERAMIC DRAWER KNOB,12/2/2010,12,1.25,15,15601,United Kingdom,Sale
536623,21672,WHITE SPOT RED CERAMIC DRAWER KNOB,12/2/2010,12,1.25,15,15601,United Kingdom,Sale
536623,22771,CLEAR DRAWER KNOB ACRYLIC EDWARDIAN,12/2/2010,12,1.25,15,15601,United Kingdom,Sale
536623,22775,PURPLE DRAWERKNOB ACRYLIC EDWARDIAN,12/2/2010,12,1.25,15,15601,United Kingdom,Sale
536623,22772,PINK DRAWER KNOB ACRYLIC EDWARDIAN,12/2/2010,12,1.25,15,15601,United Kingdom,Sale
536623,22774,RED DRAWER KNOB ACRYLIC EDWARDIAN,12/2/2010,12,1.25,15,15601,United Kingdom,Sale
536623,48185,DOORMAT FAIRY CAKE,12/2/2010,4,7.95,31.8,15601,United Kingdom,Sale
536623,48187,DOORMAT NEW ENGLAND,12/2/2010,4,7.95,31.8,15601,United Kingdom,Sale
536623,82494L,WOODEN FRAME ANTIQUE WHITE,12/2/2010,12,2.95,35.4,15601,United Kingdom,Sale
536623,22245,"HOOK, 1 HANGER ,MAGIC GARDEN",12/2/2010,24,0.85,20.4,15601,United Kingdom,Sale
536623,84755,COLOUR GLASS T-LIGHT HOLDER HANGING,12/2/2010,32,0.65,20.8,15601,United Kingdom,Sale
536623,22460,EMBOSSED GLASS TEALIGHT HOLDER,12/2/2010,24,1.25,30,15601,United Kingdom,Sale
536623,84970L,SINGLE HEART ZINC T-LIGHT HOLDER,12/2/2010,24,0.95,22.8,15601,United Kingdom,Sale
536623,22432,WATERING CAN PINK BUNNY,12/2/2010,6,1.95,11.7,15601,United Kingdom,Sale
536623,22433,WATERING CAN GREEN DINOSAUR,12/2/2010,6,1.95,11.7,15601,United Kingdom,Sale
536623,22431,WATERING CAN BLUE ELEPHANT,12/2/2010,6,1.95,11.7,15601,United Kingdom,Sale
536623,84674,FLYING PIG WATERING CAN,12/2/2010,6,2.95,17.7,15601,United Kingdom,Sale
536623,82486,WOOD S/3 CABINET ANT WHITE FINISH,12/2/2010,4,7.95,31.8,15601,United Kingdom,Sale
536623,82483,WOOD 2 DRAWER CABINET WHITE FINISH,12/2/2010,4,5.95,23.8,15601,United Kingdom,Sale
536623,21068,VINTAGE BILLBOARD LOVE/HATE MUG,12/2/2010,12,1.25,15,15601,United Kingdom,Sale
536623,21069,VINTAGE BILLBOARD TEA MUG,12/2/2010,12,1.25,15,15601,United Kingdom,Sale
536623,21070,VINTAGE BILLBOARD MUG,12/2/2010,12,1.25,15,15601,United Kingdom,Sale
536623,22972,CHILDREN'S SPACEBOY MUG,12/2/2010,12,1.65,19.8,15601,United Kingdom,Sale
536623,22974,CHILDRENS DOLLY GIRL MUG,12/2/2010,12,1.65,19.8,15601,United Kingdom,Sale
536623,22419,LIPSTICK PEN RED,12/2/2010,36,0.42,15.12,15601,United Kingdom,Sale
536623,21071,VINTAGE BILLBOARD DRINK ME MUG,12/2/2010,12,1.25,15,15601,United Kingdom,Sale
536624,22676,FRENCH BLUE METAL DOOR SIGN 1,12/2/2010,10,1.25,12.5,13418,United Kingdom,Sale
536624,22727,ALARM CLOCK BAKELIKE RED,12/2/2010,24,3.75,90,13418,United Kingdom,Sale
536624,22726,ALARM CLOCK BAKELIKE GREEN,12/2/2010,24,3.75,90,13418,United Kingdom,Sale
536624,22730,ALARM CLOCK BAKELIKE IVORY,12/2/2010,8,3.75,30,13418,United Kingdom,Sale
536624,22725,ALARM CLOCK BAKELIKE CHOCOLATE,12/2/2010,8,3.75,30,13418,United Kingdom,Sale
536624,22672,FRENCH BATHROOM SIGN BLUE METAL,12/2/2010,12,1.65,19.8,13418,United Kingdom,Sale
536624,22109,FULL ENGLISH BREAKFAST PLATE,12/2/2010,16,3.39,54.24,13418,United Kingdom,Sale
536624,22925,BLUE GIANT GARDEN THERMOMETER,12/2/2010,2,5.95,11.9,13418,United Kingdom,Sale
536624,22926,IVORY GIANT GARDEN THERMOMETER,12/2/2010,2,5.95,11.9,13418,United Kingdom,Sale
536624,22927,GREEN GIANT GARDEN THERMOMETER,12/2/2010,2,5.95,11.9,13418,United Kingdom,Sale
536624,22699,ROSES REGENCY TEACUP AND SAUCER,12/2/2010,6,2.95,17.7,13418,United Kingdom,Sale
536624,20914,SET/5 RED RETROSPOT LID GLASS BOWLS,12/2/2010,6,2.95,17.7,13418,United Kingdom,Sale
536624,21212,PACK OF 72 RETROSPOT CAKE CASES,12/2/2010,24,0.55,13.2,13418,United Kingdom,Sale
536624,21843,RED RETROSPOT CAKE STAND,12/2/2010,4,10.95,43.8,13418,United Kingdom,Sale
536624,21588,RETROSPOT GIANT TUBE MATCHES,12/2/2010,12,2.55,30.6,13418,United Kingdom,Sale
536624,21584,RETROSPOT SMALL TUBE MATCHES,12/2/2010,20,1.65,33,13418,United Kingdom,Sale
536624,22568,FELTCRAFT CUSHION OWL,12/2/2010,4,3.75,15,13418,United Kingdom,Sale
536624,22569,FELTCRAFT CUSHION BUTTERFLY,12/2/2010,4,3.75,15,13418,United Kingdom,Sale
536624,22570,FELTCRAFT CUSHION RABBIT,12/2/2010,4,3.75,15,13418,United Kingdom,Sale
536624,21914,BLUE HARMONICA IN BOX,12/2/2010,12,1.25,15,13418,United Kingdom,Sale
536624,21915,RED  HARMONICA IN BOX,12/2/2010,12,1.25,15,13418,United Kingdom,Sale
536624,22549,PICTURE DOMINOES,12/2/2010,12,1.45,17.4,13418,United Kingdom,Sale
536626,22965,3 TRADITIONAl BISCUIT CUTTERS  SET,12/2/2010,6,2.1,12.6,13418,United Kingdom,Sale
C536625,22839,3 TIER CAKE TIN GREEN AND CREAM,12/2/2010,-2,14.95,-29.9,14766,United Kingdom,Return
536627,22927,GREEN GIANT GARDEN THERMOMETER,12/2/2010,2,5.95,11.9,15658,United Kingdom,Sale
536627,22928,YELLOW GIANT GARDEN THERMOMETER,12/2/2010,2,5.95,11.9,15658,United Kingdom,Sale
536627,22926,IVORY GIANT GARDEN THERMOMETER,12/2/2010,2,5.95,11.9,15658,United Kingdom,Sale
536627,22776,SWEETHEART CAKESTAND 3 TIER,12/2/2010,2,9.95,19.9,15658,United Kingdom,Sale
536627,22778,GLASS CLOCHE SMALL,12/2/2010,4,3.95,15.8,15658,United Kingdom,Sale
536627,22777,GLASS CLOCHE LARGE,12/2/2010,2,8.5,17,15658,United Kingdom,Sale
536627,22783,SET 3 WICKER OVAL BASKETS W LIDS,12/2/2010,1,19.95,19.95,15658,United Kingdom,Sale
536627,22941,CHRISTMAS LIGHTS 10 REINDEER,12/2/2010,2,8.5,17,15658,United Kingdom,Sale
536627,21756,BATH BUILDING BLOCK WORD,12/2/2010,3,5.95,17.85,15658,United Kingdom,Sale
536627,22961,JAM MAKING SET PRINTED,12/2/2010,12,1.45,17.4,15658,United Kingdom,Sale
536627,22423,REGENCY CAKESTAND 3 TIER,12/2/2010,4,12.75,51,15658,United Kingdom,Sale
536627,22697,GREEN REGENCY TEACUP AND SAUCER,12/2/2010,12,2.95,35.4,15658,United Kingdom,Sale
536627,22699,ROSES REGENCY TEACUP AND SAUCER,12/2/2010,12,2.95,35.4,15658,United Kingdom,Sale
536627,21755,LOVE BUILDING BLOCK WORD,12/2/2010,4,5.95,23.8,15658,United Kingdom,Sale
536628,85123A,WHITE HANGING HEART T-LIGHT HOLDER,12/2/2010,6,2.55,15.3,17850,United Kingdom,Sale
536628,71053,WHITE METAL LANTERN,12/2/2010,6,3.39,20.34,17850,United Kingdom,Sale
536628,84406B,CREAM CUPID HEARTS COAT HANGER,12/2/2010,6,2.75,16.5,17850,United Kingdom,Sale
536628,37370,RETRO COFFEE MUGS ASSORTED,12/2/2010,6,1.06,6.36,17850,United Kingdom,Sale
536628,21871,SAVE THE PLANET MUG,12/2/2010,6,1.06,6.36,17850,United Kingdom,Sale
536628,21071,VINTAGE BILLBOARD DRINK ME MUG,12/2/2010,6,1.06,6.36,17850,United Kingdom,Sale
536628,21068,VINTAGE BILLBOARD LOVE/HATE MUG,12/2/2010,6,1.06,6.36,17850,United Kingdom,Sale
536628,82483,WOOD 2 DRAWER CABINET WHITE FINISH,12/2/2010,4,4.95,19.8,17850,United Kingdom,Sale
536628,82486,WOOD S/3 CABINET ANT WHITE FINISH,12/2/2010,2,6.95,13.9,17850,United Kingdom,Sale
536628,82482,WOODEN PICTURE FRAME WHITE FINISH,12/2/2010,6,2.1,12.6,17850,United Kingdom,Sale
536628,82494L,WOODEN FRAME ANTIQUE WHITE,12/2/2010,6,2.55,15.3,17850,United Kingdom,Sale
536628,22411,JUMBO SHOPPER VINTAGE RED PAISLEY,12/2/2010,6,1.65,9.9,17850,United Kingdom,Sale
536628,84029G,KNITTED UNION FLAG HOT WATER BOTTLE,12/2/2010,6,3.39,20.34,17850,United Kingdom,Sale
536628,84029E,RED WOOLLY HOTTIE WHITE HEART,12/2/2010,6,3.39,20.34,17850,United Kingdom,Sale
536628,22752,SET 7 BABUSHKA NESTING BOXES,12/2/2010,2,7.65,15.3,17850,United Kingdom,Sale
536628,21730,GLASS STAR FROSTED T-LIGHT HOLDER,12/2/2010,6,4.25,25.5,17850,United Kingdom,Sale
536629,22632,HAND WARMER RED RETROSPOT,12/2/2010,6,1.85,11.1,17850,United Kingdom,Sale
536629,22633,HAND WARMER UNION JACK,12/2/2010,6,1.85,11.1,17850,United Kingdom,Sale
536630,85123A,WHITE HANGING HEART T-LIGHT HOLDER,12/2/2010,6,2.55,15.3,17850,United Kingdom,Sale
536630,71053,WHITE METAL LANTERN,12/2/2010,6,3.39,20.34,17850,United Kingdom,Sale
536630,84406B,CREAM CUPID HEARTS COAT HANGER,12/2/2010,6,2.75,16.5,17850,United Kingdom,Sale
536630,37370,RETRO COFFEE MUGS ASSORTED,12/2/2010,6,1.06,6.36,17850,United Kingdom,Sale
536630,21871,SAVE THE PLANET MUG,12/2/2010,6,1.06,6.36,17850,United Kingdom,Sale
536630,21071,VINTAGE BILLBOARD DRINK ME MUG,12/2/2010,6,1.06,6.36,17850,United Kingdom,Sale
536630,21068,VINTAGE BILLBOARD LOVE/HATE MUG,12/2/2010,6,1.06,6.36,17850,United Kingdom,Sale
536630,82483,WOOD 2 DRAWER CABINET WHITE FINISH,12/2/2010,4,4.95,19.8,17850,United Kingdom,Sale
536630,82486,WOOD S/3 CABINET ANT WHITE FINISH,12/2/2010,4,6.95,27.8,17850,United Kingdom,Sale
536630,82482,WOODEN PICTURE FRAME WHITE FINISH,12/2/2010,6,2.1,12.6,17850,United Kingdom,Sale
536630,82494L,WOODEN FRAME ANTIQUE WHITE,12/2/2010,6,2.55,15.3,17850,United Kingdom,Sale
536630,22411,JUMBO SHOPPER VINTAGE RED PAISLEY,12/2/2010,6,1.65,9.9,17850,United Kingdom,Sale
536630,84029G,KNITTED UNION FLAG HOT WATER BOTTLE,12/2/2010,6,3.39,20.34,17850,United Kingdom,Sale
536630,84029E,RED WOOLLY HOTTIE WHITE HEART,12/2/2010,6,3.39,20.34,17850,United Kingdom,Sale
536630,22752,SET 7 BABUSHKA NESTING BOXES,12/2/2010,2,7.65,15.3,17850,United Kingdom,Sale
536630,21730,GLASS STAR FROSTED T-LIGHT HOLDER,12/2/2010,6,4.25,25.5,17850,United Kingdom,Sale
536631,22632,HAND WARMER RED RETROSPOT,12/2/2010,6,1.85,11.1,17850,United Kingdom,Sale
536631,22633,HAND WARMER UNION JACK,12/2/2010,6,1.85,11.1,17850,United Kingdom,Sale
536632,21931,JUMBO STORAGE BAG SUKI,12/2/2010,10,1.95,19.5,14388,United Kingdom,Sale
536632,85099B,JUMBO BAG RED RETROSPOT,12/2/2010,10,1.95,19.5,14388,United Kingdom,Sale
536632,22386,JUMBO BAG PINK POLKADOT,12/2/2010,10,1.95,19.5,14388,United Kingdom,Sale
536632,22477,WATERING CAN GARDEN MARKER,12/2/2010,10,1.25,12.5,14388,United Kingdom,Sale
536632,21875,KINGS CHOICE MUG,12/2/2010,12,1.25,15,14388,United Kingdom,Sale
536632,37370,RETRO COFFEE MUGS ASSORTED,12/2/2010,12,1.25,15,14388,United Kingdom,Sale
536632,21479,WHITE SKULL HOT WATER BOTTLE,12/2/2010,4,3.75,15,14388,United Kingdom,Sale
536632,21484,CHICK GREY HOT WATER BOTTLE,12/2/2010,4,3.45,13.8,14388,United Kingdom,Sale
536632,21485,RETROSPOT HEART HOT WATER BOTTLE,12/2/2010,3,4.95,14.85,14388,United Kingdom,Sale
536632,22111,SCOTTIE DOG HOT WATER BOTTLE,12/2/2010,3,4.95,14.85,14388,United Kingdom,Sale
536632,22837,HOT WATER BOTTLE BABUSHKA,12/2/2010,4,4.65,18.6,14388,United Kingdom,Sale
536632,22812,PACK 3 BOXES CHRISTMAS PANNETONE,12/2/2010,12,1.95,23.4,14388,United Kingdom,Sale
536632,22739,RIBBON REEL CHRISTMAS SOCK BAUBLE,12/2/2010,10,1.65,16.5,14388,United Kingdom,Sale
536632,22924,FRIDGE MAGNETS LA VIE EN ROSE,12/2/2010,12,0.85,10.2,14388,United Kingdom,Sale
536632,22923,FRIDGE MAGNETS LES ENFANTS ASSORTED,12/2/2010,12,0.85,10.2,14388,United Kingdom,Sale
536632,22961,JAM MAKING SET PRINTED,12/2/2010,12,1.45,17.4,14388,United Kingdom,Sale
536632,22964,3 PIECE SPACEBOY COOKIE CUTTER SET,12/2/2010,6,2.1,12.6,14388,United Kingdom,Sale
536632,22988,SOLDIERS EGG CUP,12/2/2010,12,1.25,15,14388,United Kingdom,Sale
536632,21843,RED RETROSPOT CAKE STAND,12/2/2010,1,10.95,10.95,14388,United Kingdom,Sale
536632,21217,RED RETROSPOT ROUND CAKE TINS,12/2/2010,1,9.95,9.95,14388,United Kingdom,Sale
536632,79066K,RETRO MOD TRAY,12/2/2010,10,0.85,8.5,14388,United Kingdom,Sale
536633,22952,60 CAKE CASES VINTAGE CHRISTMAS,12/2/2010,24,0.55,13.2,14901,United Kingdom,Sale
536633,22301,COFFEE MUG CAT + BIRD DESIGN,12/2/2010,1,2.55,2.55,14901,United Kingdom,Sale
536633,22960,JAM MAKING SET WITH JARS,12/2/2010,6,4.25,25.5,14901,United Kingdom,Sale
536633,22446,PIN CUSHION BABUSHKA PINK,12/2/2010,3,3.35,10.05,14901,United Kingdom,Sale
536633,22086,PAPER CHAIN KIT 50'S CHRISTMAS,12/2/2010,10,2.95,29.5,14901,United Kingdom,Sale
536633,22961,JAM MAKING SET PRINTED,12/2/2010,6,1.45,8.7,14901,United Kingdom,Sale
536633,22728,ALARM CLOCK BAKELIKE PINK,12/2/2010,4,3.75,15,14901,United Kingdom,Sale
536633,22730,ALARM CLOCK BAKELIKE IVORY,12/2/2010,4,3.75,15,14901,United Kingdom,Sale
536633,84380,SET OF 3 BUTTERFLY COOKIE CUTTERS,12/2/2010,6,1.25,7.5,14901,United Kingdom,Sale
536633,22832,BROCANTE SHELF WITH HOOKS,12/2/2010,4,10.75,43,14901,United Kingdom,Sale
536633,22926,IVORY GIANT GARDEN THERMOMETER,12/2/2010,1,5.95,5.95,14901,United Kingdom,Sale
536633,22920,HERB MARKER BASIL,12/2/2010,2,0.65,1.3,14901,United Kingdom,Sale
536633,22916,HERB MARKER THYME,12/2/2010,2,0.65,1.3,14901,United Kingdom,Sale
536633,22919,HERB MARKER MINT,12/2/2010,2,0.65,1.3,14901,United Kingdom,Sale
536633,22917,HERB MARKER ROSEMARY,12/2/2010,2,0.65,1.3,14901,United Kingdom,Sale
536633,22921,HERB MARKER CHIVES,12/2/2010,2,0.65,1.3,14901,United Kingdom,Sale
536633,22918,HERB MARKER PARSLEY,12/2/2010,2,0.65,1.3,14901,United Kingdom,Sale
536633,22909,SET OF 20 VINTAGE CHRISTMAS NAPKINS,12/2/2010,24,0.85,20.4,14901,United Kingdom,Sale
536634,22457,NATURAL SLATE HEART CHALKBOARD,12/2/2010,4,2.95,11.8,18041,United Kingdom,Sale
536634,20674,GREEN POLKADOT BOWL,12/2/2010,12,1.25,15,18041,United Kingdom,Sale
536634,20676,RED RETROSPOT BOWL,12/2/2010,12,1.25,15,18041,United Kingdom,Sale
536634,20727,LUNCH BAG  BLACK SKULL,12/2/2010,20,1.65,33,18041,United Kingdom,Sale
536634,82582,AREA PATROLLED METAL SIGN,12/2/2010,1,2.1,2.1,18041,United Kingdom,Sale
536634,21181,PLEASE ONE PERSON METAL SIGN,12/2/2010,2,2.1,4.2,18041,United Kingdom,Sale
536634,22900,SET 2 TEA TOWELS I LOVE LONDON,12/2/2010,1,2.95,2.95,18041,United Kingdom,Sale
536634,82494L,WOODEN FRAME ANTIQUE WHITE,12/2/2010,2,2.95,5.9,18041,United Kingdom,Sale
536634,21967,PACK OF 12 SKULL TISSUES,12/2/2010,12,0.29,3.48,18041,United Kingdom,Sale
536634,22170,PICTURE FRAME WOOD TRIPLE PORTRAIT,12/2/2010,3,6.75,20.25,18041,United Kingdom,Sale
536634,21210,SET OF 72 RETROSPOT PAPER  DOILIES,12/2/2010,2,1.45,2.9,18041,United Kingdom,Sale
536634,21679,SKULLS  STICKERS,12/2/2010,30,0.85,25.5,18041,United Kingdom,Sale
536634,22094,RED RETROSPOT TISSUE BOX,12/2/2010,6,1.25,7.5,18041,United Kingdom,Sale
536634,21080,SET/20 RED RETROSPOT PAPER NAPKINS,12/2/2010,52,0.85,44.2,18041,United Kingdom,Sale
536635,21429,RED GINGHAM ROSE JEWELLERY BOX,12/2/2010,16,1.65,26.4,15955,United Kingdom,Sale
536635,21428,SET3 BOOK BOX GREEN GINGHAM FLOWER,12/2/2010,8,4.25,34,15955,United Kingdom,Sale
536635,22961,JAM MAKING SET PRINTED,12/2/2010,12,1.45,17.4,15955,United Kingdom,Sale
536635,84375,SET OF 20 KIDS COOKIE CUTTERS,12/2/2010,12,2.1,25.2,15955,United Kingdom,Sale
536635,21877,HOME SWEET HOME MUG,12/2/2010,12,1.25,15,15955,United Kingdom,Sale
536635,21870,I CAN ONLY PLEASE ONE PERSON MUG,12/2/2010,12,1.25,15,15955,United Kingdom,Sale
536635,21868,POTTING SHED TEA MUG,12/2/2010,12,1.25,15,15955,United Kingdom,Sale
536635,85150,LADIES & GENTLEMEN METAL SIGN,12/2/2010,12,2.55,30.6,15955,United Kingdom,Sale
536635,85152,HAND OVER THE CHOCOLATE   SIGN,12/2/2010,12,2.1,25.2,15955,United Kingdom,Sale
536635,21181,PLEASE ONE PERSON METAL SIGN,12/2/2010,12,2.1,25.2,15955,United Kingdom,Sale
536635,22441,GROW YOUR OWN BASIL IN ENAMEL MUG,12/2/2010,8,2.1,16.8,15955,United Kingdom,Sale
536635,22840,ROUND CAKE TIN VINTAGE RED,12/2/2010,4,7.95,31.8,15955,United Kingdom,Sale
536635,22502,PICNIC BASKET WICKER SMALL,12/2/2010,8,5.95,47.6,15955,United Kingdom,Sale
536635,22855,FINE WICKER HEART,12/2/2010,48,1.06,50.88,15955,United Kingdom,Sale
536635,21754,HOME BUILDING BLOCK WORD,12/2/2010,6,5.95,35.7,15955,United Kingdom,Sale
536635,22557,PLASTERS IN TIN VINTAGE PAISLEY,12/2/2010,12,1.65,19.8,15955,United Kingdom,Sale
536635,22759,SET OF 3 NOTEBOOKS IN PARCEL,12/2/2010,12,1.65,19.8,15955,United Kingdom,Sale
536635,84029E,RED WOOLLY HOTTIE WHITE HEART,12/2/2010,8,3.75,30,15955,United Kingdom,Sale
536635,22114,HOT WATER BOTTLE TEA AND SYMPATHY,12/2/2010,8,3.95,31.6,15955,United Kingdom,Sale
536635,22112,CHOCOLATE HOT WATER BOTTLE,12/2/2010,12,4.95,59.4,15955,United Kingdom,Sale
536636,22086,PAPER CHAIN KIT 50'S CHRISTMAS,12/2/2010,36,2.95,106.2,15070,United Kingdom,Sale
536637,22198,LARGE POPCORN HOLDER,12/2/2010,2,1.65,3.3,18041,United Kingdom,Sale
536637,22130,PARTY CONE CHRISTMAS DECORATION,12/2/2010,12,0.85,10.2,18041,United Kingdom,Sale
536637,79191C,RETRO PLASTIC ELEPHANT TRAY,12/2/2010,1,0.85,0.85,18041,United Kingdom,Sale
536637,20733,GOLD MINI TAPE MEASURE,12/2/2010,1,0.85,0.85,18041,United Kingdom,Sale
536637,22867,HAND WARMER BIRD DESIGN,12/2/2010,1,2.1,2.1,18041,United Kingdom,Sale
536637,22633,HAND WARMER UNION JACK,12/2/2010,2,2.1,4.2,18041,United Kingdom,Sale
536637,20733,GOLD MINI TAPE MEASURE,12/2/2010,1,0.85,0.85,18041,United Kingdom,Sale
536637,47471,RAINBOW PEGS PHOTO CLIP STRING,12/2/2010,1,0.65,0.65,18041,United Kingdom,Sale
536637,85231B,CINAMMON SET OF 9 T-LIGHTS,12/2/2010,1,0.85,0.85,18041,United Kingdom,Sale
536637,85231G,ORANGE SCENTED SET/9 T-LIGHTS,12/2/2010,1,0.85,0.85,18041,United Kingdom,Sale
536637,21212,PACK OF 72 RETROSPOT CAKE CASES,12/2/2010,1,0.55,0.55,18041,United Kingdom,Sale
536637,22633,HAND WARMER UNION JACK,12/2/2010,1,2.1,2.1,18041,United Kingdom,Sale
536637,16046,TEATIME PEN CASE & PENS,12/2/2010,1,0.85,0.85,18041,United Kingdom,Sale
536637,22654,DELUXE SEWING KIT,12/2/2010,1,5.95,5.95,18041,United Kingdom,Sale
536637,22652,TRAVEL SEWING KIT,12/2/2010,1,1.65,1.65,18041,United Kingdom,Sale
536637,22653,BUTTON BOX,12/2/2010,2,1.95,3.9,18041,United Kingdom,Sale
536637,21914,BLUE HARMONICA IN BOX,12/2/2010,1,1.25,1.25,18041,United Kingdom,Sale
536637,22961,JAM MAKING SET PRINTED,12/2/2010,2,1.45,2.9,18041,United Kingdom,Sale
536637,22633,HAND WARMER UNION JACK,12/2/2010,1,2.1,2.1,18041,United Kingdom,Sale
536637,22616,PACK OF 12 LONDON TISSUES,12/2/2010,12,0.29,3.48,18041,United Kingdom,Sale
536637,85135B,BLUE DRAGONFLY HELICOPTER,12/2/2010,1,7.95,7.95,18041,United Kingdom,Sale
536637,22197,POPCORN HOLDER,12/2/2010,1,0.85,0.85,18041,United Kingdom,Sale
536637,22960,JAM MAKING SET WITH JARS,12/2/2010,2,4.25,8.5,18041,United Kingdom,Sale
536637,22696,WICKER WREATH LARGE,12/2/2010,1,1.95,1.95,18041,United Kingdom,Sale
536637,22196,SMALL HEART MEASURING SPOONS,12/2/2010,2,0.85,1.7,18041,United Kingdom,Sale
536637,22768,FAMILY PHOTO FRAME CORNICE,12/2/2010,2,9.95,19.9,18041,United Kingdom,Sale
536637,48138,DOORMAT UNION FLAG,12/2/2010,1,7.95,7.95,18041,United Kingdom,Sale
536637,22866,HAND WARMER SCOTTY DOG DESIGN,12/2/2010,1,2.1,2.1,18041,United Kingdom,Sale
536637,22945,CHRISTMAS METAL TAGS ASSORTED,12/2/2010,6,0.85,5.1,18041,United Kingdom,Sale
536637,22731,3D CHRISTMAS STAMPS STICKERS,12/2/2010,4,1.25,5,18041,United Kingdom,Sale
536637,22945,CHRISTMAS METAL TAGS ASSORTED,12/2/2010,12,0.85,10.2,18041,United Kingdom,Sale
536637,21154,RED RETROSPOT OVEN GLOVE,12/2/2010,1,1.25,1.25,18041,United Kingdom,Sale
536637,22911,PAPER CHAIN KIT LONDON,12/2/2010,1,2.95,2.95,18041,United Kingdom,Sale
536637,22755,SMALL PURPLE BABUSHKA NOTEBOOK,12/2/2010,1,0.85,0.85,18041,United Kingdom,Sale
536637,22195,LARGE HEART MEASURING SPOONS,12/2/2010,1,1.65,1.65,18041,United Kingdom,Sale
536637,21154,RED RETROSPOT OVEN GLOVE,12/2/2010,2,1.25,2.5,18041,United Kingdom,Sale
536637,22867,HAND WARMER BIRD DESIGN,12/2/2010,1,2.1,2.1,18041,United Kingdom,Sale
536637,21328,BALLOONS  WRITING SET,12/2/2010,1,1.65,1.65,18041,United Kingdom,Sale
536637,85114C,RED ENCHANTED FOREST PLACEMAT,12/2/2010,8,1.65,13.2,18041,United Kingdom,Sale
536637,21326,AGED GLASS SILVER T-LIGHT HOLDER,12/2/2010,24,0.65,15.6,18041,United Kingdom,Sale
536637,22796,PHOTO FRAME 3 CLASSIC HANGING,12/2/2010,2,9.95,19.9,18041,United Kingdom,Sale
536637,22130,PARTY CONE CHRISTMAS DECORATION,12/2/2010,6,0.85,5.1,18041,United Kingdom,Sale
536637,22733,3D TRADITIONAL CHRISTMAS STICKERS,12/2/2010,4,1.25,5,18041,United Kingdom,Sale
536637,22560,TRADITIONAL MODELLING CLAY,12/2/2010,3,1.25,3.75,18041,United Kingdom,Sale
536637,22491,PACK OF 12 COLOURED PENCILS,12/2/2010,3,0.85,2.55,18041,United Kingdom,Sale
536637,22489,PACK OF 12 TRADITIONAL CRAYONS,12/2/2010,3,0.42,1.26,18041,United Kingdom,Sale
536637,72818,CHRISTMAS DECOUPAGE CANDLE,12/2/2010,1,0.85,0.85,18041,United Kingdom,Sale
536637,20878,SET/9 CHRISTMAS T-LIGHTS SCENTED,12/2/2010,1,1.25,1.25,18041,United Kingdom,Sale
536637,22920,HERB MARKER BASIL,12/2/2010,1,0.65,0.65,18041,United Kingdom,Sale
536637,22917,HERB MARKER ROSEMARY,12/2/2010,1,0.65,0.65,18041,United Kingdom,Sale
536637,22919,HERB MARKER MINT,12/2/2010,2,0.65,1.3,18041,United Kingdom,Sale
536637,22918,HERB MARKER PARSLEY,12/2/2010,2,0.65,1.3,18041,United Kingdom,Sale
536637,22916,HERB MARKER THYME,12/2/2010,2,0.65,1.3,18041,United Kingdom,Sale
536637,22921,HERB MARKER CHIVES,12/2/2010,2,0.65,1.3,18041,United Kingdom,Sale
536637,22917,HERB MARKER ROSEMARY,12/2/2010,1,0.65,0.65,18041,United Kingdom,Sale
536637,22920,HERB MARKER BASIL,12/2/2010,1,0.65,0.65,18041,United Kingdom,Sale
536637,84692,BOX OF 24 COCKTAIL PARASOLS,12/2/2010,1,0.42,0.42,18041,United Kingdom,Sale
536637,22659,LUNCH BOX I LOVE LONDON,12/2/2010,1,1.95,1.95,18041,United Kingdom,Sale
536637,22315,200 RED + WHITE BENDY STRAWS,12/2/2010,1,1.25,1.25,18041,United Kingdom,Sale
536637,22559,SEASIDE FLYING DISC,12/2/2010,1,1.25,1.25,18041,United Kingdom,Sale
536637,20878,SET/9 CHRISTMAS T-LIGHTS SCENTED,12/2/2010,1,1.25,1.25,18041,United Kingdom,Sale
536637,22696,WICKER WREATH LARGE,12/2/2010,1,1.95,1.95,18041,United Kingdom,Sale
536637,22896,PEG BAG APPLES DESIGN,12/2/2010,1,2.55,2.55,18041,United Kingdom,Sale
536637,20967,GREY FLORAL FELTCRAFT SHOULDER BAG,12/2/2010,1,3.75,3.75,18041,United Kingdom,Sale
536637,21098,CHRISTMAS TOILET ROLL,12/2/2010,1,1.25,1.25,18041,United Kingdom,Sale
536637,22568,FELTCRAFT CUSHION OWL,12/2/2010,1,3.75,3.75,18041,United Kingdom,Sale
536637,22654,DELUXE SEWING KIT,12/2/2010,1,5.95,5.95,18041,United Kingdom,Sale
536638,20992,JAZZ HEARTS PURSE NOTEBOOK,12/2/2010,12,0.85,10.2,16244,United Kingdom,Sale
536638,51014A,"FEATHER PEN,HOT PINK",12/2/2010,12,0.85,10.2,16244,United Kingdom,Sale
536638,22113,GREY HEART HOT WATER BOTTLE,12/2/2010,4,3.75,15,16244,United Kingdom,Sale
536638,22111,SCOTTIE DOG HOT WATER BOTTLE,12/2/2010,3,4.95,14.85,16244,United Kingdom,Sale
536638,84032B,CHARLIE + LOLA RED HOT WATER BOTTLE,12/2/2010,6,2.95,17.7,16244,United Kingdom,Sale
536638,84031B,CHARLIE LOLA BLUE HOT WATER BOTTLE,12/2/2010,3,4.65,13.95,16244,United Kingdom,Sale
536638,84031A,CHARLIE+LOLA RED HOT WATER BOTTLE,12/2/2010,3,4.65,13.95,16244,United Kingdom,Sale
536638,21430,SET/3 RED GINGHAM ROSE STORAGE BOX,12/2/2010,4,3.75,15,16244,United Kingdom,Sale
536638,21429,RED GINGHAM ROSE JEWELLERY BOX,12/2/2010,8,1.65,13.2,16244,United Kingdom,Sale
536638,21313,GLASS HEART T-LIGHT HOLDER,12/2/2010,12,0.85,10.2,16244,United Kingdom,Sale
536638,21108,FAIRY CAKE FLANNEL ASSORTED COLOUR,12/2/2010,9,2.55,22.95,16244,United Kingdom,Sale
536638,47599B,BLUE PARTY BAGS,12/2/2010,6,2.1,12.6,16244,United Kingdom,Sale
536638,47566B,TEA TIME PARTY BUNTING,12/2/2010,5,4.65,23.25,16244,United Kingdom,Sale
536638,22499,WOODEN UNION JACK BUNTING,12/2/2010,3,5.95,17.85,16244,United Kingdom,Sale
536638,22090,PAPER BUNTING RETROSPOT,12/2/2010,6,2.95,17.7,16244,United Kingdom,Sale
536638,22071,SMALL WHITE RETROSPOT MUG IN BOX,12/2/2010,6,3.75,22.5,16244,United Kingdom,Sale
536638,22070,SMALL RED RETROSPOT MUG IN BOX,12/2/2010,6,3.75,22.5,16244,United Kingdom,Sale
536638,21216,"SET 3 RETROSPOT TEA,COFFEE,SUGAR",12/2/2010,4,4.95,19.8,16244,United Kingdom,Sale
536638,22637,PIGGY BANK RETROSPOT,12/2/2010,6,2.55,15.3,16244,United Kingdom,Sale
536638,20983,12 PENCILS TALL TUBE RED RETROSPOT,12/2/2010,12,0.85,10.2,16244,United Kingdom,Sale
536638,20975,12 PENCILS SMALL TUBE RED RETROSPOT,12/2/2010,24,0.65,15.6,16244,United Kingdom,Sale
536638,20750,RED RETROSPOT MINI CASES,12/2/2010,2,7.95,15.9,16244,United Kingdom,Sale
536638,21041,RED RETROSPOT OVEN GLOVE DOUBLE,12/2/2010,6,2.95,17.7,16244,United Kingdom,Sale
536638,21537,RED RETROSPOT PUDDING BOWL,12/2/2010,4,4.25,17,16244,United Kingdom,Sale
536638,21533,RETROSPOT LARGE MILK JUG,12/2/2010,3,4.95,14.85,16244,United Kingdom,Sale
536638,21527,RED RETROSPOT TRADITIONAL TEAPOT,12/2/2010,2,7.95,15.9,16244,United Kingdom,Sale
536638,21538,DAIRY MAID  PUDDING BOWL,12/2/2010,4,3.75,15,16244,United Kingdom,Sale
536638,85216,ASSORTED CAKES FRIDGE MAGNETS,12/2/2010,12,0.65,7.8,16244,United Kingdom,Sale
536638,84992,72 SWEETHEART FAIRY CAKE CASES,12/2/2010,24,0.55,13.2,16244,United Kingdom,Sale
536638,84991,60 TEATIME FAIRY CAKE CASES,12/2/2010,24,0.55,13.2,16244,United Kingdom,Sale
536638,22352,LUNCH BOX WITH CUTLERY RETROSPOT,12/2/2010,6,2.55,15.3,16244,United Kingdom,Sale
536638,84509A,SET OF 4 ENGLISH ROSE PLACEMATS,12/2/2010,4,3.75,15,16244,United Kingdom,Sale
536638,84510A,SET OF 4 ENGLISH ROSE COASTERS,12/2/2010,10,1.25,12.5,16244,United Kingdom,Sale
536638,22131,FOOD CONTAINER SET 3 LOVE HEART,12/2/2010,6,1.95,11.7,16244,United Kingdom,Sale
536638,21163,DO NOT TOUCH MY STUFF DOOR HANGER,12/2/2010,12,1.45,17.4,16244,United Kingdom,Sale
536638,21158,MOODY GIRL DOOR HANGER,12/2/2010,12,1.45,17.4,16244,United Kingdom,Sale
536638,21161,KEEP OUT BOYS DOOR HANGER,12/2/2010,12,1.45,17.4,16244,United Kingdom,Sale
536638,21159,MOODY BOY  DOOR HANGER,12/2/2010,12,1.45,17.4,16244,United Kingdom,Sale
536638,84970L,SINGLE HEART ZINC T-LIGHT HOLDER,12/2/2010,12,0.95,11.4,16244,United Kingdom,Sale
536638,72741,GRAND CHOCOLATECANDLE,12/2/2010,18,1.45,26.1,16244,United Kingdom,Sale
536638,22502,PICNIC BASKET WICKER SMALL,12/2/2010,4,5.95,23.8,16244,United Kingdom,Sale
536638,22469,HEART OF WICKER SMALL,12/2/2010,12,1.65,19.8,16244,United Kingdom,Sale
536638,22212,FOUR HOOK  WHITE LOVEBIRDS,12/2/2010,6,2.1,12.6,16244,United Kingdom,Sale
536638,84406B,CREAM CUPID HEARTS COAT HANGER,12/2/2010,8,3.25,26,16244,United Kingdom,Sale
536638,22188,BLACK HEART CARD HOLDER,12/2/2010,4,3.95,15.8,16244,United Kingdom,Sale
536638,84971S,SMALL HEART FLOWERS HOOK,12/2/2010,24,0.85,20.4,16244,United Kingdom,Sale
536638,21390,FILIGRIS HEART WITH BUTTERFLY,12/2/2010,24,1.25,30,16244,United Kingdom,Sale
536638,84836,ZINC METAL HEART DECORATION,12/2/2010,12,1.25,15,16244,United Kingdom,Sale
536638,22297,HEART IVORY TRELLIS SMALL,12/2/2010,24,1.25,30,16244,United Kingdom,Sale
536638,22335,HEART DECORATION PAINTED ZINC,12/2/2010,24,0.65,15.6,16244,United Kingdom,Sale
536638,22285,HANGING HEN ON NEST DECORATION,12/2/2010,12,1.65,19.8,16244,United Kingdom,Sale
536638,22284,HEN HOUSE DECORATION,12/2/2010,12,1.65,19.8,16244,United Kingdom,Sale
536638,21383,PACK OF 12 STICKY BUNNIES,12/2/2010,12,0.65,7.8,16244,United Kingdom,Sale
536638,21381,MINI WOODEN HAPPY BIRTHDAY GARLAND,12/2/2010,12,1.69,20.28,16244,United Kingdom,Sale
536638,21380,WOODEN HAPPY BIRTHDAY GARLAND,12/2/2010,6,2.95,17.7,16244,United Kingdom,Sale
536638,47590B,PINK HAPPY BIRTHDAY BUNTING,12/2/2010,3,5.45,16.35,16244,United Kingdom,Sale
536638,47590A,BLUE HAPPY BIRTHDAY BUNTING,12/2/2010,3,5.45,16.35,16244,United Kingdom,Sale
536638,22210,WOOD STAMP SET BEST WISHES,12/2/2010,12,1.65,19.8,16244,United Kingdom,Sale
536638,22209,WOOD STAMP SET HAPPY BIRTHDAY,12/2/2010,12,1.65,19.8,16244,United Kingdom,Sale
536638,22208,WOOD STAMP SET THANK YOU,12/2/2010,12,1.65,19.8,16244,United Kingdom,Sale
536638,22318,FIVE HEART HANGING DECORATION,12/2/2010,6,2.95,17.7,16244,United Kingdom,Sale
536638,20974,12 PENCILS SMALL TUBE SKULL,12/2/2010,24,0.65,15.6,16244,United Kingdom,Sale
536638,20982,12 PENCILS TALL TUBE SKULLS,12/2/2010,12,0.85,10.2,16244,United Kingdom,Sale
536639,22632,HAND WARMER RED RETROSPOT,12/2/2010,12,2.1,25.2,15111,United Kingdom,Sale
536639,21872,GLAMOROUS  MUG,12/2/2010,12,1.25,15,15111,United Kingdom,Sale
536639,48111,DOORMAT 3 SMILEY CATS,12/2/2010,2,7.95,15.9,15111,United Kingdom,Sale
536639,21888,BINGO SET,12/2/2010,4,3.75,15,15111,United Kingdom,Sale
536639,22867,HAND WARMER BIRD DESIGN,12/2/2010,12,2.1,25.2,15111,United Kingdom,Sale
536639,22866,HAND WARMER SCOTTY DOG DESIGN,12/2/2010,12,2.1,25.2,15111,United Kingdom,Sale
536639,22865,HAND WARMER OWL DESIGN,12/2/2010,12,2.1,25.2,15111,United Kingdom,Sale
536639,22112,CHOCOLATE HOT WATER BOTTLE,12/2/2010,3,4.95,14.85,15111,United Kingdom,Sale
536639,84029G,KNITTED UNION FLAG HOT WATER BOTTLE,12/2/2010,4,3.75,15,15111,United Kingdom,Sale
536639,22637,PIGGY BANK RETROSPOT,12/2/2010,6,2.55,15.3,15111,United Kingdom,Sale
536639,22090,PAPER BUNTING RETROSPOT,12/2/2010,6,2.95,17.7,15111,United Kingdom,Sale
536639,21042,RED RETROSPOT APRON,12/2/2010,3,5.95,17.85,15111,United Kingdom,Sale
536639,22961,JAM MAKING SET PRINTED,12/2/2010,12,1.45,17.4,15111,United Kingdom,Sale
536639,22365,DOORMAT RESPECTABLE HOUSE,12/2/2010,2,7.95,15.9,15111,United Kingdom,Sale
536639,48138,DOORMAT UNION FLAG,12/2/2010,2,7.95,15.9,15111,United Kingdom,Sale
536639,22822,CREAM WALL PLANTER HEART SHAPED,12/2/2010,2,5.95,11.9,15111,United Kingdom,Sale
536640,21914,BLUE HARMONICA IN BOX,12/2/2010,1,1.25,1.25,,United Kingdom,Sale
536640,22661,CHARLOTTE BAG DOLLY GIRL DESIGN,12/2/2010,1,0.85,0.85,,United Kingdom,Sale
536640,22560,TRADITIONAL MODELLING CLAY,12/2/2010,1,1.25,1.25,,United Kingdom,Sale
536640,22411,JUMBO SHOPPER VINTAGE RED PAISLEY,12/2/2010,1,1.95,1.95,,United Kingdom,Sale
536640,22633,HAND WARMER UNION JACK,12/2/2010,1,2.1,2.1,,United Kingdom,Sale
536640,22632,HAND WARMER RED RETROSPOT,12/2/2010,1,2.1,2.1,,United Kingdom,Sale
536640,22867,HAND WARMER BIRD DESIGN,12/2/2010,1,2.1,2.1,,United Kingdom,Sale
536640,20754,RETROSPOT RED WASHING UP GLOVES,12/2/2010,1,2.1,2.1,,United Kingdom,Sale
536640,85035A,GARDENIA 3 WICK MORRIS BOXED CANDLE,12/2/2010,1,4.25,4.25,,United Kingdom,Sale
536640,22667,RECIPE BOX RETROSPOT,12/2/2010,1,2.95,2.95,,United Kingdom,Sale
536640,22761,CHEST 7 DRAWER MA CAMPAGNE,12/2/2010,1,24.95,24.95,,United Kingdom,Sale
536641,22187,GREEN CHRISTMAS TREE CARD HOLDER,12/2/2010,1,4.25,4.25,12748,United Kingdom,Sale
C536642,21463,MIRRORED DISCO BALL,12/2/2010,-1,5.95,-5.95,14390,United Kingdom,Return
536643,85136A,YELLOW SHARK HELICOPTER,12/2/2010,1,7.95,7.95,14390,United Kingdom,Sale
536643,85099B,JUMBO BAG RED RETROSPOT,12/2/2010,2,1.95,3.9,14390,United Kingdom,Sale
536643,22385,JUMBO BAG SPACEBOY DESIGN,12/2/2010,4,1.95,7.8,14390,United Kingdom,Sale
536643,21870,I CAN ONLY PLEASE ONE PERSON MUG,12/2/2010,1,1.25,1.25,14390,United Kingdom,Sale
536643,20723,STRAWBERRY CHARLOTTE BAG,12/2/2010,1,0.85,0.85,14390,United Kingdom,Sale
536643,20967,GREY FLORAL FELTCRAFT SHOULDER BAG,12/2/2010,2,3.75,7.5,14390,United Kingdom,Sale
536643,20969,RED FLORAL FELTCRAFT SHOULDER BAG,12/2/2010,2,3.75,7.5,14390,United Kingdom,Sale
536643,20970,PINK FLORAL FELTCRAFT SHOULDER BAG,12/2/2010,1,3.75,3.75,14390,United Kingdom,Sale
536643,85099B,JUMBO BAG RED RETROSPOT,12/2/2010,3,1.95,5.85,14390,United Kingdom,Sale
536643,22418,10 COLOUR SPACEBOY PEN,12/2/2010,2,0.85,1.7,14390,United Kingdom,Sale
536643,22374,AIRLINE BAG VINTAGE JET SET RED,12/2/2010,2,4.25,8.5,14390,United Kingdom,Sale
536643,22372,AIRLINE BAG VINTAGE WORLD CHAMPION,12/2/2010,2,4.25,8.5,14390,United Kingdom,Sale
536643,22375,AIRLINE BAG VINTAGE JET SET BROWN,12/2/2010,2,4.25,8.5,14390,United Kingdom,Sale
536643,22371,AIRLINE BAG VINTAGE TOKYO 78,12/2/2010,1,4.25,4.25,14390,United Kingdom,Sale
536643,22634,CHILDS BREAKFAST SET SPACEBOY,12/2/2010,2,9.95,19.9,14390,United Kingdom,Sale
536643,22663,JUMBO BAG DOLLY GIRL DESIGN,12/2/2010,2,1.95,3.9,14390,United Kingdom,Sale
536643,22662,LUNCH BAG DOLLY GIRL DESIGN,12/2/2010,2,1.65,3.3,14390,United Kingdom,Sale
536643,22650,CERAMIC PIRATE CHEST MONEY BANK,12/2/2010,4,1.45,5.8,14390,United Kingdom,Sale
536643,22578,WOODEN STAR CHRISTMAS SCANDINAVIAN,12/2/2010,5,0.85,4.25,14390,United Kingdom,Sale
536643,22579,WOODEN TREE CHRISTMAS SCANDINAVIAN,12/2/2010,6,0.85,5.1,14390,United Kingdom,Sale
536643,21479,WHITE SKULL HOT WATER BOTTLE,12/2/2010,2,3.75,7.5,14390,United Kingdom,Sale
536643,22112,CHOCOLATE HOT WATER BOTTLE,12/2/2010,6,4.95,29.7,14390,United Kingdom,Sale
536643,22110,BIRD HOUSE HOT WATER BOTTLE,12/2/2010,4,2.55,10.2,14390,United Kingdom,Sale
536643,84997B,CHILDRENS CUTLERY RETROSPOT RED,12/2/2010,3,3.75,11.25,14390,United Kingdom,Sale
536643,84997A,CHILDRENS CUTLERY POLKADOT GREEN,12/2/2010,3,3.75,11.25,14390,United Kingdom,Sale
536643,84997C,CHILDRENS CUTLERY POLKADOT BLUE,12/2/2010,2,3.75,7.5,14390,United Kingdom,Sale
536643,84997D,CHILDRENS CUTLERY POLKADOT PINK,12/2/2010,7,3.75,26.25,14390,United Kingdom,Sale
536663,22867,HAND WARMER BIRD DESIGN,12/2/2010,24,2.1,50.4,16546,United Kingdom,Sale
536663,22633,HAND WARMER UNION JACK,12/2/2010,24,2.1,50.4,16546,United Kingdom,Sale
536663,22632,HAND WARMER RED RETROSPOT,12/2/2010,24,2.1,50.4,16546,United Kingdom,Sale
536663,22910,PAPER CHAIN KIT VINTAGE CHRISTMAS,12/2/2010,40,2.55,102,16546,United Kingdom,Sale
536663,22737,RIBBON REEL CHRISTMAS PRESENT,12/2/2010,20,1.65,33,16546,United Kingdom,Sale
536663,22952,60 CAKE CASES VINTAGE CHRISTMAS,12/2/2010,24,0.55,13.2,16546,United Kingdom,Sale
536667,22601,CHRISTMAS RETROSPOT ANGEL WOOD,12/2/2010,24,0.85,20.4,15260,United Kingdom,Sale
536667,22602,RETROSPOT WOODEN HEART DECORATION,12/2/2010,24,0.85,20.4,15260,United Kingdom,Sale
536667,22579,WOODEN TREE CHRISTMAS SCANDINAVIAN,12/2/2010,24,0.85,20.4,15260,United Kingdom,Sale
536667,22574,HEART WOODEN CHRISTMAS DECORATION,12/2/2010,24,0.85,20.4,15260,United Kingdom,Sale
536667,22576,SWALLOW WOODEN CHRISTMAS DECORATION,12/2/2010,24,0.85,20.4,15260,United Kingdom,Sale
536667,22594,CHRISTMAS GINGHAM TREE,12/2/2010,24,0.85,20.4,15260,United Kingdom,Sale
536667,22595,GINGHAM HEART DECORATION,12/2/2010,12,0.85,10.2,15260,United Kingdom,Sale
536667,22423,REGENCY CAKESTAND 3 TIER,12/2/2010,4,12.75,51,15260,United Kingdom,Sale
536667,21217,RED RETROSPOT ROUND CAKE TINS,12/2/2010,2,9.95,19.9,15260,United Kingdom,Sale
536667,22086,PAPER CHAIN KIT 50'S CHRISTMAS,12/2/2010,12,2.95,35.4,15260,United Kingdom,Sale
536667,22910,PAPER CHAIN KIT VINTAGE CHRISTMAS,12/2/2010,12,2.95,35.4,15260,United Kingdom,Sale
536667,84347,ROTATING SILVER ANGELS T-LIGHT HLDR,12/2/2010,6,2.55,15.3,15260,United Kingdom,Sale
536667,21741,COSY SLIPPER SHOES LARGE GREEN,12/2/2010,6,2.95,17.7,15260,United Kingdom,Sale
536667,21738,COSY SLIPPER SHOES SMALL  RED,12/2/2010,6,2.95,17.7,15260,United Kingdom,Sale
536667,21739,COSY SLIPPER SHOES SMALL GREEN,12/2/2010,6,2.95,17.7,15260,United Kingdom,Sale
536667,79321,CHILLI LIGHTS,12/2/2010,4,4.95,19.8,15260,United Kingdom,Sale
536670,22469,HEART OF WICKER SMALL,12/2/2010,40,1.45,58,15260,United Kingdom,Sale
536671,85061W,WHITE JEWELLED HEART DECORATION,12/2/2010,24,0.85,20.4,13305,United Kingdom,Sale
536671,22855,FINE WICKER HEART,12/2/2010,12,1.25,15,13305,United Kingdom,Sale
536671,22465,HANGING METAL STAR LANTERN,12/2/2010,24,1.65,39.6,13305,United Kingdom,Sale
536671,22740,POLKADOT PEN,12/2/2010,48,0.85,40.8,13305,United Kingdom,Sale
536671,21385,IVORY HANGING DECORATION  HEART,12/2/2010,24,0.85,20.4,13305,United Kingdom,Sale
536672,22812,PACK 3 BOXES CHRISTMAS PANNETONE,12/2/2010,24,1.95,46.8,14491,United Kingdom,Sale
536672,20749,ASSORTED COLOUR MINI CASES,12/2/2010,6,7.95,47.7,14491,United Kingdom,Sale
536672,22729,ALARM CLOCK BAKELIKE ORANGE,12/2/2010,4,3.75,15,14491,United Kingdom,Sale
536672,21288,STRIPEY CHOCOLATE NESTING BOXES,12/2/2010,6,2.95,17.7,14491,United Kingdom,Sale
536673,21014,SWISS CHALET TREE DECORATION,12/2/2010,60,0.85,51,14060,United Kingdom,Sale
536673,21803,CHRISTMAS TREE STAR DECORATION,12/2/2010,36,0.42,15.12,14060,United Kingdom,Sale
536673,21801,CHRISTMAS TREE DECORATION WITH BELL,12/2/2010,36,0.42,15.12,14060,United Kingdom,Sale
536673,72816,SET/3 CHRISTMAS DECOUPAGE CANDLES,12/2/2010,48,1.06,50.88,14060,United Kingdom,Sale
536673,22909,SET OF 20 VINTAGE CHRISTMAS NAPKINS,12/2/2010,96,0.64,61.44,14060,United Kingdom,Sale
536673,40016,CHINESE DRAGON PAPER LANTERNS,12/2/2010,144,0.42,60.48,14060,United Kingdom,Sale
536673,22491,PACK OF 12 COLOURED PENCILS,12/2/2010,48,0.85,40.8,14060,United Kingdom,Sale
536673,21791,VINTAGE HEADS AND TAILS CARD GAME,12/2/2010,36,1.25,45,14060,United Kingdom,Sale
536674,21034,REX CASH+CARRY JUMBO SHOPPER,12/2/2010,5,0.95,4.75,15923,United Kingdom,Sale
536674,22650,CERAMIC PIRATE CHEST MONEY BANK,12/2/2010,4,1.45,5.8,15923,United Kingdom,Sale
536674,22202,MILK PAN PINK POLKADOT,12/2/2010,2,3.75,7.5,15923,United Kingdom,Sale
536674,21064,BOOM BOX SPEAKER BOYS,12/2/2010,1,5.95,5.95,15923,United Kingdom,Sale
536674,21364,PEACE SMALL WOOD LETTERS,12/2/2010,1,6.75,6.75,15923,United Kingdom,Sale
536674,22964,3 PIECE SPACEBOY COOKIE CUTTER SET,12/2/2010,1,2.1,2.1,15923,United Kingdom,Sale
536674,22131,FOOD CONTAINER SET 3 LOVE HEART,12/2/2010,1,1.95,1.95,15923,United Kingdom,Sale
536674,48173C,DOORMAT BLACK FLOCK,12/2/2010,1,7.95,7.95,15923,United Kingdom,Sale
536674,47591B,SCOTTIES CHILDRENS APRON,12/2/2010,1,1.65,1.65,15923,United Kingdom,Sale
536674,47591D,PINK FAIRY CAKE CHILDRENS APRON,12/2/2010,1,1.95,1.95,15923,United Kingdom,Sale
536674,85038,6 CHOCOLATE LOVE HEART T-LIGHTS,12/2/2010,7,2.1,14.7,15923,United Kingdom,Sale
536674,22195,LARGE HEART MEASURING SPOONS,12/2/2010,1,1.65,1.65,15923,United Kingdom,Sale
536674,84341B,SMALL PINK MAGIC CHRISTMAS TREE,12/2/2010,1,0.85,0.85,15923,United Kingdom,Sale
536674,84509G,SET OF 4 FAIRY CAKE PLACEMATS,12/2/2010,2,3.75,7.5,15923,United Kingdom,Sale
536674,22367,CHILDRENS APRON SPACEBOY DESIGN,12/2/2010,2,1.95,3.9,15923,United Kingdom,Sale
536674,16235,RECYCLED PENCIL WITH RABBIT ERASER,12/2/2010,48,0.21,10.08,15923,United Kingdom,Sale
536674,84755,COLOUR GLASS T-LIGHT HOLDER HANGING,12/2/2010,32,0.65,20.8,15923,United Kingdom,Sale
536674,21161,KEEP OUT BOYS DOOR HANGER,12/2/2010,2,1.45,2.9,15923,United Kingdom,Sale
536674,20986,BLUE CALCULATOR RULER,12/2/2010,4,1.25,5,15923,United Kingdom,Sale
536674,20832,RED FLOCK LOVE HEART PHOTO FRAME,12/2/2010,4,0.85,3.4,15923,United Kingdom,Sale
536674,22501,PICNIC BASKET WICKER LARGE,12/2/2010,1,9.95,9.95,15923,United Kingdom,Sale
536676,84846A,SCENTED CANDLE IN DIGITALIS TIN,12/2/2010,6,2.1,12.6,16752,United Kingdom,Sale
536676,22442,GROW YOUR OWN FLOWERS SET OF 3,12/2/2010,2,7.95,15.9,16752,United Kingdom,Sale
536676,22759,SET OF 3 NOTEBOOKS IN PARCEL,12/2/2010,12,1.65,19.8,16752,United Kingdom,Sale
536676,22168,ORGANISER WOOD ANTIQUE WHITE,12/2/2010,2,8.5,17,16752,United Kingdom,Sale
536676,22797,CHEST OF DRAWERS GINGHAM HEART,12/2/2010,1,16.95,16.95,16752,United Kingdom,Sale
536676,22595,GINGHAM HEART DECORATION,12/2/2010,12,0.85,10.2,16752,United Kingdom,Sale
536676,21563,RED HEART SHAPE LOVE BUCKET,12/2/2010,6,2.95,17.7,16752,United Kingdom,Sale
536676,22969,HOMEMADE JAM SCENTED CANDLES,12/2/2010,12,1.45,17.4,16752,United Kingdom,Sale
536676,21769,VINTAGE POST OFFICE CABINET,12/2/2010,1,79.95,79.95,16752,United Kingdom,Sale
536681,84406B,CREAM CUPID HEARTS COAT HANGER,12/2/2010,1,3.25,3.25,17287,United Kingdom,Sale
536681,22294,HEART FILIGREE DOVE  SMALL,12/2/2010,10,1.25,12.5,17287,United Kingdom,Sale
536681,22295,HEART FILIGREE DOVE LARGE,12/2/2010,6,1.65,9.9,17287,United Kingdom,Sale
536681,22906,12 MESSAGE CARDS WITH ENVELOPES,12/2/2010,1,1.65,1.65,17287,United Kingdom,Sale
536681,22988,SOLDIERS EGG CUP,12/2/2010,1,1.25,1.25,17287,United Kingdom,Sale
536681,84879,ASSORTED COLOUR BIRD ORNAMENT,12/2/2010,8,1.69,13.52,17287,United Kingdom,Sale
536681,22423,REGENCY CAKESTAND 3 TIER,12/2/2010,3,12.75,38.25,17287,United Kingdom,Sale
536681,22633,HAND WARMER UNION JACK,12/2/2010,2,2.1,4.2,17287,United Kingdom,Sale
536681,22867,HAND WARMER BIRD DESIGN,12/2/2010,1,2.1,2.1,17287,United Kingdom,Sale
536681,22866,HAND WARMER SCOTTY DOG DESIGN,12/2/2010,1,2.1,2.1,17287,United Kingdom,Sale
536681,21586,KINGS CHOICE GIANT TUBE MATCHES,12/2/2010,3,2.55,7.65,17287,United Kingdom,Sale
536681,21584,RETROSPOT SMALL TUBE MATCHES,12/2/2010,6,1.65,9.9,17287,United Kingdom,Sale
536681,21588,RETROSPOT GIANT TUBE MATCHES,12/2/2010,3,2.55,7.65,17287,United Kingdom,Sale
536685,84029E,RED WOOLLY HOTTIE WHITE HEART,12/2/2010,8,3.39,27.12,17850,United Kingdom,Sale
536685,22752,SET 7 BABUSHKA NESTING BOXES,12/2/2010,4,7.65,30.6,17850,United Kingdom,Sale
536685,22803,IVORY EMBROIDERED QUILT,12/2/2010,2,35.75,71.5,17850,United Kingdom,Sale
536685,21730,GLASS STAR FROSTED T-LIGHT HOLDER,12/2/2010,6,4.25,25.5,17850,United Kingdom,Sale
536685,85123A,WHITE HANGING HEART T-LIGHT HOLDER,12/2/2010,12,2.55,30.6,17850,United Kingdom,Sale
536685,71053,WHITE METAL LANTERN,12/2/2010,12,3.39,40.68,17850,United Kingdom,Sale
536685,84406B,CREAM CUPID HEARTS COAT HANGER,12/2/2010,6,2.75,16.5,17850,United Kingdom,Sale
536685,37370,RETRO COFFEE MUGS ASSORTED,12/2/2010,6,1.06,6.36,17850,United Kingdom,Sale
536685,21871,SAVE THE PLANET MUG,12/2/2010,6,1.06,6.36,17850,United Kingdom,Sale
536685,21071,VINTAGE BILLBOARD DRINK ME MUG,12/2/2010,6,1.06,6.36,17850,United Kingdom,Sale
536685,21068,VINTAGE BILLBOARD LOVE/HATE MUG,12/2/2010,6,1.06,6.36,17850,United Kingdom,Sale
536685,82483,WOOD 2 DRAWER CABINET WHITE FINISH,12/2/2010,4,4.95,19.8,17850,United Kingdom,Sale
536685,82486,WOOD S/3 CABINET ANT WHITE FINISH,12/2/2010,4,6.95,27.8,17850,United Kingdom,Sale
536685,82482,WOODEN PICTURE FRAME WHITE FINISH,12/2/2010,6,2.1,12.6,17850,United Kingdom,Sale
536685,82494L,WOODEN FRAME ANTIQUE WHITE,12/2/2010,6,2.55,15.3,17850,United Kingdom,Sale
536685,22411,JUMBO SHOPPER VINTAGE RED PAISLEY,12/2/2010,6,1.65,9.9,17850,United Kingdom,Sale
536685,84029G,KNITTED UNION FLAG HOT WATER BOTTLE,12/2/2010,8,3.39,27.12,17850,United Kingdom,Sale
536688,22632,HAND WARMER RED RETROSPOT,12/2/2010,6,1.85,11.1,17850,United Kingdom,Sale
536688,22633,HAND WARMER UNION JACK,12/2/2010,6,1.85,11.1,17850,United Kingdom,Sale
536690,85123A,WHITE HANGING HEART T-LIGHT HOLDER,12/2/2010,6,2.55,15.3,17850,United Kingdom,Sale
536690,71053,WHITE METAL LANTERN,12/2/2010,6,3.39,20.34,17850,United Kingdom,Sale
536690,84406B,CREAM CUPID HEARTS COAT HANGER,12/2/2010,6,2.75,16.5,17850,United Kingdom,Sale
536690,37370,RETRO COFFEE MUGS ASSORTED,12/2/2010,6,1.06,6.36,17850,United Kingdom,Sale
536690,21871,SAVE THE PLANET MUG,12/2/2010,6,1.06,6.36,17850,United Kingdom,Sale
536690,21071,VINTAGE BILLBOARD DRINK ME MUG,12/2/2010,6,1.06,6.36,17850,United Kingdom,Sale
536690,21068,VINTAGE BILLBOARD LOVE/HATE MUG,12/2/2010,6,1.06,6.36,17850,United Kingdom,Sale
536690,82483,WOOD 2 DRAWER CABINET WHITE FINISH,12/2/2010,4,4.95,19.8,17850,United Kingdom,Sale
536690,82486,WOOD S/3 CABINET ANT WHITE FINISH,12/2/2010,4,6.95,27.8,17850,United Kingdom,Sale
536690,82482,WOODEN PICTURE FRAME WHITE FINISH,12/2/2010,6,2.1,12.6,17850,United Kingdom,Sale
536690,82494L,WOODEN FRAME ANTIQUE WHITE,12/2/2010,6,2.55,15.3,17850,United Kingdom,Sale
536690,22411,JUMBO SHOPPER VINTAGE RED PAISLEY,12/2/2010,6,1.65,9.9,17850,United Kingdom,Sale
536690,84029G,KNITTED UNION FLAG HOT WATER BOTTLE,12/2/2010,6,3.39,20.34,17850,United Kingdom,Sale
536690,84029E,RED WOOLLY HOTTIE WHITE HEART,12/2/2010,6,3.39,20.34,17850,United Kingdom,Sale
536690,22752,SET 7 BABUSHKA NESTING BOXES,12/2/2010,4,7.65,30.6,17850,United Kingdom,Sale
536690,22803,IVORY EMBROIDERED QUILT,12/2/2010,2,35.75,71.5,17850,United Kingdom,Sale
536690,21730,GLASS STAR FROSTED T-LIGHT HOLDER,12/2/2010,6,4.25,25.5,17850,United Kingdom,Sale
536693,22632,HAND WARMER RED RETROSPOT,12/2/2010,6,1.85,11.1,17850,United Kingdom,Sale
536693,22633,HAND WARMER UNION JACK,12/2/2010,6,1.85,11.1,17850,United Kingdom,Sale
536698,21731,RED TOADSTOOL LED NIGHT LIGHT,12/2/2010,12,1.65,19.8,15363,United Kingdom,Sale
536698,85135B,BLUE DRAGONFLY HELICOPTER,12/2/2010,2,7.95,15.9,15363,United Kingdom,Sale
536698,21913,VINTAGE SEASIDE JIGSAW PUZZLES,12/2/2010,4,3.75,15,15363,United Kingdom,Sale
536698,22745,POPPY'S PLAYHOUSE BEDROOM,12/2/2010,12,2.1,25.2,15363,United Kingdom,Sale
536698,85227,SET OF 6 3D KIT CARDS FOR KIDS,12/2/2010,12,0.85,10.2,15363,United Kingdom,Sale
536698,21790,VINTAGE SNAP CARDS,12/2/2010,12,0.85,10.2,15363,United Kingdom,Sale
536698,21743,STAR PORTABLE TABLE LIGHT,12/2/2010,12,2.95,35.4,15363,United Kingdom,Sale
536698,20798,CLEAR MILKSHAKE GLASS,12/2/2010,12,2.1,25.2,15363,United Kingdom,Sale
536698,22457,NATURAL SLATE HEART CHALKBOARD,12/2/2010,6,2.95,17.7,15363,United Kingdom,Sale
536698,22669,RED BABY BUNTING,12/2/2010,5,2.95,14.75,15363,United Kingdom,Sale
536698,22320,BIRDS MOBILE VINTAGE DESIGN,12/2/2010,3,5.95,17.85,15363,United Kingdom,Sale
536698,21249,WOODLAND  HEIGHT CHART STICKERS,12/2/2010,6,2.95,17.7,15363,United Kingdom,Sale
536698,22493,PAINT YOUR OWN CANVAS SET,12/2/2010,24,1.65,39.6,15363,United Kingdom,Sale
536698,22943,CHRISTMAS LIGHTS 10 VINTAGE BAUBLES,12/2/2010,6,4.95,29.7,15363,United Kingdom,Sale
536698,21561,DINOSAUR LUNCH BOX WITH CUTLERY,12/2/2010,6,2.55,15.3,15363,United Kingdom,Sale
536698,22382,LUNCH BAG SPACEBOY DESIGN,12/2/2010,10,1.65,16.5,15363,United Kingdom,Sale
536707,37495,FAIRY CAKE BIRTHDAY CANDLE SET,12/2/2010,4,3.75,15,12915,United Kingdom,Sale
536707,21218,RED SPOTTY BISCUIT TIN,12/2/2010,6,3.75,22.5,12915,United Kingdom,Sale
536707,21217,RED RETROSPOT ROUND CAKE TINS,12/2/2010,1,9.95,9.95,12915,United Kingdom,Sale
536707,22840,ROUND CAKE TIN VINTAGE RED,12/2/2010,2,7.95,15.9,12915,United Kingdom,Sale
536707,85132A,CHARLIE + LOLA BISCUITS TINS,12/2/2010,1,9.95,9.95,12915,United Kingdom,Sale
536707,85132B,CHARLIE AND LOLA TABLE TINS,12/2/2010,1,9.95,9.95,12915,United Kingdom,Sale
536707,85132C,CHARLIE AND LOLA FIGURES TINS,12/2/2010,1,9.95,9.95,12915,United Kingdom,Sale
536707,22938,CUPCAKE LACE PAPER SET 6,12/2/2010,12,1.95,23.4,12915,United Kingdom,Sale
536707,22955,36 FOIL STAR CAKE CASES,12/2/2010,6,2.1,12.6,12915,United Kingdom,Sale
536707,22626,BLACK KITCHEN SCALES,12/2/2010,2,8.5,17,12915,United Kingdom,Sale
536707,21843,RED RETROSPOT CAKE STAND,12/2/2010,1,10.95,10.95,12915,United Kingdom,Sale
536707,22215,CAKE STAND WHITE TWO TIER LACE,12/2/2010,2,8.5,17,12915,United Kingdom,Sale
536707,22423,REGENCY CAKESTAND 3 TIER,12/2/2010,2,12.75,25.5,12915,United Kingdom,Sale
536732,21238,RED RETROSPOT CUP,12/2/2010,8,0.85,6.8,15544,United Kingdom,Sale
536732,20674,GREEN POLKADOT BOWL,12/2/2010,8,1.25,10,15544,United Kingdom,Sale
536732,20675,BLUE POLKADOT BOWL,12/2/2010,8,1.25,10,15544,United Kingdom,Sale
536732,21239,PINK  POLKADOT CUP,12/2/2010,8,0.85,6.8,15544,United Kingdom,Sale
536732,21244,BLUE POLKADOT PLATE,12/2/2010,8,1.69,13.52,15544,United Kingdom,Sale
536732,21245,GREEN POLKADOT PLATE,12/2/2010,8,1.69,13.52,15544,United Kingdom,Sale
536732,84997A,CHILDRENS CUTLERY POLKADOT GREEN,12/2/2010,6,3.75,22.5,15544,United Kingdom,Sale
536732,84997D,CHILDRENS CUTLERY POLKADOT PINK,12/2/2010,6,3.75,22.5,15544,United Kingdom,Sale
536732,21679,SKULLS  STICKERS,12/2/2010,12,0.85,10.2,15544,United Kingdom,Sale
536732,21479,WHITE SKULL HOT WATER BOTTLE,12/2/2010,4,3.75,15,15544,United Kingdom,Sale
536732,22423,REGENCY CAKESTAND 3 TIER,12/2/2010,2,12.75,25.5,15544,United Kingdom,Sale
536732,21213,PACK OF 72 SKULL CAKE CASES,12/2/2010,24,0.55,13.2,15544,United Kingdom,Sale
536732,21207,SKULL AND CROSSBONES  GARLAND,12/2/2010,12,1.65,19.8,15544,United Kingdom,Sale
536732,21987,PACK OF 6 SKULL PAPER CUPS,12/2/2010,12,0.65,7.8,15544,United Kingdom,Sale
536732,21988,PACK OF 6 SKULL PAPER PLATES,12/2/2010,12,0.85,10.2,15544,United Kingdom,Sale
536732,21989,PACK OF 20 SKULL PAPER NAPKINS,12/2/2010,12,0.85,10.2,15544,United Kingdom,Sale
536732,22316,200 BENDY SKULL STRAWS,12/2/2010,12,1.25,15,15544,United Kingdom,Sale
536732,22332,SKULLS PARTY BAG + STICKER SET,12/2/2010,8,1.65,13.2,15544,United Kingdom,Sale
536732,22437,SET OF 9 BLACK SKULL BALLOONS,12/2/2010,20,0.85,17,15544,United Kingdom,Sale
536732,22910,PAPER CHAIN KIT VINTAGE CHRISTMAS,12/2/2010,6,2.95,17.7,15544,United Kingdom,Sale
536732,22086,PAPER CHAIN KIT 50'S CHRISTMAS,12/2/2010,6,2.95,17.7,15544,United Kingdom,Sale
536732,85049A,TRADITIONAL CHRISTMAS RIBBONS,12/2/2010,12,1.25,15,15544,United Kingdom,Sale
536732,21080,SET/20 RED RETROSPOT PAPER NAPKINS,12/2/2010,12,0.85,10.2,15544,United Kingdom,Sale
536732,21086,SET/6 RED SPOTTY PAPER CUPS,12/2/2010,12,0.65,7.8,15544,United Kingdom,Sale
536732,21094,SET/6 RED SPOTTY PAPER PLATES,12/2/2010,12,0.85,10.2,15544,United Kingdom,Sale
536732,21212,PACK OF 72 RETROSPOT CAKE CASES,12/2/2010,24,0.55,13.2,15544,United Kingdom,Sale
536733,21206,STRAWBERRY HONEYCOMB  GARLAND,12/2/2010,12,1.65,19.8,15738,United Kingdom,Sale
536733,20974,12 PENCILS SMALL TUBE SKULL,12/2/2010,24,0.65,15.6,15738,United Kingdom,Sale
536733,22333,RETROSPOT PARTY BAG + STICKER SET,12/2/2010,16,1.65,26.4,15738,United Kingdom,Sale
536733,21094,SET/6 RED SPOTTY PAPER PLATES,12/2/2010,60,0.85,51,15738,United Kingdom,Sale
536733,21080,SET/20 RED RETROSPOT PAPER NAPKINS,12/2/2010,24,0.85,20.4,15738,United Kingdom,Sale
536733,21086,SET/6 RED SPOTTY PAPER CUPS,12/2/2010,36,0.65,23.4,15738,United Kingdom,Sale
536733,20914,SET/5 RED RETROSPOT LID GLASS BOWLS,12/2/2010,6,2.95,17.7,15738,United Kingdom,Sale
536733,20975,12 PENCILS SMALL TUBE RED RETROSPOT,12/2/2010,24,0.65,15.6,15738,United Kingdom,Sale
536733,20677,PINK POLKADOT BOWL,12/2/2010,8,1.25,10,15738,United Kingdom,Sale
536733,47590B,PINK HAPPY BIRTHDAY BUNTING,12/2/2010,9,5.45,49.05,15738,United Kingdom,Sale
536733,47599A,PINK PARTY BAGS,12/2/2010,12,2.1,25.2,15738,United Kingdom,Sale
536733,22083,PAPER CHAIN KIT RETROSPOT,12/2/2010,6,2.95,17.7,15738,United Kingdom,Sale
536733,47599B,BLUE PARTY BAGS,12/2/2010,6,2.1,12.6,15738,United Kingdom,Sale
536733,84375,SET OF 20 KIDS COOKIE CUTTERS,12/2/2010,12,2.1,25.2,15738,United Kingdom,Sale
C536734,22780,LIGHT GARLAND BUTTERFILES PINK,12/2/2010,-4,4.25,-17,16042,United Kingdom,Return
C536734,85048,15CM CHRISTMAS GLASS BALL 20 LIGHTS,12/2/2010,-1,7.95,-7.95,16042,United Kingdom,Return
536735,22659,LUNCH BOX I LOVE LONDON,12/2/2010,128,1.65,211.2,17381,United Kingdom,Sale
536736,21703,BAG 125g SWIRLY MARBLES,12/2/2010,192,0.42,80.64,17381,United Kingdom,Sale
536736,21790,VINTAGE SNAP CARDS,12/2/2010,144,0.72,103.68,17381,United Kingdom,Sale
536736,21791,VINTAGE HEADS AND TAILS CARD GAME,12/2/2010,216,1.06,228.96,17381,United Kingdom,Sale
536736,22616,PACK OF 12 LONDON TISSUES,12/2/2010,600,0.29,174,17381,United Kingdom,Sale
536736,22555,PLASTERS IN TIN STRONGMAN,12/2/2010,144,1.65,237.6,17381,United Kingdom,Sale
C536737,22798,ANTIQUE GLASS DRESSING TABLE POT,12/2/2010,-2,2.95,-5.9,15922,United Kingdom,Return
536738,22806,SET OF 6 T-LIGHTS WEDDING CAKE,12/2/2010,6,2.95,17.7,15827,United Kingdom,Sale
536738,22893,MINI CAKE STAND T-LIGHT HOLDER,12/2/2010,24,0.42,10.08,15827,United Kingdom,Sale
536738,21843,RED RETROSPOT CAKE STAND,12/2/2010,1,10.95,10.95,15827,United Kingdom,Sale
536738,21217,RED RETROSPOT ROUND CAKE TINS,12/2/2010,1,9.95,9.95,15827,United Kingdom,Sale
536738,20914,SET/5 RED RETROSPOT LID GLASS BOWLS,12/2/2010,6,2.95,17.7,15827,United Kingdom,Sale
536738,22841,ROUND CAKE TIN VINTAGE GREEN,12/2/2010,2,7.95,15.9,15827,United Kingdom,Sale
536738,22840,ROUND CAKE TIN VINTAGE RED,12/2/2010,2,7.95,15.9,15827,United Kingdom,Sale
536739,22666,RECIPE BOX PANTRY YELLOW DESIGN,12/2/2010,6,2.95,17.7,14180,United Kingdom,Sale
536739,22120,WELCOME  WOODEN BLOCK LETTERS,12/2/2010,3,9.95,29.85,14180,United Kingdom,Sale
536739,85159A,"BLACK TEA,COFFEE,SUGAR JARS",12/2/2010,2,6.35,12.7,14180,United Kingdom,Sale
536739,85064,CREAM SWEETHEART LETTER RACK,12/2/2010,2,5.45,10.9,14180,United Kingdom,Sale
536739,21843,RED RETROSPOT CAKE STAND,12/2/2010,1,10.95,10.95,14180,United Kingdom,Sale
536739,20750,RED RETROSPOT MINI CASES,12/2/2010,2,7.95,15.9,14180,United Kingdom,Sale
536739,35004C,SET OF 3 COLOURED  FLYING DUCKS,12/2/2010,3,5.45,16.35,14180,United Kingdom,Sale
536739,21784,SHOE SHINE BOX,12/2/2010,2,9.95,19.9,14180,United Kingdom,Sale
536739,22849,BREAD BIN DINER STYLE MINT,12/2/2010,1,16.95,16.95,14180,United Kingdom,Sale
536739,22848,BREAD BIN DINER STYLE PINK,12/2/2010,1,16.95,16.95,14180,United Kingdom,Sale
536739,21527,RED RETROSPOT TRADITIONAL TEAPOT,12/2/2010,2,7.95,15.9,14180,United Kingdom,Sale
536739,21844,RED RETROSPOT MUG,12/2/2010,6,2.95,17.7,14180,United Kingdom,Sale
536740,22963,JAM JAR WITH GREEN LID,12/2/2010,12,0.85,10.2,15827,United Kingdom,Sale
536740,22962,JAM JAR WITH PINK LID,12/2/2010,12,0.85,10.2,15827,United Kingdom,Sale
536740,22961,JAM MAKING SET PRINTED,12/2/2010,12,1.45,17.4,15827,United Kingdom,Sale
536740,22966,GINGERBREAD MAN COOKIE CUTTER,12/2/2010,12,1.25,15,15827,United Kingdom,Sale
536740,22964,3 PIECE SPACEBOY COOKIE CUTTER SET,12/2/2010,6,2.1,12.6,15827,United Kingdom,Sale
536740,22969,HOMEMADE JAM SCENTED CANDLES,12/2/2010,12,1.45,17.4,15827,United Kingdom,Sale
536740,21217,RED RETROSPOT ROUND CAKE TINS,12/2/2010,1,9.95,9.95,15827,United Kingdom,Sale
536741,17090D,VANILLA INCENSE 40 CONES IN TIN,12/2/2010,6,1.25,7.5,13117,United Kingdom,Sale
536741,17090A,LAVENDER INCENSE 40 CONES IN TIN,12/2/2010,6,1.25,7.5,13117,United Kingdom,Sale
536741,22457,NATURAL SLATE HEART CHALKBOARD,12/2/2010,6,2.95,17.7,13117,United Kingdom,Sale
536741,84879,ASSORTED COLOUR BIRD ORNAMENT,12/2/2010,8,1.69,13.52,13117,United Kingdom,Sale
536741,72127,COLUMBIAN CANDLE ROUND,12/2/2010,6,1.25,7.5,13117,United Kingdom,Sale
536741,72133,COLUMBIAN CANDLE RECTANGLE,12/2/2010,6,1.25,7.5,13117,United Kingdom,Sale
536741,84763,ZINC FINISH 15CM PLANTER POTS,12/2/2010,12,1.25,15,13117,United Kingdom,Sale
536741,85049E,SCANDINAVIAN REDS RIBBONS,12/2/2010,12,1.25,15,13117,United Kingdom,Sale
536741,22077,6 RIBBONS RUSTIC CHARM,12/2/2010,12,1.65,19.8,13117,United Kingdom,Sale
536741,22075,6 RIBBONS ELEGANT CHRISTMAS,12/2/2010,12,1.65,19.8,13117,United Kingdom,Sale
536741,85049A,TRADITIONAL CHRISTMAS RIBBONS,12/2/2010,12,1.25,15,13117,United Kingdom,Sale
536741,22940,FELTCRAFT CHRISTMAS FAIRY,12/2/2010,4,4.25,17,13117,United Kingdom,Sale
536741,22144,CHRISTMAS CRAFT LITTLE FRIENDS,12/2/2010,6,2.1,12.6,13117,United Kingdom,Sale
536741,22652,TRAVEL SEWING KIT,12/2/2010,10,1.65,16.5,13117,United Kingdom,Sale
536741,84945,MULTI COLOUR SILVER T-LIGHT HOLDER,12/2/2010,12,0.85,10.2,13117,United Kingdom,Sale
536742,47504H,ENGLISH ROSE SPIRIT LEVEL,12/2/2010,1,1.95,1.95,16916,United Kingdom,Sale
536742,85127,SMALL SQUARE CUT GLASS CANDLESTICK,12/2/2010,2,4.95,9.9,16916,United Kingdom,Sale
536742,21472,LADYBIRD + BEE RAFFIA FOOD COVER,12/2/2010,1,3.75,3.75,16916,United Kingdom,Sale
536742,22196,SMALL HEART MEASURING SPOONS,12/2/2010,1,0.85,0.85,16916,United Kingdom,Sale
536742,22086,PAPER CHAIN KIT 50'S CHRISTMAS,12/2/2010,1,2.95,2.95,16916,United Kingdom,Sale
536742,84692,BOX OF 24 COCKTAIL PARASOLS,12/2/2010,1,0.42,0.42,16916,United Kingdom,Sale
536742,84380,SET OF 3 BUTTERFLY COOKIE CUTTERS,12/2/2010,1,1.25,1.25,16916,United Kingdom,Sale
536742,20978,36 PENCILS TUBE SKULLS,12/2/2010,1,1.25,1.25,16916,United Kingdom,Sale
536742,21833,CAMOUFLAGE LED TORCH,12/2/2010,6,1.69,10.14,16916,United Kingdom,Sale
536742,22553,PLASTERS IN TIN SKULLS,12/2/2010,1,1.65,1.65,16916,United Kingdom,Sale
536742,22451,SILK PURSE BABUSHKA RED,12/2/2010,1,3.35,3.35,16916,United Kingdom,Sale
536742,22450,SILK PURSE BABUSHKA BLUE,12/2/2010,1,3.35,3.35,16916,United Kingdom,Sale
536742,10124G,ARMY CAMO BOOKCOVER TAPE,12/2/2010,5,0.42,2.1,16916,United Kingdom,Sale
536742,84519B,CARROT CHARLIE+LOLA COASTER SET,12/2/2010,2,2.95,5.9,16916,United Kingdom,Sale
536742,22941,CHRISTMAS LIGHTS 10 REINDEER,12/2/2010,1,8.5,8.5,16916,United Kingdom,Sale
536742,22349,DOG BOWL CHASING BALL DESIGN,12/2/2010,1,3.75,3.75,16916,United Kingdom,Sale
536742,21931,JUMBO STORAGE BAG SUKI,12/2/2010,1,1.95,1.95,16916,United Kingdom,Sale
536742,22505,MEMO BOARD COTTAGE DESIGN,12/2/2010,1,4.95,4.95,16916,United Kingdom,Sale
536742,21922,UNION STRIPE WITH FRINGE  HAMMOCK,12/2/2010,1,7.95,7.95,16916,United Kingdom,Sale
536742,21584,RETROSPOT SMALL TUBE MATCHES,12/2/2010,1,1.65,1.65,16916,United Kingdom,Sale
536742,22312,OFFICE MUG WARMER POLKADOT,12/2/2010,1,2.95,2.95,16916,United Kingdom,Sale
536742,22822,CREAM WALL PLANTER HEART SHAPED,12/2/2010,1,5.95,5.95,16916,United Kingdom,Sale
536742,22514,CHILDS GARDEN SPADE BLUE,12/2/2010,3,2.1,6.3,16916,United Kingdom,Sale
536742,22988,SOLDIERS EGG CUP,12/2/2010,2,1.25,2.5,16916,United Kingdom,Sale
536742,22862,LOVE HEART NAPKIN BOX,12/2/2010,2,4.25,8.5,16916,United Kingdom,Sale
536742,22973,CHILDREN'S CIRCUS PARADE MUG,12/2/2010,1,1.65,1.65,16916,United Kingdom,Sale
536742,22974,CHILDRENS DOLLY GIRL MUG,12/2/2010,1,1.65,1.65,16916,United Kingdom,Sale
536742,22972,CHILDREN'S SPACEBOY MUG,12/2/2010,3,1.65,4.95,16916,United Kingdom,Sale
536742,21213,PACK OF 72 SKULL CAKE CASES,12/2/2010,1,0.55,0.55,16916,United Kingdom,Sale
536742,22659,LUNCH BOX I LOVE LONDON,12/2/2010,2,1.95,3.9,16916,United Kingdom,Sale
536742,22768,FAMILY PHOTO FRAME CORNICE,12/2/2010,1,9.95,9.95,16916,United Kingdom,Sale
536742,21427,SKULLS STORAGE BOX SMALL,12/2/2010,2,2.1,4.2,16916,United Kingdom,Sale
536742,21504,SKULLS GREETING CARD,12/2/2010,12,0.42,5.04,16916,United Kingdom,Sale
536742,22292,HANGING CHICK  YELLOW DECORATION,12/2/2010,1,1.45,1.45,16916,United Kingdom,Sale
536742,22558,CLOTHES PEGS RETROSPOT PACK 24,12/2/2010,2,1.49,2.98,16916,United Kingdom,Sale
536742,22379,RECYCLING BAG RETROSPOT,12/2/2010,1,2.1,2.1,16916,United Kingdom,Sale
536742,22470,HEART OF WICKER LARGE,12/2/2010,1,2.95,2.95,16916,United Kingdom,Sale
536742,21211,SET OF 72 SKULL PAPER  DOILIES,12/2/2010,1,1.45,1.45,16916,United Kingdom,Sale
536742,22469,HEART OF WICKER SMALL,12/2/2010,2,1.65,3.3,16916,United Kingdom,Sale
536742,20978,36 PENCILS TUBE SKULLS,12/2/2010,3,1.25,3.75,16916,United Kingdom,Sale
536742,21974,SET OF 36 PAISLEY FLOWER DOILIES,12/2/2010,1,1.45,1.45,16916,United Kingdom,Sale
536742,20914,SET/5 RED RETROSPOT LID GLASS BOWLS,12/2/2010,1,2.95,2.95,16916,United Kingdom,Sale
536742,22316,200 BENDY SKULL STRAWS,12/2/2010,1,1.25,1.25,16916,United Kingdom,Sale
536742,22553,PLASTERS IN TIN SKULLS,12/2/2010,1,1.65,1.65,16916,United Kingdom,Sale
536742,22557,PLASTERS IN TIN VINTAGE PAISLEY,12/2/2010,1,1.65,1.65,16916,United Kingdom,Sale
536742,22652,TRAVEL SEWING KIT,12/2/2010,1,1.65,1.65,16916,United Kingdom,Sale
536742,22311,OFFICE MUG WARMER BLACK+SILVER,12/2/2010,1,2.95,2.95,16916,United Kingdom,Sale
536742,22465,HANGING METAL STAR LANTERN,12/2/2010,12,1.65,19.8,16916,United Kingdom,Sale
536742,84755,COLOUR GLASS T-LIGHT HOLDER HANGING,12/2/2010,8,0.65,5.2,16916,United Kingdom,Sale
536742,22666,RECIPE BOX PANTRY YELLOW DESIGN,12/2/2010,2,2.95,5.9,16916,United Kingdom,Sale
536743,22045,SPACEBOY GIFT WRAP,12/2/2010,25,0.42,10.5,17964,United Kingdom,Sale
536743,90175C,BLUE GLASS CHUNKY CHARM BRACELET,12/2/2010,1,8.95,8.95,17964,United Kingdom,Sale
536743,90180A,BLACK+WHITE NECKLACE W TASSEL,12/2/2010,1,9.95,9.95,17964,United Kingdom,Sale
536743,90178A,AMBER CHUNKY GLASS+BEAD NECKLACE,12/2/2010,1,11.95,11.95,17964,United Kingdom,Sale
536743,22746,POPPY'S PLAYHOUSE LIVINGROOM,12/2/2010,1,2.1,2.1,17964,United Kingdom,Sale
536743,22745,POPPY'S PLAYHOUSE BEDROOM,12/2/2010,1,2.1,2.1,17964,United Kingdom,Sale
536743,22983,CARD BILLBOARD FONT,12/2/2010,12,0.42,5.04,17964,United Kingdom,Sale
536743,21914,BLUE HARMONICA IN BOX,12/2/2010,1,1.25,1.25,17964,United Kingdom,Sale
536743,22986,WRAP GINGHAM ROSE,12/2/2010,25,0.42,10.5,17964,United Kingdom,Sale
536743,21731,RED TOADSTOOL LED NIGHT LIGHT,12/2/2010,3,1.65,4.95,17964,United Kingdom,Sale
536743,20984,12 PENCILS TALL TUBE POSY,12/2/2010,2,0.85,1.7,17964,United Kingdom,Sale
536743,22436,12 COLOURED PARTY BALLOONS,12/2/2010,10,0.65,6.5,17964,United Kingdom,Sale
536743,21465,PINK FLOWER CROCHET FOOD COVER,12/2/2010,1,3.75,3.75,17964,United Kingdom,Sale
536743,21470,FLOWER VINE RAFFIA FOOD COVER,12/2/2010,1,3.75,3.75,17964,United Kingdom,Sale
536743,22622,BOX OF VINTAGE ALPHABET BLOCKS,12/2/2010,2,9.95,19.9,17964,United Kingdom,Sale
536743,16012,FOOD/DRINK SPONGE STICKERS,12/2/2010,24,0.21,5.04,17964,United Kingdom,Sale
536743,85135B,BLUE DRAGONFLY HELICOPTER,12/2/2010,1,7.95,7.95,17964,United Kingdom,Sale
536743,22551,PLASTERS IN TIN SPACEBOY,12/2/2010,1,1.65,1.65,17964,United Kingdom,Sale
536743,85025C,PINK HEART SHAPE PHOTO FRAME,12/2/2010,2,1.65,3.3,17964,United Kingdom,Sale
536743,21918,SET 12 KIDS COLOUR  CHALK STICKS,12/2/2010,1,0.42,0.42,17964,United Kingdom,Sale
536743,21851,LILAC DIAMANTE PEN IN GIFT BOX,12/2/2010,1,4.95,4.95,17964,United Kingdom,Sale
536743,21849,SILVER DIAMANTE PEN IN GIFT BOX,12/2/2010,1,4.95,4.95,17964,United Kingdom,Sale
536743,22729,ALARM CLOCK BAKELIKE ORANGE,12/2/2010,1,3.75,3.75,17964,United Kingdom,Sale
536743,21889,WOODEN BOX OF DOMINOES,12/2/2010,1,1.25,1.25,17964,United Kingdom,Sale
536743,85124B,BLUE JUICY FRUIT PHOTO FRAME,12/2/2010,1,2.55,2.55,17964,United Kingdom,Sale
536743,85124C,GREEN JUICY FRUIT PHOTO FRAME,12/2/2010,1,2.55,2.55,17964,United Kingdom,Sale
536743,20828,GLITTER BUTTERFLY CLIPS,12/2/2010,2,2.55,5.1,17964,United Kingdom,Sale
536743,22554,PLASTERS IN TIN WOODLAND ANIMALS,12/2/2010,2,1.65,3.3,17964,United Kingdom,Sale
536743,22653,BUTTON BOX,12/2/2010,2,1.95,3.9,17964,United Kingdom,Sale
536743,21830,ASSORTED CREEPY CRAWLIES,12/2/2010,48,0.42,20.16,17964,United Kingdom,Sale
536743,21623,VINTAGE UNION JACK MEMOBOARD,12/2/2010,2,9.95,19.9,17964,United Kingdom,Sale
536743,22785,SQUARECUSHION COVER PINK UNION,12/2/2010,2,6.75,13.5,17964,United Kingdom,Sale
536743,22654,DELUXE SEWING KIT,12/2/2010,5,5.95,29.75,17964,United Kingdom,Sale
536743,84949,SILVER HANGING T-LIGHT HOLDER,12/2/2010,6,1.65,9.9,17964,United Kingdom,Sale
536743,22800,ANTIQUE TALL SWIRLGLASS TRINKET POT,12/2/2010,4,3.75,15,17964,United Kingdom,Sale
536744,22898,CHILDRENS APRON APPLES DESIGN,12/2/2010,25,1.95,48.75,14466,United Kingdom,Sale
536744,47591D,PINK FAIRY CAKE CHILDRENS APRON,12/2/2010,50,1.65,82.5,14466,United Kingdom,Sale
536744,21156,RETROSPOT CHILDRENS APRON,12/2/2010,25,1.95,48.75,14466,United Kingdom,Sale
536744,22367,CHILDRENS APRON SPACEBOY DESIGN,12/2/2010,10,1.95,19.5,14466,United Kingdom,Sale
536744,22955,36 FOIL STAR CAKE CASES,12/2/2010,6,2.1,12.6,14466,United Kingdom,Sale
536744,22956,36 FOIL HEART CAKE CASES,12/2/2010,6,2.1,12.6,14466,United Kingdom,Sale
536744,21625,VINTAGE UNION JACK APRON,12/2/2010,6,6.95,41.7,14466,United Kingdom,Sale
536744,22423,REGENCY CAKESTAND 3 TIER,12/2/2010,6,12.75,76.5,14466,United Kingdom,Sale
536744,21843,RED RETROSPOT CAKE STAND,12/2/2010,2,10.95,21.9,14466,United Kingdom,Sale
536744,22839,3 TIER CAKE TIN GREEN AND CREAM,12/2/2010,1,14.95,14.95,14466,United Kingdom,Sale
536745,22738,RIBBON REEL SNOWY VILLAGE,12/2/2010,30,1.65,49.5,17235,United Kingdom,Sale
536745,21430,SET/3 RED GINGHAM ROSE STORAGE BOX,12/2/2010,8,3.75,30,17235,United Kingdom,Sale
536745,85184C,SET 4 VALENTINE DECOUPAGE HEART BOX,12/2/2010,12,2.95,35.4,17235,United Kingdom,Sale
536745,20749,ASSORTED COLOUR MINI CASES,12/2/2010,8,7.95,63.6,17235,United Kingdom,Sale
536745,20750,RED RETROSPOT MINI CASES,12/2/2010,8,7.95,63.6,17235,United Kingdom,Sale
536745,22077,6 RIBBONS RUSTIC CHARM,12/2/2010,24,1.65,39.6,17235,United Kingdom,Sale
536745,22736,RIBBON REEL MAKING SNOWMEN,12/2/2010,10,1.65,16.5,17235,United Kingdom,Sale
536745,22737,RIBBON REEL CHRISTMAS PRESENT,12/2/2010,10,1.65,16.5,17235,United Kingdom,Sale
536745,21428,SET3 BOOK BOX GREEN GINGHAM FLOWER,12/2/2010,4,4.25,17,17235,United Kingdom,Sale
536745,85177,BASKET OF FLOWERS SEWING KIT,12/2/2010,12,0.85,10.2,17235,United Kingdom,Sale
536746,22768,FAMILY PHOTO FRAME CORNICE,12/2/2010,2,9.95,19.9,16510,United Kingdom,Sale
536746,22795,SWEETHEART RECIPE BOOK STAND,12/2/2010,4,6.75,27,16510,United Kingdom,Sale
536746,22914,BLUE COAT RACK PARIS FASHION,12/2/2010,3,4.95,14.85,16510,United Kingdom,Sale
536746,22969,HOMEMADE JAM SCENTED CANDLES,12/2/2010,12,1.45,17.4,16510,United Kingdom,Sale
536746,21259,VICTORIAN SEWING BOX SMALL,12/2/2010,2,5.95,11.9,16510,United Kingdom,Sale
536746,21258,VICTORIAN SEWING BOX LARGE,12/2/2010,1,12.75,12.75,16510,United Kingdom,Sale
536746,84947,ANTIQUE SILVER TEA GLASS ENGRAVED,12/2/2010,12,1.25,15,16510,United Kingdom,Sale
536746,84946,ANTIQUE SILVER T-LIGHT GLASS,12/2/2010,24,1.25,30,16510,United Kingdom,Sale
536746,22169,FAMILY ALBUM WHITE PICTURE FRAME,12/2/2010,2,8.5,17,16510,United Kingdom,Sale
536746,22767,TRIPLE PHOTO FRAME CORNICE,12/2/2010,2,9.95,19.9,16510,United Kingdom,Sale
536746,21587,COSY HOUR GIANT TUBE MATCHES,12/2/2010,12,2.55,30.6,16510,United Kingdom,Sale
536746,22082,RIBBON REEL STRIPES DESIGN,12/2/2010,10,1.65,16.5,16510,United Kingdom,Sale
536746,22604,SET OF 4 NAPKIN CHARMS CUTLERY,12/2/2010,6,2.55,15.3,16510,United Kingdom,Sale
536747,16156S,WRAP PINK FAIRY CAKES,12/2/2010,25,0.42,10.5,17802,United Kingdom,Sale
536747,85049G,CHOCOLATE BOX RIBBONS,12/2/2010,3,1.25,3.75,17802,United Kingdom,Sale
536747,85049C,ROMANTIC PINKS RIBBONS,12/2/2010,3,1.25,3.75,17802,United Kingdom,Sale
536747,85049E,SCANDINAVIAN REDS RIBBONS,12/2/2010,3,1.25,3.75,17802,United Kingdom,Sale
536747,85049F,BABY BOOM RIBBONS,12/2/2010,3,1.25,3.75,17802,United Kingdom,Sale
536747,85049A,TRADITIONAL CHRISTMAS RIBBONS,12/2/2010,3,1.25,3.75,17802,United Kingdom,Sale
536747,85049H,URBAN BLACK RIBBONS,12/2/2010,3,1.25,3.75,17802,United Kingdom,Sale
536747,22866,HAND WARMER SCOTTY DOG DESIGN,12/2/2010,6,2.1,12.6,17802,United Kingdom,Sale
536747,22865,HAND WARMER OWL DESIGN,12/2/2010,8,2.1,16.8,17802,United Kingdom,Sale
536747,22834,HAND WARMER BABUSHKA DESIGN,12/2/2010,6,2.1,12.6,17802,United Kingdom,Sale
536747,22633,HAND WARMER UNION JACK,12/2/2010,6,2.1,12.6,17802,United Kingdom,Sale
536747,22632,HAND WARMER RED RETROSPOT,12/2/2010,6,2.1,12.6,17802,United Kingdom,Sale
536748,84945,MULTI COLOUR SILVER T-LIGHT HOLDER,12/2/2010,12,0.85,10.2,15107,United Kingdom,Sale
536748,22191,IVORY DINER WALL CLOCK,12/2/2010,6,8.5,51,15107,United Kingdom,Sale
536748,72760B,VINTAGE CREAM 3 BASKET CAKE STAND,12/2/2010,2,9.95,19.9,15107,United Kingdom,Sale
536748,22634,CHILDS BREAKFAST SET SPACEBOY,12/2/2010,2,9.95,19.9,15107,United Kingdom,Sale
536748,22426,ENAMEL WASH BOWL CREAM,12/2/2010,4,3.75,15,15107,United Kingdom,Sale
536749,84029G,KNITTED UNION FLAG HOT WATER BOTTLE,12/2/2010,1,3.75,3.75,17976,United Kingdom,Sale
536749,20975,12 PENCILS SMALL TUBE RED RETROSPOT,12/2/2010,1,0.65,0.65,17976,United Kingdom,Sale
536749,84029E,RED WOOLLY HOTTIE WHITE HEART,12/2/2010,1,3.75,3.75,17976,United Kingdom,Sale
536749,22190,LOCAL CAFE MUG,12/2/2010,1,2.1,2.1,17976,United Kingdom,Sale
536749,90082D,DIAMANTE BOW BROOCH BLACK COLOUR,12/2/2010,4,6.35,25.4,17976,United Kingdom,Sale
536749,90082A,DIAMANTE BOW BROOCH GREEN COLOUR,12/2/2010,5,6.35,31.75,17976,United Kingdom,Sale
536749,90082B,DIAMANTE BOW BROOCH RED COLOUR,12/2/2010,5,6.35,31.75,17976,United Kingdom,Sale
536749,90081A,LILY BROOCH AMETHYST COLOUR,12/2/2010,1,4.95,4.95,17976,United Kingdom,Sale
536749,90204,PAIR OF ENAMEL BUTTERFLY HAIRCLIP,12/2/2010,1,3.35,3.35,17976,United Kingdom,Sale
536749,90185B,AMETHYST DIAMANTE EXPANDABLE RING,12/2/2010,1,4.25,4.25,17976,United Kingdom,Sale
536749,90185C,BLACK DIAMANTE EXPANDABLE RING,12/2/2010,1,4.25,4.25,17976,United Kingdom,Sale
536749,90195A,PURPLE GEMSTONE BRACELET,12/2/2010,1,8.95,8.95,17976,United Kingdom,Sale
536749,90195B,BLACK GEMSTONE BRACELET,12/2/2010,1,8.95,8.95,17976,United Kingdom,Sale
536749,90196A,PURPLE GEMSTONE NECKLACE 45CM,12/2/2010,1,12.75,12.75,17976,United Kingdom,Sale
536749,90199A,5 STRAND GLASS NECKLACE BLACK,12/2/2010,2,6.35,12.7,17976,United Kingdom,Sale
536749,90177C,DROP DIAMANTE EARRINGS CRYSTAL,12/2/2010,1,2.95,2.95,17976,United Kingdom,Sale
536749,90186A,AMETHYST HOOP EARRING FLORAL LEAF,12/2/2010,1,2.95,2.95,17976,United Kingdom,Sale
536749,22379,RECYCLING BAG RETROSPOT,12/2/2010,1,2.1,2.1,17976,United Kingdom,Sale
536749,20894,HANGING BAUBLE T-LIGHT HOLDER LARGE,12/2/2010,3,2.95,8.85,17976,United Kingdom,Sale
536749,85106,CUT GLASS HEXAGON T-LIGHT HOLDER,12/2/2010,2,2.55,5.1,17976,United Kingdom,Sale
536749,35271S,GOLD PRINT PAPER BAG,12/2/2010,5,0.19,0.95,17976,United Kingdom,Sale
536749,22480,RED TEA TOWEL CLASSIC DESIGN,12/2/2010,4,1.25,5,17976,United Kingdom,Sale
536749,21415,CLAM SHELL SMALL,12/2/2010,2,2.1,4.2,17976,United Kingdom,Sale
536749,20679,EDWARDIAN PARASOL RED,12/2/2010,2,5.95,11.9,17976,United Kingdom,Sale
536749,21034,REX CASH+CARRY JUMBO SHOPPER,12/2/2010,3,0.95,2.85,17976,United Kingdom,Sale
536749,85106,CUT GLASS HEXAGON T-LIGHT HOLDER,12/2/2010,2,2.55,5.1,17976,United Kingdom,Sale
536749,21415,CLAM SHELL SMALL,12/2/2010,2,2.1,4.2,17976,United Kingdom,Sale
536749,22752,SET 7 BABUSHKA NESTING BOXES,12/2/2010,1,8.5,8.5,17976,United Kingdom,Sale
536749,22441,GROW YOUR OWN BASIL IN ENAMEL MUG,12/2/2010,1,2.1,2.1,17976,United Kingdom,Sale
536749,21710,FOLDING UMBRELLA PINKWHITE POLKADOT,12/2/2010,1,4.95,4.95,17976,United Kingdom,Sale
536749,22174,PHOTO CUBE,12/2/2010,2,1.65,3.3,17976,United Kingdom,Sale
536749,21212,PACK OF 72 RETROSPOT CAKE CASES,12/2/2010,2,0.55,1.1,17976,United Kingdom,Sale
536749,22943,CHRISTMAS LIGHTS 10 VINTAGE BAUBLES,12/2/2010,1,4.95,4.95,17976,United Kingdom,Sale
536749,21416,CLAM SHELL LARGE,12/2/2010,1,3.75,3.75,17976,United Kingdom,Sale
536749,22750,FELTCRAFT PRINCESS LOLA DOLL,12/2/2010,1,3.75,3.75,17976,United Kingdom,Sale
536749,21417,COCKLE SHELL DISH,12/2/2010,1,2.1,2.1,17976,United Kingdom,Sale
536749,22371,AIRLINE BAG VINTAGE TOKYO 78,12/2/2010,1,4.25,4.25,17976,United Kingdom,Sale
536749,22174,PHOTO CUBE,12/2/2010,2,1.65,3.3,17976,United Kingdom,Sale
536749,22343,PARTY PIZZA DISH RED RETROSPOT,12/2/2010,6,0.85,5.1,17976,United Kingdom,Sale
536749,22474,SPACEBOY TV DINNER TRAY,12/2/2010,1,4.95,4.95,17976,United Kingdom,Sale
536749,20969,RED FLORAL FELTCRAFT SHOULDER BAG,12/2/2010,1,3.75,3.75,17976,United Kingdom,Sale
536749,22371,AIRLINE BAG VINTAGE TOKYO 78,12/2/2010,2,4.25,8.5,17976,United Kingdom,Sale
536749,22472,TV DINNER TRAY DOLLY GIRL,12/2/2010,1,4.95,4.95,17976,United Kingdom,Sale
536749,15056N,EDWARDIAN PARASOL NATURAL,12/2/2010,1,5.95,5.95,17976,United Kingdom,Sale
536749,21154,RED RETROSPOT OVEN GLOVE,12/2/2010,1,1.25,1.25,17976,United Kingdom,Sale
536749,84347,ROTATING SILVER ANGELS T-LIGHT HLDR,12/2/2010,1,2.55,2.55,17976,United Kingdom,Sale
536749,22441,GROW YOUR OWN BASIL IN ENAMEL MUG,12/2/2010,1,2.1,2.1,17976,United Kingdom,Sale
536749,18097A,PINK TALL PORCELAIN T-LIGHT HOLDER,12/2/2010,1,2.55,2.55,17976,United Kingdom,Sale
536749,18097C,WHITE TALL PORCELAIN T-LIGHT HOLDER,12/2/2010,1,2.55,2.55,17976,United Kingdom,Sale
536749,22472,TV DINNER TRAY DOLLY GIRL,12/2/2010,1,4.95,4.95,17976,United Kingdom,Sale
536749,22866,HAND WARMER SCOTTY DOG DESIGN,12/2/2010,1,2.1,2.1,17976,United Kingdom,Sale
536749,21415,CLAM SHELL SMALL,12/2/2010,2,2.1,4.2,17976,United Kingdom,Sale
536749,22867,HAND WARMER BIRD DESIGN,12/2/2010,1,2.1,2.1,17976,United Kingdom,Sale
536749,22633,HAND WARMER UNION JACK,12/2/2010,2,2.1,4.2,17976,United Kingdom,Sale
536749,22667,RECIPE BOX RETROSPOT,12/2/2010,1,2.95,2.95,17976,United Kingdom,Sale
536749,20914,SET/5 RED RETROSPOT LID GLASS BOWLS,12/2/2010,1,2.95,2.95,17976,United Kingdom,Sale
536749,21429,RED GINGHAM ROSE JEWELLERY BOX,12/2/2010,2,1.65,3.3,17976,United Kingdom,Sale
536749,84879,ASSORTED COLOUR BIRD ORNAMENT,12/2/2010,1,1.69,1.69,17976,United Kingdom,Sale
536749,85123A,WHITE HANGING HEART T-LIGHT HOLDER,12/2/2010,1,2.95,2.95,17976,United Kingdom,Sale
536749,22900,SET 2 TEA TOWELS I LOVE LONDON,12/2/2010,1,2.95,2.95,17976,United Kingdom,Sale
536749,22174,PHOTO CUBE,12/2/2010,2,1.65,3.3,17976,United Kingdom,Sale
536749,22664,TOY TIDY DOLLY GIRL DESIGN,12/2/2010,1,2.1,2.1,17976,United Kingdom,Sale
536749,22371,AIRLINE BAG VINTAGE TOKYO 78,12/2/2010,1,4.25,4.25,17976,United Kingdom,Sale
536749,20967,GREY FLORAL FELTCRAFT SHOULDER BAG,12/2/2010,1,3.75,3.75,17976,United Kingdom,Sale
536749,22569,FELTCRAFT CUSHION BUTTERFLY,12/2/2010,1,3.75,3.75,17976,United Kingdom,Sale
536750,85123A,WHITE HANGING HEART T-LIGHT HOLDER,12/2/2010,12,2.55,30.6,17850,United Kingdom,Sale
536750,71053,WHITE METAL LANTERN,12/2/2010,12,3.39,40.68,17850,United Kingdom,Sale
536750,84406B,CREAM CUPID HEARTS COAT HANGER,12/2/2010,6,2.75,16.5,17850,United Kingdom,Sale
536750,15056BL,EDWARDIAN PARASOL BLACK,12/2/2010,6,4.95,29.7,17850,United Kingdom,Sale
536750,20679,EDWARDIAN PARASOL RED,12/2/2010,6,4.95,29.7,17850,United Kingdom,Sale
536750,37370,RETRO COFFEE MUGS ASSORTED,12/2/2010,6,1.06,6.36,17850,United Kingdom,Sale
536750,21871,SAVE THE PLANET MUG,12/2/2010,6,1.06,6.36,17850,United Kingdom,Sale
536750,21071,VINTAGE BILLBOARD DRINK ME MUG,12/2/2010,6,1.06,6.36,17850,United Kingdom,Sale
536750,21068,VINTAGE BILLBOARD LOVE/HATE MUG,12/2/2010,6,1.06,6.36,17850,United Kingdom,Sale
536750,82483,WOOD 2 DRAWER CABINET WHITE FINISH,12/2/2010,4,4.95,19.8,17850,United Kingdom,Sale
536750,82486,WOOD S/3 CABINET ANT WHITE FINISH,12/2/2010,4,6.95,27.8,17850,United Kingdom,Sale
536750,82482,WOODEN PICTURE FRAME WHITE FINISH,12/2/2010,6,2.1,12.6,17850,United Kingdom,Sale
536750,82494L,WOODEN FRAME ANTIQUE WHITE,12/2/2010,6,2.55,15.3,17850,United Kingdom,Sale
536750,22411,JUMBO SHOPPER VINTAGE RED PAISLEY,12/2/2010,6,1.65,9.9,17850,United Kingdom,Sale
536750,84029G,KNITTED UNION FLAG HOT WATER BOTTLE,12/2/2010,6,3.39,20.34,17850,United Kingdom,Sale
536750,84029E,RED WOOLLY HOTTIE WHITE HEART,12/2/2010,6,3.39,20.34,17850,United Kingdom,Sale
536750,22752,SET 7 BABUSHKA NESTING BOXES,12/2/2010,4,7.65,30.6,17850,United Kingdom,Sale
536750,22803,IVORY EMBROIDERED QUILT,12/2/2010,2,35.75,71.5,17850,United Kingdom,Sale
536750,21730,GLASS STAR FROSTED T-LIGHT HOLDER,12/2/2010,8,4.25,34,17850,United Kingdom,Sale
536751,22632,HAND WARMER RED RETROSPOT,12/2/2010,6,1.85,11.1,17850,United Kingdom,Sale
536751,22633,HAND WARMER UNION JACK,12/2/2010,6,1.85,11.1,17850,United Kingdom,Sale
536752,85123A,WHITE HANGING HEART T-LIGHT HOLDER,12/2/2010,6,2.55,15.3,17850,United Kingdom,Sale
536752,71053,WHITE METAL LANTERN,12/2/2010,6,3.39,20.34,17850,United Kingdom,Sale
536752,84406B,CREAM CUPID HEARTS COAT HANGER,12/2/2010,6,2.75,16.5,17850,United Kingdom,Sale
536752,15056BL,EDWARDIAN PARASOL BLACK,12/2/2010,6,4.95,29.7,17850,United Kingdom,Sale
536752,20679,EDWARDIAN PARASOL RED,12/2/2010,6,4.95,29.7,17850,United Kingdom,Sale
536752,37370,RETRO COFFEE MUGS ASSORTED,12/2/2010,6,1.06,6.36,17850,United Kingdom,Sale
536752,21871,SAVE THE PLANET MUG,12/2/2010,6,1.06,6.36,17850,United Kingdom,Sale
536752,21071,VINTAGE BILLBOARD DRINK ME MUG,12/2/2010,6,1.06,6.36,17850,United Kingdom,Sale
536752,21068,VINTAGE BILLBOARD LOVE/HATE MUG,12/2/2010,6,1.06,6.36,17850,United Kingdom,Sale
536752,82483,WOOD 2 DRAWER CABINET WHITE FINISH,12/2/2010,4,4.95,19.8,17850,United Kingdom,Sale
536752,82486,WOOD S/3 CABINET ANT WHITE FINISH,12/2/2010,4,6.95,27.8,17850,United Kingdom,Sale
536752,82482,WOODEN PICTURE FRAME WHITE FINISH,12/2/2010,6,2.1,12.6,17850,United Kingdom,Sale
536752,82494L,WOODEN FRAME ANTIQUE WHITE,12/2/2010,6,2.55,15.3,17850,United Kingdom,Sale
536752,22411,JUMBO SHOPPER VINTAGE RED PAISLEY,12/2/2010,6,1.65,9.9,17850,United Kingdom,Sale
536752,84029G,KNITTED UNION FLAG HOT WATER BOTTLE,12/2/2010,6,3.39,20.34,17850,United Kingdom,Sale
536752,84029E,RED WOOLLY HOTTIE WHITE HEART,12/2/2010,6,3.39,20.34,17850,United Kingdom,Sale
536752,22752,SET 7 BABUSHKA NESTING BOXES,12/2/2010,4,7.65,30.6,17850,United Kingdom,Sale
536752,22803,IVORY EMBROIDERED QUILT,12/2/2010,2,35.75,71.5,17850,United Kingdom,Sale
536752,21730,GLASS STAR FROSTED T-LIGHT HOLDER,12/2/2010,6,4.25,25.5,17850,United Kingdom,Sale
536753,22632,HAND WARMER RED RETROSPOT,12/2/2010,6,1.85,11.1,17850,United Kingdom,Sale
536753,22633,HAND WARMER UNION JACK,12/2/2010,6,1.85,11.1,17850,United Kingdom,Sale
536754,22988,SOLDIERS EGG CUP,12/2/2010,2,1.25,2.5,14449,United Kingdom,Sale
536754,22975,SPACEBOY CHILDRENS EGG CUP,12/2/2010,2,1.25,2.5,14449,United Kingdom,Sale
536754,22976,CIRCUS PARADE CHILDRENS EGG CUP,12/2/2010,2,1.25,2.5,14449,United Kingdom,Sale
536754,22977,DOLLY GIRL CHILDRENS EGG CUP,12/2/2010,2,1.25,2.5,14449,United Kingdom,Sale
536754,21137,BLACK RECORD COVER FRAME,12/2/2010,1,3.75,3.75,14449,United Kingdom,Sale
536754,22470,HEART OF WICKER LARGE,12/2/2010,4,2.95,11.8,14449,United Kingdom,Sale
536754,84754,S/15 SILVER GLASS BAUBLES IN BAG,12/2/2010,1,1.25,1.25,14449,United Kingdom,Sale
536754,22296,HEART IVORY TRELLIS LARGE,12/2/2010,5,1.65,8.25,14449,United Kingdom,Sale
536754,21899,GARAGE KEY FOB,12/2/2010,4,0.65,2.6,14449,United Kingdom,Sale
536754,22972,CHILDREN'S SPACEBOY MUG,12/2/2010,2,1.65,3.3,14449,United Kingdom,Sale
536754,22335,HEART DECORATION PAINTED ZINC,12/2/2010,10,0.65,6.5,14449,United Kingdom,Sale
536754,21911,GARDEN METAL SIGN,12/2/2010,1,1.65,1.65,14449,United Kingdom,Sale
536754,21902,"KEY FOB , FRONT  DOOR",12/2/2010,4,0.65,2.6,14449,United Kingdom,Sale
536754,21901,"KEY FOB , BACK DOOR",12/2/2010,4,0.65,2.6,14449,United Kingdom,Sale
536754,21948,SET OF 6 CAKE CHOPSTICKS,12/2/2010,1,1.25,1.25,14449,United Kingdom,Sale
536754,21949,SET OF 6 STRAWBERRY CHOPSTICKS,12/2/2010,1,1.25,1.25,14449,United Kingdom,Sale
536754,22558,CLOTHES PEGS RETROSPOT PACK 24,12/2/2010,1,1.49,1.49,14449,United Kingdom,Sale
536754,20759,CHRYSANTHEMUM POCKET BOOK,12/2/2010,1,0.85,0.85,14449,United Kingdom,Sale
536754,20760,GARDEN PATH POCKET BOOK,12/2/2010,1,0.85,0.85,14449,United Kingdom,Sale
536754,20757,RED DAISY POCKET BOOK,12/2/2010,1,0.85,0.85,14449,United Kingdom,Sale
536754,20755,BLUE PAISLEY POCKET BOOK,12/2/2010,1,0.85,0.85,14449,United Kingdom,Sale
536754,22418,10 COLOUR SPACEBOY PEN,12/2/2010,12,0.85,10.2,14449,United Kingdom,Sale
536754,20981,12 PENCILS TALL TUBE WOODLAND,12/2/2010,3,0.85,2.55,14449,United Kingdom,Sale
536754,22652,TRAVEL SEWING KIT,12/2/2010,2,1.65,3.3,14449,United Kingdom,Sale
536754,22553,PLASTERS IN TIN SKULLS,12/2/2010,1,1.65,1.65,14449,United Kingdom,Sale
536754,22953,BIRTHDAY PARTY CORDON BARRIER TAPE,12/2/2010,1,1.25,1.25,14449,United Kingdom,Sale
536754,21544,SKULLS  WATER TRANSFER TATTOOS,12/2/2010,10,0.85,8.5,14449,United Kingdom,Sale
536754,22198,LARGE POPCORN HOLDER,12/2/2010,2,1.65,3.3,14449,United Kingdom,Sale
536754,22197,POPCORN HOLDER,12/2/2010,3,0.85,2.55,14449,United Kingdom,Sale
536754,20974,12 PENCILS SMALL TUBE SKULL,12/2/2010,6,0.65,3.9,14449,United Kingdom,Sale
536754,20967,GREY FLORAL FELTCRAFT SHOULDER BAG,12/2/2010,2,3.75,7.5,14449,United Kingdom,Sale
536754,22570,FELTCRAFT CUSHION RABBIT,12/2/2010,1,3.75,3.75,14449,United Kingdom,Sale
536754,22274,FELTCRAFT DOLL EMILY,12/2/2010,3,2.95,8.85,14449,United Kingdom,Sale
536754,22743,MAKE YOUR OWN FLOWERPOWER CARD KIT,12/2/2010,1,2.95,2.95,14449,United Kingdom,Sale
536754,20971,PINK BLUE FELT CRAFT TRINKET BOX,12/2/2010,3,1.25,3.75,14449,United Kingdom,Sale
536754,85185D,FROG SOCK PUPPET,12/2/2010,1,2.95,2.95,14449,United Kingdom,Sale
536754,85185B,PINK HORSE SOCK PUPPET,12/2/2010,1,2.95,2.95,14449,United Kingdom,Sale
536754,22150,3 STRIPEY MICE FELTCRAFT,12/2/2010,2,1.95,3.9,14449,United Kingdom,Sale
536754,22147,FELTCRAFT BUTTERFLY HEARTS,12/2/2010,4,1.45,5.8,14449,United Kingdom,Sale
536754,22088,PAPER BUNTING COLOURED LACE,12/2/2010,2,2.95,5.9,14449,United Kingdom,Sale
536754,22384,LUNCH BAG PINK POLKADOT,12/2/2010,3,1.65,4.95,14449,United Kingdom,Sale
536754,20727,LUNCH BAG  BLACK SKULL,12/2/2010,3,1.65,4.95,14449,United Kingdom,Sale
536754,22867,HAND WARMER BIRD DESIGN,12/2/2010,3,2.1,6.3,14449,United Kingdom,Sale
536754,22834,HAND WARMER BABUSHKA DESIGN,12/2/2010,5,2.1,10.5,14449,United Kingdom,Sale
536754,22633,HAND WARMER UNION JACK,12/2/2010,4,2.1,8.4,14449,United Kingdom,Sale
536754,22383,LUNCH BAG SUKI DESIGN,12/2/2010,5,1.65,8.25,14449,United Kingdom,Sale
536754,20726,LUNCH BAG WOODLAND,12/2/2010,3,1.65,4.95,14449,United Kingdom,Sale
536754,22328,ROUND SNACK BOXES SET OF 4 FRUITS,12/2/2010,1,2.95,2.95,14449,United Kingdom,Sale
536754,22326,ROUND SNACK BOXES SET OF4 WOODLAND,12/2/2010,2,2.95,5.9,14449,United Kingdom,Sale
536754,22327,ROUND SNACK BOXES SET OF 4 SKULLS,12/2/2010,2,2.95,5.9,14449,United Kingdom,Sale
536755,21992,VINTAGE PAISLEY STATIONERY SET,12/2/2010,1,2.95,2.95,,United Kingdom,Sale
536755,21993,FLORAL FOLK STATIONERY SET,12/2/2010,1,2.95,2.95,,United Kingdom,Sale
536755,84870B,BLUE GEISHA GIRL,12/2/2010,1,3.75,3.75,,United Kingdom,Sale
536755,84870C,GREEN GEISHA GIRL,12/2/2010,1,3.75,3.75,,United Kingdom,Sale
536755,22867,HAND WARMER BIRD DESIGN,12/2/2010,1,2.1,2.1,,United Kingdom,Sale
536755,22865,HAND WARMER OWL DESIGN,12/2/2010,1,2.1,2.1,,United Kingdom,Sale
536755,90200D,PINK SWEETHEART BRACELET,12/2/2010,1,4.25,4.25,,United Kingdom,Sale
536755,90200A,PURPLE SWEETHEART BRACELET,12/2/2010,1,4.25,4.25,,United Kingdom,Sale
536755,22551,PLASTERS IN TIN SPACEBOY,12/2/2010,1,1.65,1.65,,United Kingdom,Sale
536755,22629,SPACEBOY LUNCH BOX,12/2/2010,1,1.95,1.95,,United Kingdom,Sale
536755,22972,CHILDREN'S SPACEBOY MUG,12/2/2010,1,1.65,1.65,,United Kingdom,Sale
536755,22975,SPACEBOY CHILDRENS EGG CUP,12/2/2010,1,1.25,1.25,,United Kingdom,Sale
536755,22109,FULL ENGLISH BREAKFAST PLATE,12/2/2010,1,3.75,3.75,,United Kingdom,Sale
536755,22838,3 TIER CAKE TIN RED AND CREAM,12/2/2010,1,14.95,14.95,,United Kingdom,Sale
536755,22895,SET OF 2 TEA TOWELS APPLE AND PEARS,12/2/2010,1,2.95,2.95,,United Kingdom,Sale
536756,22863,SOAP DISH BROCANTE,12/2/2010,1,2.95,2.95,,United Kingdom,Sale
536756,22968,ROSE COTTAGE KEEPSAKE BOX,12/2/2010,1,9.95,9.95,,United Kingdom,Sale
536756,22945,CHRISTMAS METAL TAGS ASSORTED,12/2/2010,1,0.85,0.85,,United Kingdom,Sale
536756,21902,"KEY FOB , FRONT  DOOR",12/2/2010,2,0.65,1.3,,United Kingdom,Sale
536756,10002,INFLATABLE POLITICAL GLOBE,12/2/2010,1,0.85,0.85,,United Kingdom,Sale
536756,22943,CHRISTMAS LIGHTS 10 VINTAGE BAUBLES,12/2/2010,1,4.95,4.95,,United Kingdom,Sale
536756,85014A,BLACK/BLUE POLKADOT UMBRELLA,12/2/2010,1,5.95,5.95,,United Kingdom,Sale
536756,22197,POPCORN HOLDER,12/2/2010,3,0.85,2.55,,United Kingdom,Sale
536756,84946,ANTIQUE SILVER T-LIGHT GLASS,12/2/2010,1,1.25,1.25,,United Kingdom,Sale
536756,22897,OVEN MITT APPLES DESIGN,12/2/2010,1,1.45,1.45,,United Kingdom,Sale
536756,22325,MOBILE VINTAGE HEARTS,12/2/2010,1,4.95,4.95,,United Kingdom,Sale
536756,22895,SET OF 2 TEA TOWELS APPLE AND PEARS,12/2/2010,1,2.95,2.95,,United Kingdom,Sale
536756,21349,IVY HEART WREATH,12/2/2010,1,6.75,6.75,,United Kingdom,Sale
536756,48173C,DOORMAT BLACK FLOCK,12/2/2010,1,7.95,7.95,,United Kingdom,Sale
536756,22086,PAPER CHAIN KIT 50'S CHRISTMAS,12/2/2010,1,2.95,2.95,,United Kingdom,Sale
536756,21488,RED WHITE SCARF  HOT WATER BOTTLE,12/2/2010,1,3.95,3.95,,United Kingdom,Sale
536756,22909,SET OF 20 VINTAGE CHRISTMAS NAPKINS,12/2/2010,1,0.85,0.85,,United Kingdom,Sale
536756,22910,PAPER CHAIN KIT VINTAGE CHRISTMAS,12/2/2010,1,2.95,2.95,,United Kingdom,Sale
536756,22439,6 ROCKET BALLOONS,12/2/2010,2,0.65,1.3,,United Kingdom,Sale
C536757,84347,ROTATING SILVER ANGELS T-LIGHT HLDR,12/2/2010,-9360,0.03,-280.8,15838,United Kingdom,Return
C536758,21314,SMALL GLASS HEART TRINKET POT,12/2/2010,-1,2.1,-2.1,13767,United Kingdom,Return
536759,48111,DOORMAT 3 SMILEY CATS,12/2/2010,4,7.95,31.8,16781,United Kingdom,Sale
536759,82484,WOOD BLACK BOARD ANT WHITE FINISH,12/2/2010,3,6.45,19.35,16781,United Kingdom,Sale
536759,22296,HEART IVORY TRELLIS LARGE,12/2/2010,12,1.65,19.8,16781,United Kingdom,Sale
536759,22183,CAKE STAND VICTORIAN FILIGREE MED,12/2/2010,3,6.75,20.25,16781,United Kingdom,Sale
536759,79164,BLACK WINE GLASS,12/2/2010,12,1.65,19.8,16781,United Kingdom,Sale
536759,84683,CLASSICAL ROSE CANDLESTAND,12/2/2010,24,1.25,30,16781,United Kingdom,Sale
536759,82486,WOOD S/3 CABINET ANT WHITE FINISH,12/2/2010,2,7.95,15.9,16781,United Kingdom,Sale
536759,21781,MA CAMPAGNE CUTLERY BOX,12/2/2010,1,14.95,14.95,16781,United Kingdom,Sale
536759,21745,GAOLERS KEYS DECORATIVE GARDEN,12/2/2010,4,3.75,15,16781,United Kingdom,Sale
536759,21257,VICTORIAN SEWING BOX MEDIUM,12/2/2010,2,7.95,15.9,16781,United Kingdom,Sale
536759,82494L,WOODEN FRAME ANTIQUE WHITE,12/2/2010,6,2.95,17.7,16781,United Kingdom,Sale
536759,79163,BLACK CHAMPAGNE GLASS,12/2/2010,12,1.65,19.8,16781,United Kingdom,Sale
536759,21844,RED RETROSPOT MUG,12/2/2010,6,2.95,17.7,16781,United Kingdom,Sale
536759,20828,GLITTER BUTTERFLY CLIPS,12/2/2010,6,2.55,15.3,16781,United Kingdom,Sale
536759,22924,FRIDGE MAGNETS LA VIE EN ROSE,12/2/2010,12,0.85,10.2,16781,United Kingdom,Sale
536759,22928,YELLOW GIANT GARDEN THERMOMETER,12/2/2010,2,5.95,11.9,16781,United Kingdom,Sale
536759,48185,DOORMAT FAIRY CAKE,12/2/2010,2,7.95,15.9,16781,United Kingdom,Sale
C536760,22175,PINK OWL SOFT TOY,12/2/2010,-1,2.95,-2.95,17547,United Kingdom,Return
C536760,22273,FELTCRAFT DOLL MOLLY,12/2/2010,-3,2.95,-8.85,17547,United Kingdom,Return
536761,21116,OWL DOORSTOP,12/2/2010,3,4.95,14.85,13491,United Kingdom,Sale
536761,21155,RED RETROSPOT PEG BAG,12/2/2010,6,2.1,12.6,13491,United Kingdom,Sale
536761,15060B,FAIRY CAKE DESIGN UMBRELLA,12/2/2010,4,3.75,15,13491,United Kingdom,Sale
536761,47591D,PINK FAIRY CAKE CHILDRENS APRON,12/2/2010,8,1.95,15.6,13491,United Kingdom,Sale
536761,21217,RED RETROSPOT ROUND CAKE TINS,12/2/2010,1,9.95,9.95,13491,United Kingdom,Sale
536761,21232,STRAWBERRY CERAMIC TRINKET BOX,12/2/2010,12,1.25,15,13491,United Kingdom,Sale
536761,21527,RED RETROSPOT TRADITIONAL TEAPOT,12/2/2010,2,7.95,15.9,13491,United Kingdom,Sale
536762,20972,PINK CREAM FELT CRAFT TRINKET BOX,12/2/2010,12,1.25,15,16186,United Kingdom,Sale
536762,85014A,BLACK/BLUE POLKADOT UMBRELLA,12/2/2010,3,5.95,17.85,16186,United Kingdom,Sale
536762,21232,STRAWBERRY CERAMIC TRINKET BOX,12/2/2010,12,1.25,15,16186,United Kingdom,Sale
536762,20971,PINK BLUE FELT CRAFT TRINKET BOX,12/2/2010,12,1.25,15,16186,United Kingdom,Sale
536762,22961,JAM MAKING SET PRINTED,12/2/2010,12,1.45,17.4,16186,United Kingdom,Sale
536762,20974,12 PENCILS SMALL TUBE SKULL,12/2/2010,24,0.65,15.6,16186,United Kingdom,Sale
536762,85014B,RED RETROSPOT UMBRELLA,12/2/2010,3,5.95,17.85,16186,United Kingdom,Sale
536762,22174,PHOTO CUBE,12/2/2010,12,1.65,19.8,16186,United Kingdom,Sale
536762,21481,FAWN BLUE HOT WATER BOTTLE,12/2/2010,12,2.95,35.4,16186,United Kingdom,Sale
536762,22727,ALARM CLOCK BAKELIKE RED,12/2/2010,4,3.75,15,16186,United Kingdom,Sale
536762,22726,ALARM CLOCK BAKELIKE GREEN,12/2/2010,4,3.75,15,16186,United Kingdom,Sale
536762,22969,HOMEMADE JAM SCENTED CANDLES,12/2/2010,12,1.45,17.4,16186,United Kingdom,Sale
536762,21700,BIG DOUGHNUT FRIDGE MAGNETS,12/2/2010,12,0.85,10.2,16186,United Kingdom,Sale
536762,22064,PINK DOUGHNUT TRINKET POT,12/2/2010,12,1.65,19.8,16186,United Kingdom,Sale
536762,85199L,LARGE HANGING IVORY & RED WOOD BIRD,12/2/2010,12,0.65,7.8,16186,United Kingdom,Sale
536762,22865,HAND WARMER OWL DESIGN,12/2/2010,12,2.1,25.2,16186,United Kingdom,Sale
536762,22985,WRAP BILLBOARD FONTS DESIGN,12/2/2010,25,0.42,10.5,16186,United Kingdom,Sale
536762,22983,CARD BILLBOARD FONT,12/2/2010,12,0.42,5.04,16186,United Kingdom,Sale
536762,22821,GIFT BAG PSYCHEDELIC APPLES,12/2/2010,12,0.65,7.8,16186,United Kingdom,Sale
536762,22815,CARD PSYCHEDELIC APPLES,12/2/2010,12,0.42,5.04,16186,United Kingdom,Sale
536763,85114A,BLACK ENCHANTED FOREST PLACEMAT,12/2/2010,120,1.45,174,17685,United Kingdom,Sale
536763,85123A,WHITE HANGING HEART T-LIGHT HOLDER,12/2/2010,12,2.95,35.4,17685,United Kingdom,Sale
536763,21733,RED HANGING HEART T-LIGHT HOLDER,12/2/2010,6,2.95,17.7,17685,United Kingdom,Sale
536763,20973,12 PENCIL SMALL TUBE WOODLAND,12/2/2010,48,0.65,31.2,17685,United Kingdom,Sale
536763,79321,CHILLI LIGHTS,12/2/2010,24,4.25,102,17685,United Kingdom,Sale
536763,22576,SWALLOW WOODEN CHRISTMAS DECORATION,12/2/2010,12,0.85,10.2,17685,United Kingdom,Sale
536763,22813,PACK 3 BOXES BIRD PANNETONE,12/2/2010,12,1.95,23.4,17685,United Kingdom,Sale
536763,22585,PACK OF 6 BIRDY GIFT TAGS,12/2/2010,12,1.25,15,17685,United Kingdom,Sale
536763,21801,CHRISTMAS TREE DECORATION WITH BELL,12/2/2010,36,0.42,15.12,17685,United Kingdom,Sale
536763,21326,AGED GLASS SILVER T-LIGHT HOLDER,12/2/2010,12,0.65,7.8,17685,United Kingdom,Sale
536763,21313,GLASS HEART T-LIGHT HOLDER,12/2/2010,12,0.85,10.2,17685,United Kingdom,Sale
536763,22705,WRAP GREEN PEARS,12/2/2010,25,0.42,10.5,17685,United Kingdom,Sale
536769,22776,SWEETHEART CAKESTAND 3 TIER,12/2/2010,4,9.95,39.8,17581,United Kingdom,Sale
536769,20724,RED RETROSPOT CHARLOTTE BAG,12/2/2010,10,0.85,8.5,17581,United Kingdom,Sale
536769,20725,LUNCH BAG RED RETROSPOT,12/2/2010,10,1.65,16.5,17581,United Kingdom,Sale
536769,21080,SET/20 RED RETROSPOT PAPER NAPKINS,12/2/2010,24,0.85,20.4,17581,United Kingdom,Sale
536769,21210,SET OF 72 RETROSPOT PAPER  DOILIES,12/2/2010,24,1.45,34.8,17581,United Kingdom,Sale
536769,21212,PACK OF 72 RETROSPOT CAKE CASES,12/2/2010,24,0.55,13.2,17581,United Kingdom,Sale
536769,22083,PAPER CHAIN KIT RETROSPOT,12/2/2010,12,2.95,35.4,17581,United Kingdom,Sale
536769,22333,RETROSPOT PARTY BAG + STICKER SET,12/2/2010,8,1.65,13.2,17581,United Kingdom,Sale
536769,22084,PAPER CHAIN KIT EMPIRE,12/2/2010,6,2.95,17.7,17581,United Kingdom,Sale
536769,22086,PAPER CHAIN KIT 50'S CHRISTMAS,12/2/2010,18,2.95,53.1,17581,United Kingdom,Sale
536769,22575,METAL MERRY CHRISTMAS WREATH,12/2/2010,8,1.95,15.6,17581,United Kingdom,Sale
536769,22909,SET OF 20 VINTAGE CHRISTMAS NAPKINS,12/2/2010,24,0.85,20.4,17581,United Kingdom,Sale
536769,22910,PAPER CHAIN KIT VINTAGE CHRISTMAS,12/2/2010,18,2.95,53.1,17581,United Kingdom,Sale
536769,22952,60 CAKE CASES VINTAGE CHRISTMAS,12/2/2010,24,0.55,13.2,17581,United Kingdom,Sale
536769,84347,ROTATING SILVER ANGELS T-LIGHT HLDR,12/2/2010,18,2.55,45.9,17581,United Kingdom,Sale
536769,22356,CHARLOTTE BAG PINK POLKADOT,12/2/2010,10,0.85,8.5,17581,United Kingdom,Sale
536769,22384,LUNCH BAG PINK POLKADOT,12/2/2010,10,1.65,16.5,17581,United Kingdom,Sale
536769,20727,LUNCH BAG  BLACK SKULL,12/2/2010,10,1.65,16.5,17581,United Kingdom,Sale
536769,22380,TOY TIDY SPACEBOY,12/2/2010,5,2.1,10.5,17581,United Kingdom,Sale
536769,22382,LUNCH BAG SPACEBOY DESIGN,12/2/2010,10,1.65,16.5,17581,United Kingdom,Sale
536769,72801C,4 ROSE PINK DINNER CANDLES,12/2/2010,12,1.25,15,17581,United Kingdom,Sale
536769,72801D,4 SKY BLUE DINNER CANDLES,12/2/2010,12,1.25,15,17581,United Kingdom,Sale
536769,79321,CHILLI LIGHTS,12/2/2010,4,4.95,19.8,17581,United Kingdom,Sale
536769,22661,CHARLOTTE BAG DOLLY GIRL DESIGN,12/2/2010,10,0.85,8.5,17581,United Kingdom,Sale
536769,22198,LARGE POPCORN HOLDER,12/2/2010,12,1.65,19.8,17581,United Kingdom,Sale
536769,22862,LOVE HEART NAPKIN BOX,12/2/2010,4,4.25,17,17581,United Kingdom,Sale
536769,22726,ALARM CLOCK BAKELIKE GREEN,12/2/2010,8,3.75,30,17581,United Kingdom,Sale
536769,22729,ALARM CLOCK BAKELIKE ORANGE,12/2/2010,4,3.75,15,17581,United Kingdom,Sale
536769,21735,TWO DOOR CURIO CABINET,12/2/2010,2,12.75,25.5,17581,United Kingdom,Sale
536769,22355,CHARLOTTE BAG SUKI DESIGN,12/2/2010,10,0.85,8.5,17581,United Kingdom,Sale
536769,22733,3D TRADITIONAL CHRISTMAS STICKERS,12/2/2010,20,1.25,25,17581,United Kingdom,Sale
536771,22558,CLOTHES PEGS RETROSPOT PACK 24,12/2/2010,12,1.49,17.88,17581,United Kingdom,Sale
536771,22964,3 PIECE SPACEBOY COOKIE CUTTER SET,12/2/2010,6,2.1,12.6,17581,United Kingdom,Sale
536771,22966,GINGERBREAD MAN COOKIE CUTTER,12/2/2010,12,1.25,15,17581,United Kingdom,Sale
536771,22969,HOMEMADE JAM SCENTED CANDLES,12/2/2010,12,1.45,17.4,17581,United Kingdom,Sale
536771,22965,3 TRADITIONAl BISCUIT CUTTERS  SET,12/2/2010,6,2.1,12.6,17581,United Kingdom,Sale
536771,22961,JAM MAKING SET PRINTED,12/2/2010,12,1.45,17.4,17581,United Kingdom,Sale
536771,22960,JAM MAKING SET WITH JARS,12/2/2010,6,4.25,25.5,17581,United Kingdom,Sale
536777,20975,12 PENCILS SMALL TUBE RED RETROSPOT,12/2/2010,24,0.65,15.6,15732,United Kingdom,Sale
536777,21500,PINK POLKADOT WRAP,12/2/2010,25,0.42,10.5,15732,United Kingdom,Sale
536777,85099B,JUMBO BAG RED RETROSPOT,12/2/2010,20,1.95,39,15732,United Kingdom,Sale
536777,85099F,JUMBO BAG STRAWBERRY,12/2/2010,20,1.95,39,15732,United Kingdom,Sale
536777,22940,FELTCRAFT CHRISTMAS FAIRY,12/2/2010,8,4.25,34,15732,United Kingdom,Sale
536778,21422,PORCELAIN ROSE SMALL,12/2/2010,16,0.85,13.6,13138,United Kingdom,Sale
536778,22147,FELTCRAFT BUTTERFLY HEARTS,12/2/2010,12,1.45,17.4,13138,United Kingdom,Sale
536778,20971,PINK BLUE FELT CRAFT TRINKET BOX,12/2/2010,12,1.25,15,13138,United Kingdom,Sale
536778,22149,FELTCRAFT 6 FLOWER FRIENDS,12/2/2010,6,2.1,12.6,13138,United Kingdom,Sale
536778,20969,RED FLORAL FELTCRAFT SHOULDER BAG,12/2/2010,4,3.75,15,13138,United Kingdom,Sale
536778,20970,PINK FLORAL FELTCRAFT SHOULDER BAG,12/2/2010,4,3.75,15,13138,United Kingdom,Sale
536778,20967,GREY FLORAL FELTCRAFT SHOULDER BAG,12/2/2010,4,3.75,15,13138,United Kingdom,Sale
536778,22585,PACK OF 6 BIRDY GIFT TAGS,12/2/2010,12,1.25,15,13138,United Kingdom,Sale
536778,21257,VICTORIAN SEWING BOX MEDIUM,12/2/2010,2,7.95,15.9,13138,United Kingdom,Sale
536778,21259,VICTORIAN SEWING BOX SMALL,12/2/2010,2,5.95,11.9,13138,United Kingdom,Sale
536778,15036,ASSORTED COLOURS SILK FAN,12/2/2010,12,0.75,9,13138,United Kingdom,Sale
536778,21408,SPOTTY PINK DUCK DOORSTOP,12/2/2010,3,4.25,12.75,13138,United Kingdom,Sale
536778,22915,ASSORTED BOTTLE TOP  MAGNETS,12/2/2010,24,0.42,10.08,13138,United Kingdom,Sale
536778,84836,ZINC METAL HEART DECORATION,12/2/2010,12,1.25,15,13138,United Kingdom,Sale
536780,22114,HOT WATER BOTTLE TEA AND SYMPATHY,12/2/2010,1,3.95,3.95,,United Kingdom,Sale
536780,84032B,CHARLIE + LOLA RED HOT WATER BOTTLE,12/2/2010,1,2.95,2.95,,United Kingdom,Sale
536780,21481,FAWN BLUE HOT WATER BOTTLE,12/2/2010,1,2.95,2.95,,United Kingdom,Sale
536780,84032A,CHARLIE+LOLA PINK HOT WATER BOTTLE,12/2/2010,1,2.95,2.95,,United Kingdom,Sale
536781,22865,HAND WARMER OWL DESIGN,12/2/2010,24,2.1,50.4,17460,United Kingdom,Sale
536782,22111,SCOTTIE DOG HOT WATER BOTTLE,12/2/2010,3,4.95,14.85,17567,United Kingdom,Sale
536782,22077,6 RIBBONS RUSTIC CHARM,12/2/2010,12,1.65,19.8,17567,United Kingdom,Sale
536782,21258,VICTORIAN SEWING BOX LARGE,12/2/2010,1,12.75,12.75,17567,United Kingdom,Sale
536782,22379,RECYCLING BAG RETROSPOT,12/2/2010,5,2.1,10.5,17567,United Kingdom,Sale
536782,20718,RED RETROSPOT SHOPPER BAG,12/2/2010,10,1.25,12.5,17567,United Kingdom,Sale
536782,21527,RED RETROSPOT TRADITIONAL TEAPOT,12/2/2010,2,7.95,15.9,17567,United Kingdom,Sale
536782,21539,RED RETROSPOT BUTTER DISH,12/2/2010,3,4.95,14.85,17567,United Kingdom,Sale
536782,21533,RETROSPOT LARGE MILK JUG,12/2/2010,6,4.95,29.7,17567,United Kingdom,Sale
536782,22198,LARGE POPCORN HOLDER,12/2/2010,12,1.65,19.8,17567,United Kingdom,Sale
536782,22197,POPCORN HOLDER,12/2/2010,12,0.85,10.2,17567,United Kingdom,Sale
536782,22627,MINT KITCHEN SCALES,12/2/2010,4,8.5,34,17567,United Kingdom,Sale
536782,22626,BLACK KITCHEN SCALES,12/2/2010,4,8.5,34,17567,United Kingdom,Sale
536782,22625,RED KITCHEN SCALES,12/2/2010,4,8.5,34,17567,United Kingdom,Sale
536782,22624,IVORY KITCHEN SCALES,12/2/2010,4,8.5,34,17567,United Kingdom,Sale
536782,22774,RED DRAWER KNOB ACRYLIC EDWARDIAN,12/2/2010,12,1.25,15,17567,United Kingdom,Sale
536782,22775,PURPLE DRAWERKNOB ACRYLIC EDWARDIAN,12/2/2010,12,1.25,15,17567,United Kingdom,Sale
536782,22772,PINK DRAWER KNOB ACRYLIC EDWARDIAN,12/2/2010,12,1.25,15,17567,United Kingdom,Sale
536782,22771,CLEAR DRAWER KNOB ACRYLIC EDWARDIAN,12/2/2010,12,1.25,15,17567,United Kingdom,Sale
536782,21673,WHITE SPOT BLUE CERAMIC DRAWER KNOB,12/2/2010,12,1.25,15,17567,United Kingdom,Sale
536782,21672,WHITE SPOT RED CERAMIC DRAWER KNOB,12/2/2010,12,1.25,15,17567,United Kingdom,Sale
536782,21671,RED SPOT CERAMIC DRAWER KNOB,12/2/2010,12,1.25,15,17567,United Kingdom,Sale
536782,21670,BLUE SPOT CERAMIC DRAWER KNOB,12/2/2010,12,1.25,15,17567,United Kingdom,Sale
536782,21669,BLUE STRIPE CERAMIC DRAWER KNOB,12/2/2010,12,1.25,15,17567,United Kingdom,Sale
536782,21668,RED STRIPE CERAMIC DRAWER KNOB,12/2/2010,12,1.25,15,17567,United Kingdom,Sale
536782,22696,WICKER WREATH LARGE,12/2/2010,6,1.95,11.7,17567,United Kingdom,Sale
536782,22469,HEART OF WICKER SMALL,12/2/2010,24,1.65,39.6,17567,United Kingdom,Sale
536782,22341,LOVE GARLAND PAINTED ZINC,12/2/2010,12,1.65,19.8,17567,United Kingdom,Sale
536783,22530,MAGIC DRAWING SLATE DOLLY GIRL,12/2/2010,60,0.36,21.6,15061,United Kingdom,Sale
536783,22492,MINI PAINT SET VINTAGE,12/2/2010,144,0.55,79.2,15061,United Kingdom,Sale
536783,22467,GUMBALL COAT RACK,12/2/2010,108,2.1,226.8,15061,United Kingdom,Sale
536783,22454,MEASURING TAPE BABUSHKA RED,12/2/2010,48,2.55,122.4,15061,United Kingdom,Sale
536783,22453,MEASURING TAPE BABUSHKA BLUE,12/2/2010,24,2.95,70.8,15061,United Kingdom,Sale
536783,22452,MEASURING TAPE BABUSHKA PINK,12/2/2010,48,2.55,122.4,15061,United Kingdom,Sale
536783,22328,ROUND SNACK BOXES SET OF 4 FRUITS,12/2/2010,72,2.55,183.6,15061,United Kingdom,Sale
536783,22075,6 RIBBONS ELEGANT CHRISTMAS,12/2/2010,24,1.45,34.8,15061,United Kingdom,Sale
536783,21673,WHITE SPOT BLUE CERAMIC DRAWER KNOB,12/2/2010,72,1.25,90,15061,United Kingdom,Sale
536783,21509,COWBOYS AND INDIANS BIRTHDAY CARD,12/2/2010,24,0.36,8.64,15061,United Kingdom,Sale
536783,21508,VINTAGE KID DOLLY CARD,12/2/2010,24,0.36,8.64,15061,United Kingdom,Sale
536783,21507,ELEPHANT BIRTHDAY CARD,12/2/2010,48,0.36,17.28,15061,United Kingdom,Sale
536783,21506,FANCY FONT BIRTHDAY CARD,12/2/2010,108,0.36,38.88,15061,United Kingdom,Sale
536783,21500,PINK POLKADOT WRAP,12/2/2010,75,0.34,25.5,15061,United Kingdom,Sale
536783,21499,BLUE POLKADOT WRAP,12/2/2010,200,0.34,68,15061,United Kingdom,Sale
536783,21498,RED RETROSPOT WRAP,12/2/2010,200,0.34,68,15061,United Kingdom,Sale
536783,21212,PACK OF 72 RETROSPOT CAKE CASES,12/2/2010,120,0.42,50.4,15061,United Kingdom,Sale
536783,20719,WOODLAND CHARLOTTE BAG,12/2/2010,100,0.72,72,15061,United Kingdom,Sale
536783,20685,DOORMAT RED RETROSPOT,12/2/2010,30,6.75,202.5,15061,United Kingdom,Sale
536783,16237,SLEEPING CAT ERASERS,12/2/2010,270,0.16,43.2,15061,United Kingdom,Sale
536783,85178,VICTORIAN SEWING KIT,12/2/2010,18,1.25,22.5,15061,United Kingdom,Sale
536783,85116,BLACK CANDELABRA T-LIGHT HOLDER,12/2/2010,24,1.25,30,15061,United Kingdom,Sale
536783,84952C,MIRROR LOVE BIRD T-LIGHT HOLDER,12/2/2010,36,1.25,45,15061,United Kingdom,Sale
536783,84952B,BLACK LOVE BIRD T-LIGHT HOLDER,12/2/2010,48,1.25,60,15061,United Kingdom,Sale
536783,84692,BOX OF 24 COCKTAIL PARASOLS,12/2/2010,50,0.32,16,15061,United Kingdom,Sale
536783,84347,ROTATING SILVER ANGELS T-LIGHT HLDR,12/2/2010,120,1.88,225.6,15061,United Kingdom,Sale
536783,71459,HANGING JAM JAR T-LIGHT HOLDER,12/2/2010,144,0.72,103.68,15061,United Kingdom,Sale
536783,48194,DOORMAT HEARTS,12/2/2010,70,6.75,472.5,15061,United Kingdom,Sale
536783,48184,DOORMAT ENGLISH ROSE,12/2/2010,30,6.75,202.5,15061,United Kingdom,Sale
536783,35001G,HAND OPEN SHAPE GOLD,12/2/2010,42,3.39,142.38,15061,United Kingdom,Sale
536783,22752,SET 7 BABUSHKA NESTING BOXES,12/2/2010,96,7.65,734.4,15061,United Kingdom,Sale
536783,22659,LUNCH BOX I LOVE LONDON,12/2/2010,64,1.65,105.6,15061,United Kingdom,Sale
536783,22630,DOLLY GIRL LUNCH BOX,12/2/2010,64,1.65,105.6,15061,United Kingdom,Sale
536783,22629,SPACEBOY LUNCH BOX,12/2/2010,64,1.65,105.6,15061,United Kingdom,Sale
536783,22585,PACK OF 6 BIRDY GIFT TAGS,12/2/2010,72,1.25,90,15061,United Kingdom,Sale
536783,22536,MAGIC DRAWING SLATE PURDEY,12/2/2010,48,0.36,17.28,15061,United Kingdom,Sale
536783,22534,MAGIC DRAWING SLATE SPACEBOY,12/2/2010,96,0.36,34.56,15061,United Kingdom,Sale
536783,22533,MAGIC DRAWING SLATE BAKE A CAKE,12/2/2010,24,0.36,8.64,15061,United Kingdom,Sale
536784,85116,BLACK CANDELABRA T-LIGHT HOLDER,12/2/2010,24,1.25,30,15061,United Kingdom,Sale
536784,84952B,BLACK LOVE BIRD T-LIGHT HOLDER,12/2/2010,12,1.25,15,15061,United Kingdom,Sale
536784,84347,ROTATING SILVER ANGELS T-LIGHT HLDR,12/2/2010,240,1.88,451.2,15061,United Kingdom,Sale
536784,71459,HANGING JAM JAR T-LIGHT HOLDER,12/2/2010,96,0.72,69.12,15061,United Kingdom,Sale
536784,48187,DOORMAT NEW ENGLAND,12/2/2010,30,6.75,202.5,15061,United Kingdom,Sale
536784,22752,SET 7 BABUSHKA NESTING BOXES,12/2/2010,72,7.65,550.8,15061,United Kingdom,Sale
536784,22659,LUNCH BOX I LOVE LONDON,12/2/2010,64,1.65,105.6,15061,United Kingdom,Sale
536784,22630,DOLLY GIRL LUNCH BOX,12/2/2010,36,1.65,59.4,15061,United Kingdom,Sale
536784,22629,SPACEBOY LUNCH BOX,12/2/2010,36,1.65,59.4,15061,United Kingdom,Sale
536784,22585,PACK OF 6 BIRDY GIFT TAGS,12/2/2010,72,1.25,90,15061,United Kingdom,Sale
536784,22536,MAGIC DRAWING SLATE PURDEY,12/2/2010,48,0.36,17.28,15061,United Kingdom,Sale
536784,22534,MAGIC DRAWING SLATE SPACEBOY,12/2/2010,48,0.36,17.28,15061,United Kingdom,Sale
536784,22533,MAGIC DRAWING SLATE BAKE A CAKE,12/2/2010,24,0.36,8.64,15061,United Kingdom,Sale
536784,22530,MAGIC DRAWING SLATE DOLLY GIRL,12/2/2010,48,0.36,17.28,15061,United Kingdom,Sale
536784,22454,MEASURING TAPE BABUSHKA RED,12/2/2010,12,2.55,30.6,15061,United Kingdom,Sale
536784,22453,MEASURING TAPE BABUSHKA BLUE,12/2/2010,24,2.55,61.2,15061,United Kingdom,Sale
536784,22452,MEASURING TAPE BABUSHKA PINK,12/2/2010,12,2.55,30.6,15061,United Kingdom,Sale
536784,22075,6 RIBBONS ELEGANT CHRISTMAS,12/2/2010,48,1.45,69.6,15061,United Kingdom,Sale
536784,21673,WHITE SPOT BLUE CERAMIC DRAWER KNOB,12/2/2010,24,1.25,30,15061,United Kingdom,Sale
536784,21499,BLUE POLKADOT WRAP,12/2/2010,50,0.34,17,15061,United Kingdom,Sale
536784,21498,RED RETROSPOT WRAP,12/2/2010,50,0.34,17,15061,United Kingdom,Sale
536784,21212,PACK OF 72 RETROSPOT CAKE CASES,12/2/2010,120,0.42,50.4,15061,United Kingdom,Sale
536784,20719,WOODLAND CHARLOTTE BAG,12/2/2010,30,0.72,21.6,15061,United Kingdom,Sale
536784,20685,DOORMAT RED RETROSPOT,12/2/2010,20,6.75,135,15061,United Kingdom,Sale
536784,16237,SLEEPING CAT ERASERS,12/2/2010,90,0.16,14.4,15061,United Kingdom,Sale
536785,84946,ANTIQUE SILVER T-LIGHT GLASS,12/2/2010,216,1.06,228.96,15061,United Kingdom,Sale
536785,84879,ASSORTED COLOUR BIRD ORNAMENT,12/2/2010,320,1.45,464,15061,United Kingdom,Sale
536785,22659,LUNCH BOX I LOVE LONDON,12/2/2010,128,1.65,211.2,15061,United Kingdom,Sale
536785,22423,REGENCY CAKESTAND 3 TIER,12/2/2010,144,10.95,1576.8,15061,United Kingdom,Sale
536785,20963,APPLE BATH SPONGE,12/2/2010,100,1.25,125,15061,United Kingdom,Sale
536785,20961,STRAWBERRY BATH SPONGE,12/2/2010,100,1.25,125,15061,United Kingdom,Sale
536786,85178,VICTORIAN SEWING KIT,12/2/2010,96,1.25,120,15061,United Kingdom,Sale
536786,22617,BAKING SET SPACEBOY DESIGN,12/2/2010,48,4.25,204,15061,United Kingdom,Sale
536787,85123A,WHITE HANGING HEART T-LIGHT HOLDER,12/2/2010,6,2.55,15.3,17850,United Kingdom,Sale
536787,71053,WHITE METAL LANTERN,12/2/2010,6,3.39,20.34,17850,United Kingdom,Sale
536787,84406B,CREAM CUPID HEARTS COAT HANGER,12/2/2010,8,2.75,22,17850,United Kingdom,Sale
536787,37370,RETRO COFFEE MUGS ASSORTED,12/2/2010,6,1.06,6.36,17850,United Kingdom,Sale
536787,21871,SAVE THE PLANET MUG,12/2/2010,6,1.06,6.36,17850,United Kingdom,Sale
536787,21071,VINTAGE BILLBOARD DRINK ME MUG,12/2/2010,6,1.06,6.36,17850,United Kingdom,Sale
536787,21068,VINTAGE BILLBOARD LOVE/HATE MUG,12/2/2010,6,1.06,6.36,17850,United Kingdom,Sale
536787,82482,WOODEN PICTURE FRAME WHITE FINISH,12/2/2010,6,2.1,12.6,17850,United Kingdom,Sale
536787,82494L,WOODEN FRAME ANTIQUE WHITE,12/2/2010,6,2.55,15.3,17850,United Kingdom,Sale
536787,84029G,KNITTED UNION FLAG HOT WATER BOTTLE,12/2/2010,6,3.39,20.34,17850,United Kingdom,Sale
536787,84029E,RED WOOLLY HOTTIE WHITE HEART,12/2/2010,6,3.39,20.34,17850,United Kingdom,Sale
536787,22752,SET 7 BABUSHKA NESTING BOXES,12/2/2010,2,7.65,15.3,17850,United Kingdom,Sale
536787,21730,GLASS STAR FROSTED T-LIGHT HOLDER,12/2/2010,6,4.25,25.5,17850,United Kingdom,Sale
536788,22558,CLOTHES PEGS RETROSPOT PACK 24,12/2/2010,60,1.25,75,15061,United Kingdom,Sale
536789,22633,HAND WARMER UNION JACK,12/2/2010,6,1.85,11.1,17850,United Kingdom,Sale
536789,22632,HAND WARMER RED RETROSPOT,12/2/2010,6,1.85,11.1,17850,United Kingdom,Sale
536790,85123A,WHITE HANGING HEART T-LIGHT HOLDER,12/2/2010,12,2.95,35.4,17850,United Kingdom,Sale
536790,71053,WHITE METAL LANTERN,12/2/2010,12,3.39,40.68,17850,United Kingdom,Sale
536790,84406B,CREAM CUPID HEARTS COAT HANGER,12/2/2010,12,2.75,33,17850,United Kingdom,Sale
536790,15056BL,EDWARDIAN PARASOL BLACK,12/2/2010,6,4.95,29.7,17850,United Kingdom,Sale
536790,20679,EDWARDIAN PARASOL RED,12/2/2010,6,4.95,29.7,17850,United Kingdom,Sale
536790,37370,RETRO COFFEE MUGS ASSORTED,12/2/2010,12,1.06,12.72,17850,United Kingdom,Sale
536790,21071,VINTAGE BILLBOARD DRINK ME MUG,12/2/2010,12,1.06,12.72,17850,United Kingdom,Sale
536790,21068,VINTAGE BILLBOARD LOVE/HATE MUG,12/2/2010,12,1.06,12.72,17850,United Kingdom,Sale
536790,82483,WOOD 2 DRAWER CABINET WHITE FINISH,12/2/2010,4,4.95,19.8,17850,United Kingdom,Sale
536790,82486,WOOD S/3 CABINET ANT WHITE FINISH,12/2/2010,4,6.95,27.8,17850,United Kingdom,Sale
536790,82482,WOODEN PICTURE FRAME WHITE FINISH,12/2/2010,6,2.1,12.6,17850,United Kingdom,Sale
536790,82494L,WOODEN FRAME ANTIQUE WHITE,12/2/2010,6,2.55,15.3,17850,United Kingdom,Sale
536790,84029G,KNITTED UNION FLAG HOT WATER BOTTLE,12/2/2010,12,3.39,40.68,17850,United Kingdom,Sale
536790,84029E,RED WOOLLY HOTTIE WHITE HEART,12/2/2010,6,3.39,20.34,17850,United Kingdom,Sale
536790,22752,SET 7 BABUSHKA NESTING BOXES,12/2/2010,4,7.65,30.6,17850,United Kingdom,Sale
536790,22803,IVORY EMBROIDERED QUILT,12/2/2010,3,35.75,107.25,17850,United Kingdom,Sale
536790,21730,GLASS STAR FROSTED T-LIGHT HOLDER,12/2/2010,12,4.25,51,17850,United Kingdom,Sale
536791,22632,HAND WARMER RED RETROSPOT,12/2/2010,12,1.85,22.2,17850,United Kingdom,Sale
536791,22633,HAND WARMER UNION JACK,12/2/2010,12,1.85,22.2,17850,United Kingdom,Sale
536792,22558,CLOTHES PEGS RETROSPOT PACK 24,12/2/2010,24,1.25,30,15061,United Kingdom,Sale
536793,22727,ALARM CLOCK BAKELIKE RED,12/2/2010,4,3.75,15,16203,United Kingdom,Sale
536793,22725,ALARM CLOCK BAKELIKE CHOCOLATE,12/2/2010,4,3.75,15,16203,United Kingdom,Sale
536793,22726,ALARM CLOCK BAKELIKE GREEN,12/2/2010,4,3.75,15,16203,United Kingdom,Sale
536793,22960,JAM MAKING SET WITH JARS,12/2/2010,6,4.25,25.5,16203,United Kingdom,Sale
536793,22568,FELTCRAFT CUSHION OWL,12/2/2010,4,3.75,15,16203,United Kingdom,Sale
536793,22570,FELTCRAFT CUSHION RABBIT,12/2/2010,4,3.75,15,16203,United Kingdom,Sale
536793,20971,PINK BLUE FELT CRAFT TRINKET BOX,12/2/2010,12,1.25,15,16203,United Kingdom,Sale
536793,22750,FELTCRAFT PRINCESS LOLA DOLL,12/2/2010,4,3.75,15,16203,United Kingdom,Sale
536793,21912,VINTAGE SNAKES & LADDERS,12/2/2010,4,3.75,15,16203,United Kingdom,Sale
536793,21914,BLUE HARMONICA IN BOX,12/2/2010,12,1.25,15,16203,United Kingdom,Sale
536793,22264,FELT FARM ANIMAL WHITE BUNNY,12/2/2010,12,0.85,10.2,16203,United Kingdom,Sale
536794,21314,SMALL GLASS HEART TRINKET POT,12/2/2010,24,2.1,50.4,13767,United Kingdom,Sale
536794,22726,ALARM CLOCK BAKELIKE GREEN,12/2/2010,12,3.75,45,13767,United Kingdom,Sale
536794,22727,ALARM CLOCK BAKELIKE RED,12/2/2010,48,3.75,180,13767,United Kingdom,Sale
536794,22114,HOT WATER BOTTLE TEA AND SYMPATHY,12/2/2010,12,3.95,47.4,13767,United Kingdom,Sale
536795,22086,PAPER CHAIN KIT 50'S CHRISTMAS,12/2/2010,40,2.55,102,15640,United Kingdom,Sale
536795,85123A,WHITE HANGING HEART T-LIGHT HOLDER,12/2/2010,32,2.55,81.6,15640,United Kingdom,Sale
536795,22866,HAND WARMER SCOTTY DOG DESIGN,12/2/2010,24,2.1,50.4,15640,United Kingdom,Sale
536795,22865,HAND WARMER OWL DESIGN,12/2/2010,24,2.1,50.4,15640,United Kingdom,Sale
536795,21982,PACK OF 12 SUKI TISSUES,12/2/2010,24,0.29,6.96,15640,United Kingdom,Sale
536795,21967,PACK OF 12 SKULL TISSUES,12/2/2010,24,0.29,6.96,15640,United Kingdom,Sale
536795,22084,PAPER CHAIN KIT EMPIRE,12/2/2010,12,2.95,35.4,15640,United Kingdom,Sale
536796,22376,AIRLINE BAG VINTAGE JET SET WHITE,12/2/2010,1,4.25,4.25,15574,United Kingdom,Sale
536796,22174,PHOTO CUBE,12/2/2010,1,1.65,1.65,15574,United Kingdom,Sale
536796,22745,POPPY'S PLAYHOUSE BEDROOM,12/2/2010,1,2.1,2.1,15574,United Kingdom,Sale
536796,20665,RED RETROSPOT PURSE,12/2/2010,1,2.95,2.95,15574,United Kingdom,Sale
536796,21719,LOVELY BONBON STICKER SHEET,12/2/2010,1,0.85,0.85,15574,United Kingdom,Sale
536796,22906,12 MESSAGE CARDS WITH ENVELOPES,12/2/2010,1,1.65,1.65,15574,United Kingdom,Sale
536796,22181,SNOWSTORM PHOTO FRAME FRIDGE MAGNET,12/2/2010,2,0.85,1.7,15574,United Kingdom,Sale
536796,21981,PACK OF 12 WOODLAND TISSUES,12/2/2010,1,0.29,0.29,15574,United Kingdom,Sale
536796,22616,PACK OF 12 LONDON TISSUES,12/2/2010,1,0.29,0.29,15574,United Kingdom,Sale
536796,21967,PACK OF 12 SKULL TISSUES,12/2/2010,1,0.29,0.29,15574,United Kingdom,Sale
536796,21392,RED POLKADOT PUDDING BOWL,12/2/2010,1,2.1,2.1,15574,United Kingdom,Sale
536796,21393,BLUE POLKADOT PUDDING BOWL,12/2/2010,1,2.1,2.1,15574,United Kingdom,Sale
536796,22328,ROUND SNACK BOXES SET OF 4 FRUITS,12/2/2010,1,2.95,2.95,15574,United Kingdom,Sale
536796,22952,60 CAKE CASES VINTAGE CHRISTMAS,12/2/2010,1,0.55,0.55,15574,United Kingdom,Sale
536796,21268,VINTAGE BLUE TINSEL REEL,12/2/2010,2,0.42,0.84,15574,United Kingdom,Sale
536796,22902,TOTE BAG I LOVE LONDON,12/2/2010,1,2.1,2.1,15574,United Kingdom,Sale
536796,22659,LUNCH BOX I LOVE LONDON,12/2/2010,1,1.95,1.95,15574,United Kingdom,Sale
536796,84952C,MIRROR LOVE BIRD T-LIGHT HOLDER,12/2/2010,1,3.75,3.75,15574,United Kingdom,Sale
536796,84952B,BLACK LOVE BIRD T-LIGHT HOLDER,12/2/2010,1,3.75,3.75,15574,United Kingdom,Sale
536796,85144,JARDIN ETCHED GLASS CHEESE DISH,12/2/2010,1,7.25,7.25,15574,United Kingdom,Sale
536796,20668,DISCO BALL CHRISTMAS DECORATION,12/2/2010,10,0.12,1.2,15574,United Kingdom,Sale
536796,22087,PAPER BUNTING WHITE LACE,12/2/2010,2,2.95,5.9,15574,United Kingdom,Sale
536796,21327,SKULLS WRITING SET,12/2/2010,1,1.65,1.65,15574,United Kingdom,Sale
536796,21328,BALLOONS  WRITING SET,12/2/2010,1,1.65,1.65,15574,United Kingdom,Sale
536796,21025,SPACE FROG,12/2/2010,1,1.25,1.25,15574,United Kingdom,Sale
536796,21031,SPACE CADET BLACK,12/2/2010,1,1.25,1.25,15574,United Kingdom,Sale
536796,21030,SPACE CADET RED,12/2/2010,1,1.25,1.25,15574,United Kingdom,Sale
536796,21026,SPACE OWL,12/2/2010,1,1.25,1.25,15574,United Kingdom,Sale
536796,22376,AIRLINE BAG VINTAGE JET SET WHITE,12/2/2010,2,4.25,8.5,15574,United Kingdom,Sale
536796,21032,SPACE CADET WHITE,12/2/2010,2,1.25,2.5,15574,United Kingdom,Sale
536796,22376,AIRLINE BAG VINTAGE JET SET WHITE,12/2/2010,2,4.25,8.5,15574,United Kingdom,Sale
536796,22554,PLASTERS IN TIN WOODLAND ANIMALS,12/2/2010,1,1.65,1.65,15574,United Kingdom,Sale
536796,22553,PLASTERS IN TIN SKULLS,12/2/2010,1,1.65,1.65,15574,United Kingdom,Sale
536796,21026,SPACE OWL,12/2/2010,1,1.25,1.25,15574,United Kingdom,Sale
536796,21578,WOODLAND DESIGN  COTTON TOTE BAG,12/2/2010,1,2.25,2.25,15574,United Kingdom,Sale
536796,21559,STRAWBERRY LUNCH BOX WITH CUTLERY,12/2/2010,1,2.55,2.55,15574,United Kingdom,Sale
536796,22791,T-LIGHT GLASS FLUTED ANTIQUE,12/2/2010,6,1.25,7.5,15574,United Kingdom,Sale
536796,21392,RED POLKADOT PUDDING BOWL,12/2/2010,2,2.1,4.2,15574,United Kingdom,Sale
536796,21393,BLUE POLKADOT PUDDING BOWL,12/2/2010,2,2.1,4.2,15574,United Kingdom,Sale
536796,22585,PACK OF 6 BIRDY GIFT TAGS,12/2/2010,1,1.25,1.25,15574,United Kingdom,Sale
536796,22350,ILLUSTRATED CAT BOWL,12/2/2010,1,2.55,2.55,15574,United Kingdom,Sale
536796,21354,TOAST ITS - BEST MUM,12/2/2010,1,1.25,1.25,15574,United Kingdom,Sale
536796,21357,TOAST ITS - DINOSAUR,12/2/2010,1,1.25,1.25,15574,United Kingdom,Sale
536796,22909,SET OF 20 VINTAGE CHRISTMAS NAPKINS,12/2/2010,2,0.85,1.7,15574,United Kingdom,Sale
536796,22977,DOLLY GIRL CHILDRENS EGG CUP,12/2/2010,1,1.25,1.25,15574,United Kingdom,Sale
536796,22974,CHILDRENS DOLLY GIRL MUG,12/2/2010,1,1.65,1.65,15574,United Kingdom,Sale
536796,20724,RED RETROSPOT CHARLOTTE BAG,12/2/2010,1,0.85,0.85,15574,United Kingdom,Sale
536796,20719,WOODLAND CHARLOTTE BAG,12/2/2010,1,0.85,0.85,15574,United Kingdom,Sale
536796,21587,COSY HOUR GIANT TUBE MATCHES,12/2/2010,5,2.55,12.75,15574,United Kingdom,Sale
536796,21625,VINTAGE UNION JACK APRON,12/2/2010,1,6.95,6.95,15574,United Kingdom,Sale
536796,22634,CHILDS BREAKFAST SET SPACEBOY,12/2/2010,1,9.95,9.95,15574,United Kingdom,Sale
536796,20766,GARDEN PATH SKETCHBOOK,12/2/2010,1,3.75,3.75,15574,United Kingdom,Sale
536796,22972,CHILDREN'S SPACEBOY MUG,12/2/2010,1,1.65,1.65,15574,United Kingdom,Sale
536796,22988,SOLDIERS EGG CUP,12/2/2010,1,1.25,1.25,15574,United Kingdom,Sale
536796,22976,CIRCUS PARADE CHILDRENS EGG CUP,12/2/2010,1,1.25,1.25,15574,United Kingdom,Sale
536796,22973,CHILDREN'S CIRCUS PARADE MUG,12/2/2010,1,1.65,1.65,15574,United Kingdom,Sale
536796,84879,ASSORTED COLOUR BIRD ORNAMENT,12/2/2010,1,1.69,1.69,15574,United Kingdom,Sale
536796,21398,RED POLKADOT COFFEE  MUG,12/2/2010,2,2.1,4.2,15574,United Kingdom,Sale
536796,21399,BLUE POLKADOT COFFEE MUG,12/2/2010,2,2.1,4.2,15574,United Kingdom,Sale
536796,22585,PACK OF 6 BIRDY GIFT TAGS,12/2/2010,1,1.25,1.25,15574,United Kingdom,Sale
536796,21982,PACK OF 12 SUKI TISSUES,12/2/2010,1,0.29,0.29,15574,United Kingdom,Sale
536796,22623,BOX OF VINTAGE JIGSAW BLOCKS,12/2/2010,1,4.95,4.95,15574,United Kingdom,Sale
536796,22909,SET OF 20 VINTAGE CHRISTMAS NAPKINS,12/2/2010,1,0.85,0.85,15574,United Kingdom,Sale
536796,22562,MONSTERS STENCIL CRAFT,12/2/2010,1,1.25,1.25,15574,United Kingdom,Sale
536796,21967,PACK OF 12 SKULL TISSUES,12/2/2010,1,0.29,0.29,15574,United Kingdom,Sale
536796,22906,12 MESSAGE CARDS WITH ENVELOPES,12/2/2010,1,1.65,1.65,15574,United Kingdom,Sale
536796,72598,SET/12 TAPER CANDLES,12/2/2010,1,0.85,0.85,15574,United Kingdom,Sale
536796,21591,COSY HOUR CIGAR BOX MATCHES,12/2/2010,1,1.25,1.25,15574,United Kingdom,Sale
536796,21714,CITRONELLA CANDLE GARDEN POT,12/2/2010,1,1.25,1.25,15574,United Kingdom,Sale
536796,84832,ZINC WILLIE WINKIE  CANDLE STICK,12/2/2010,2,0.85,1.7,15574,United Kingdom,Sale
536796,22553,PLASTERS IN TIN SKULLS,12/2/2010,1,1.65,1.65,15574,United Kingdom,Sale
536796,21967,PACK OF 12 SKULL TISSUES,12/2/2010,1,0.29,0.29,15574,United Kingdom,Sale
536796,21984,PACK OF 12 PINK PAISLEY TISSUES,12/2/2010,1,0.29,0.29,15574,United Kingdom,Sale
536796,21982,PACK OF 12 SUKI TISSUES,12/2/2010,1,0.29,0.29,15574,United Kingdom,Sale
536796,21981,PACK OF 12 WOODLAND TISSUES,12/2/2010,1,0.29,0.29,15574,United Kingdom,Sale
536796,21591,COSY HOUR CIGAR BOX MATCHES,12/2/2010,3,1.25,3.75,15574,United Kingdom,Sale
536796,21135,VICTORIAN  METAL POSTCARD SPRING,12/2/2010,8,1.69,13.52,15574,United Kingdom,Sale
536796,84879,ASSORTED COLOUR BIRD ORNAMENT,12/2/2010,5,1.69,8.45,15574,United Kingdom,Sale
536796,21121,SET/10 RED POLKADOT PARTY CANDLES,12/2/2010,1,1.25,1.25,15574,United Kingdom,Sale
536796,21990,MODERN FLORAL STATIONERY SET,12/2/2010,1,2.95,2.95,15574,United Kingdom,Sale
536796,21328,BALLOONS  WRITING SET,12/2/2010,1,1.65,1.65,15574,United Kingdom,Sale
536796,21327,SKULLS WRITING SET,12/2/2010,2,1.65,3.3,15574,United Kingdom,Sale
536796,22744,MAKE YOUR OWN MONSOON CARD KIT,12/2/2010,2,2.95,5.9,15574,United Kingdom,Sale
536796,20751,FUNKY WASHING UP GLOVES ASSORTED,12/2/2010,1,2.1,2.1,15574,United Kingdom,Sale
536796,21993,FLORAL FOLK STATIONERY SET,12/2/2010,1,2.95,2.95,15574,United Kingdom,Sale
536796,22077,6 RIBBONS RUSTIC CHARM,12/2/2010,1,1.65,1.65,15574,United Kingdom,Sale
536796,16258A,SWIRLY CIRCULAR RUBBERS IN BAG,12/2/2010,1,0.42,0.42,15574,United Kingdom,Sale
536796,22435,SET OF 9 HEART SHAPED BALLOONS,12/2/2010,1,1.25,1.25,15574,United Kingdom,Sale
536796,84347,ROTATING SILVER ANGELS T-LIGHT HLDR,12/2/2010,1,2.55,2.55,15574,United Kingdom,Sale
536796,22082,RIBBON REEL STRIPES DESIGN,12/2/2010,1,1.65,1.65,15574,United Kingdom,Sale
536796,21578,WOODLAND DESIGN  COTTON TOTE BAG,12/2/2010,1,2.25,2.25,15574,United Kingdom,Sale
536796,22952,60 CAKE CASES VINTAGE CHRISTMAS,12/2/2010,1,0.55,0.55,15574,United Kingdom,Sale
536796,22616,PACK OF 12 LONDON TISSUES,12/2/2010,3,0.29,0.87,15574,United Kingdom,Sale
536796,22561,WOODEN SCHOOL COLOURING SET,12/2/2010,1,1.65,1.65,15574,United Kingdom,Sale
536796,21935,SUKI  SHOULDER BAG,12/2/2010,1,1.65,1.65,15574,United Kingdom,Sale
536796,22561,WOODEN SCHOOL COLOURING SET,12/2/2010,1,1.65,1.65,15574,United Kingdom,Sale
536796,20752,BLUE POLKADOT WASHING UP GLOVES,12/2/2010,1,2.1,2.1,15574,United Kingdom,Sale
536796,21484,CHICK GREY HOT WATER BOTTLE,12/2/2010,1,3.45,3.45,15574,United Kingdom,Sale
536796,21587,COSY HOUR GIANT TUBE MATCHES,12/2/2010,1,2.55,2.55,15574,United Kingdom,Sale
536796,22636,CHILDS BREAKFAST SET CIRCUS PARADE,12/2/2010,3,8.5,25.5,15574,United Kingdom,Sale
536796,22555,PLASTERS IN TIN STRONGMAN,12/2/2010,1,1.65,1.65,15574,United Kingdom,Sale
536796,22557,PLASTERS IN TIN VINTAGE PAISLEY,12/2/2010,1,1.65,1.65,15574,United Kingdom,Sale
536796,21892,TRADITIONAL WOODEN CATCH CUP GAME,12/2/2010,1,1.25,1.25,15574,United Kingdom,Sale
536796,22619,SET OF 6 SOLDIER SKITTLES,12/2/2010,1,3.75,3.75,15574,United Kingdom,Sale
536796,20719,WOODLAND CHARLOTTE BAG,12/2/2010,1,0.85,0.85,15574,United Kingdom,Sale
536796,20728,LUNCH BAG CARS BLUE,12/2/2010,1,1.65,1.65,15574,United Kingdom,Sale
536796,22617,BAKING SET SPACEBOY DESIGN,12/2/2010,1,4.95,4.95,15574,United Kingdom,Sale
536796,22745,POPPY'S PLAYHOUSE BEDROOM,12/2/2010,1,2.1,2.1,15574,United Kingdom,Sale
536796,22748,POPPY'S PLAYHOUSE KITCHEN,12/2/2010,1,2.1,2.1,15574,United Kingdom,Sale
536796,21426,WOODLAND STORAGE BOX SMALL,12/2/2010,1,2.1,2.1,15574,United Kingdom,Sale
536796,22635,CHILDS BREAKFAST SET DOLLY GIRL,12/2/2010,2,9.95,19.9,15574,United Kingdom,Sale
536796,21577,SAVE THE PLANET COTTON TOTE BAG,12/2/2010,2,2.25,4.5,15574,United Kingdom,Sale
536796,84985A,SET OF 72 GREEN PAPER DOILIES,12/2/2010,1,1.45,1.45,15574,United Kingdom,Sale
536796,21430,SET/3 RED GINGHAM ROSE STORAGE BOX,12/2/2010,2,3.75,7.5,15574,United Kingdom,Sale
536796,22607,WOODEN ROUNDERS GARDEN SET,12/2/2010,3,9.95,29.85,15574,United Kingdom,Sale
536796,22899,CHILDREN'S APRON DOLLY GIRL,12/2/2010,1,2.1,2.1,15574,United Kingdom,Sale
536796,20977,36 PENCILS TUBE WOODLAND,12/2/2010,2,1.25,2.5,15574,United Kingdom,Sale
536796,20979,36 PENCILS TUBE RED RETROSPOT,12/2/2010,1,1.25,1.25,15574,United Kingdom,Sale
536796,22661,CHARLOTTE BAG DOLLY GIRL DESIGN,12/2/2010,1,0.85,0.85,15574,United Kingdom,Sale
536796,22902,TOTE BAG I LOVE LONDON,12/2/2010,1,2.1,2.1,15574,United Kingdom,Sale
536796,21581,SKULLS  DESIGN  COTTON TOTE BAG,12/2/2010,1,2.25,2.25,15574,United Kingdom,Sale
536797,90002D,FLOWER BURST SILVER RING CRYSTAL,12/2/2010,4,3.75,15,16770,United Kingdom,Sale
536797,22632,HAND WARMER RED RETROSPOT,12/2/2010,12,2.1,25.2,16770,United Kingdom,Sale
536797,22866,HAND WARMER SCOTTY DOG DESIGN,12/2/2010,12,2.1,25.2,16770,United Kingdom,Sale
536797,22865,HAND WARMER OWL DESIGN,12/2/2010,12,2.1,25.2,16770,United Kingdom,Sale
536797,22633,HAND WARMER UNION JACK,12/2/2010,12,2.1,25.2,16770,United Kingdom,Sale
536797,20970,PINK FLORAL FELTCRAFT SHOULDER BAG,12/2/2010,4,3.75,15,16770,United Kingdom,Sale
536798,22427,ENAMEL FLOWER JUG CREAM,12/2/2010,1,5.95,5.95,17838,United Kingdom,Sale
536798,37370,RETRO COFFEE MUGS ASSORTED,12/2/2010,6,1.25,7.5,17838,United Kingdom,Sale
536798,21877,HOME SWEET HOME MUG,12/2/2010,6,1.25,7.5,17838,United Kingdom,Sale
536798,79066K,RETRO MOD TRAY,12/2/2010,6,0.85,5.1,17838,United Kingdom,Sale
536798,22424,ENAMEL BREAD BIN CREAM,12/2/2010,4,12.75,51,17838,United Kingdom,Sale
536798,22426,ENAMEL WASH BOWL CREAM,12/2/2010,4,3.75,15,17838,United Kingdom,Sale
536798,22429,ENAMEL MEASURING JUG CREAM,12/2/2010,4,4.25,17,17838,United Kingdom,Sale
536798,22428,ENAMEL FIRE BUCKET CREAM,12/2/2010,5,6.95,34.75,17838,United Kingdom,Sale
536798,82552,WASHROOM METAL SIGN,12/2/2010,24,1.45,34.8,17838,United Kingdom,Sale
536798,82551,LAUNDRY 15C METAL SIGN,12/2/2010,24,1.45,34.8,17838,United Kingdom,Sale
536798,82578,KITCHEN METAL SIGN,12/2/2010,12,0.55,6.6,17838,United Kingdom,Sale
536798,82581,TOILET METAL SIGN,12/2/2010,12,0.55,6.6,17838,United Kingdom,Sale
536798,82599,FANNY'S REST STOPMETAL SIGN,12/2/2010,12,2.1,25.2,17838,United Kingdom,Sale
536798,21874,GIN AND TONIC MUG,12/2/2010,6,1.25,7.5,17838,United Kingdom,Sale
536798,21911,GARDEN METAL SIGN,12/2/2010,12,1.65,19.8,17838,United Kingdom,Sale
536798,21181,PLEASE ONE PERSON METAL SIGN,12/2/2010,12,2.1,25.2,17838,United Kingdom,Sale
536798,21908,CHOCOLATE THIS WAY METAL SIGN,12/2/2010,12,2.1,25.2,17838,United Kingdom,Sale
536798,22413,METAL SIGN TAKE IT OR LEAVE IT,12/2/2010,12,2.95,35.4,17838,United Kingdom,Sale
536798,21169,YOU'RE CONFUSING ME METAL SIGN,12/2/2010,24,1.69,40.56,17838,United Kingdom,Sale
536798,82583,HOT BATHS METAL SIGN,12/2/2010,12,2.1,25.2,17838,United Kingdom,Sale
536798,82567,"AIRLINE LOUNGE,METAL SIGN",12/2/2010,12,2.1,25.2,17838,United Kingdom,Sale
536798,82583,HOT BATHS METAL SIGN,12/2/2010,12,2.1,25.2,17838,United Kingdom,Sale
536798,21166,COOK WITH WINE METAL SIGN,12/2/2010,12,1.95,23.4,17838,United Kingdom,Sale
536798,21901,"KEY FOB , BACK DOOR",12/2/2010,48,0.65,31.2,17838,United Kingdom,Sale
536798,21899,GARAGE KEY FOB,12/2/2010,48,0.65,31.2,17838,United Kingdom,Sale
536798,21874,GIN AND TONIC MUG,12/2/2010,6,1.25,7.5,17838,United Kingdom,Sale
536798,21174,POTTERING IN THE SHED METAL SIGN,12/2/2010,12,1.95,23.4,17838,United Kingdom,Sale
536798,21175,GIN AND TONIC DIET METAL SIGN,12/2/2010,12,2.1,25.2,17838,United Kingdom,Sale
536798,21900,"KEY FOB , SHED",12/2/2010,48,0.65,31.2,17838,United Kingdom,Sale
536798,21902,"KEY FOB , FRONT  DOOR",12/2/2010,48,0.65,31.2,17838,United Kingdom,Sale
536798,48138,DOORMAT UNION FLAG,12/2/2010,4,7.95,31.8,17838,United Kingdom,Sale
536799,21931,JUMBO STORAGE BAG SUKI,12/2/2010,3,1.95,5.85,17228,United Kingdom,Sale
536799,21930,JUMBO STORAGE BAG SKULLS,12/2/2010,4,1.95,7.8,17228,United Kingdom,Sale
536799,85099B,JUMBO BAG RED RETROSPOT,12/2/2010,3,1.95,5.85,17228,United Kingdom,Sale
536799,22386,JUMBO BAG PINK POLKADOT,12/2/2010,3,1.95,5.85,17228,United Kingdom,Sale
536799,20974,12 PENCILS SMALL TUBE SKULL,12/2/2010,6,0.65,3.9,17228,United Kingdom,Sale
536799,20973,12 PENCIL SMALL TUBE WOODLAND,12/2/2010,18,0.65,11.7,17228,United Kingdom,Sale
536799,20975,12 PENCILS SMALL TUBE RED RETROSPOT,12/2/2010,18,0.65,11.7,17228,United Kingdom,Sale
536799,70007,HI TEC ALPINE HAND WARMER,12/2/2010,6,1.65,9.9,17228,United Kingdom,Sale
536799,70006,LOVE HEART POCKET WARMER,12/2/2010,5,1.65,8.25,17228,United Kingdom,Sale
536799,21098,CHRISTMAS TOILET ROLL,12/2/2010,6,1.25,7.5,17228,United Kingdom,Sale
536799,22745,POPPY'S PLAYHOUSE BEDROOM,12/2/2010,2,2.1,4.2,17228,United Kingdom,Sale
536799,22746,POPPY'S PLAYHOUSE LIVINGROOM,12/2/2010,2,2.1,4.2,17228,United Kingdom,Sale
536799,22748,POPPY'S PLAYHOUSE KITCHEN,12/2/2010,2,2.1,4.2,17228,United Kingdom,Sale
536799,22867,HAND WARMER BIRD DESIGN,12/2/2010,8,2.1,16.8,17228,United Kingdom,Sale
536799,22632,HAND WARMER RED RETROSPOT,12/2/2010,8,2.1,16.8,17228,United Kingdom,Sale
536799,22834,HAND WARMER BABUSHKA DESIGN,12/2/2010,12,2.1,25.2,17228,United Kingdom,Sale
536799,22865,HAND WARMER OWL DESIGN,12/2/2010,8,2.1,16.8,17228,United Kingdom,Sale
536799,22866,HAND WARMER SCOTTY DOG DESIGN,12/2/2010,8,2.1,16.8,17228,United Kingdom,Sale
536800,22960,JAM MAKING SET WITH JARS,12/2/2010,6,4.25,25.5,14829,United Kingdom,Sale
536800,22969,HOMEMADE JAM SCENTED CANDLES,12/2/2010,12,1.45,17.4,14829,United Kingdom,Sale
536800,22099,CARAVAN SQUARE TISSUE BOX,12/2/2010,12,1.25,15,14829,United Kingdom,Sale
536800,22718,CARD CAT AND TREE,12/2/2010,12,0.42,5.04,14829,United Kingdom,Sale
536800,22717,CARD DOG AND BALL,12/2/2010,12,0.42,5.04,14829,United Kingdom,Sale
536800,22024,RAINY LADIES BIRTHDAY CARD,12/2/2010,12,0.42,5.04,14829,United Kingdom,Sale
536800,22028,PENNY FARTHING BIRTHDAY CARD,12/2/2010,12,0.42,5.04,14829,United Kingdom,Sale
536800,22716,CARD CIRCUS PARADE,12/2/2010,12,0.42,5.04,14829,United Kingdom,Sale
536800,47591D,PINK FAIRY CAKE CHILDRENS APRON,12/2/2010,8,1.95,15.6,14829,United Kingdom,Sale
536800,47567B,TEA TIME KITCHEN APRON,12/2/2010,3,5.95,17.85,14829,United Kingdom,Sale
536800,22961,JAM MAKING SET PRINTED,12/2/2010,24,1.45,34.8,14829,United Kingdom,Sale
536800,22814,CARD PARTY GAMES,12/2/2010,12,0.42,5.04,14829,United Kingdom,Sale
536800,22983,CARD BILLBOARD FONT,12/2/2010,12,0.42,5.04,14829,United Kingdom,Sale
536800,22031,BOTANICAL LAVENDER BIRTHDAY CARD,12/2/2010,12,0.42,5.04,14829,United Kingdom,Sale
536800,22379,RECYCLING BAG RETROSPOT,12/2/2010,5,2.1,10.5,14829,United Kingdom,Sale
536800,84378,SET OF 3 HEART COOKIE CUTTERS,12/2/2010,12,1.25,15,14829,United Kingdom,Sale
536800,22727,ALARM CLOCK BAKELIKE RED,12/2/2010,4,3.75,15,14829,United Kingdom,Sale
536800,22726,ALARM CLOCK BAKELIKE GREEN,12/2/2010,4,3.75,15,14829,United Kingdom,Sale
536800,22730,ALARM CLOCK BAKELIKE IVORY,12/2/2010,4,3.75,15,14829,United Kingdom,Sale
536801,21484,CHICK GREY HOT WATER BOTTLE,12/2/2010,4,3.45,13.8,,United Kingdom,Sale
536801,21067,VINTAGE RED TEATIME MUG,12/2/2010,24,1.25,30,,United Kingdom,Sale
536801,21791,VINTAGE HEADS AND TAILS CARD GAME,12/2/2010,12,1.25,15,,United Kingdom,Sale
536801,21098,CHRISTMAS TOILET ROLL,12/2/2010,12,1.25,15,,United Kingdom,Sale
536801,22952,60 CAKE CASES VINTAGE CHRISTMAS,12/2/2010,24,0.55,13.2,,United Kingdom,Sale
536801,22086,PAPER CHAIN KIT 50'S CHRISTMAS,12/2/2010,6,2.95,17.7,,United Kingdom,Sale
536801,82599,FANNY'S REST STOPMETAL SIGN,12/2/2010,12,2.1,25.2,,United Kingdom,Sale
536801,22113,GREY HEART HOT WATER BOTTLE,12/2/2010,4,3.75,15,,United Kingdom,Sale
536801,22750,FELTCRAFT PRINCESS LOLA DOLL,12/2/2010,4,3.75,15,,United Kingdom,Sale
536801,22749,FELTCRAFT PRINCESS CHARLOTTE DOLL,12/2/2010,4,3.75,15,,United Kingdom,Sale
536801,22568,FELTCRAFT CUSHION OWL,12/2/2010,4,3.75,15,,United Kingdom,Sale
536801,22111,SCOTTIE DOG HOT WATER BOTTLE,12/2/2010,6,4.95,29.7,,United Kingdom,Sale
536801,21559,STRAWBERRY LUNCH BOX WITH CUTLERY,12/2/2010,6,2.55,15.3,,United Kingdom,Sale
536801,22549,PICTURE DOMINOES,12/2/2010,12,1.45,17.4,,United Kingdom,Sale
536802,22735,RIBBON REEL SOCKS AND MITTENS,12/2/2010,10,1.65,16.5,17412,United Kingdom,Sale
536802,22941,CHRISTMAS LIGHTS 10 REINDEER,12/2/2010,4,8.5,34,17412,United Kingdom,Sale
536802,21731,RED TOADSTOOL LED NIGHT LIGHT,12/2/2010,12,1.65,19.8,17412,United Kingdom,Sale
536802,22837,HOT WATER BOTTLE BABUSHKA,12/2/2010,4,4.65,18.6,17412,United Kingdom,Sale
536802,22179,SET 10 NIGHT OWL LIGHTS,12/2/2010,8,6.75,54,17412,United Kingdom,Sale
536802,21463,MIRRORED DISCO BALL,12/2/2010,2,5.95,11.9,17412,United Kingdom,Sale
536802,21464,DISCO BALL ROTATOR BATTERY OPERATED,12/2/2010,2,4.25,8.5,17412,United Kingdom,Sale
536802,22779,WOODEN OWLS LIGHT GARLAND,12/2/2010,8,4.25,34,17412,United Kingdom,Sale
536803,22113,GREY HEART HOT WATER BOTTLE,12/2/2010,6,3.75,22.5,14911,EIRE,Sale
536804,21745,GAOLERS KEYS DECORATIVE GARDEN,12/2/2010,24,3.39,81.36,14031,United Kingdom,Sale
536804,22423,REGENCY CAKESTAND 3 TIER,12/2/2010,16,10.95,175.2,14031,United Kingdom,Sale
536804,22777,GLASS CLOCHE LARGE,12/2/2010,12,7.65,91.8,14031,United Kingdom,Sale
536804,22778,GLASS CLOCHE SMALL,12/2/2010,24,3.39,81.36,14031,United Kingdom,Sale
536804,21484,CHICK GREY HOT WATER BOTTLE,12/2/2010,36,2.95,106.2,14031,United Kingdom,Sale
536804,84029E,RED WOOLLY HOTTIE WHITE HEART,12/2/2010,48,3.39,162.72,14031,United Kingdom,Sale
536804,84029G,KNITTED UNION FLAG HOT WATER BOTTLE,12/2/2010,48,3.39,162.72,14031,United Kingdom,Sale
536804,37370,RETRO COFFEE MUGS ASSORTED,12/2/2010,72,1.06,76.32,14031,United Kingdom,Sale
536804,21524,DOORMAT SPOTTY HOME SWEET HOME,12/2/2010,10,6.75,67.5,14031,United Kingdom,Sale
536804,48138,DOORMAT UNION FLAG,12/2/2010,10,6.75,67.5,14031,United Kingdom,Sale
536804,22926,IVORY GIANT GARDEN THERMOMETER,12/2/2010,4,5.95,23.8,14031,United Kingdom,Sale
536804,22365,DOORMAT RESPECTABLE HOUSE,12/2/2010,10,6.75,67.5,14031,United Kingdom,Sale
536804,22326,ROUND SNACK BOXES SET OF4 WOODLAND,12/2/2010,6,2.95,17.7,14031,United Kingdom,Sale
536804,22328,ROUND SNACK BOXES SET OF 4 FRUITS,12/2/2010,6,2.95,17.7,14031,United Kingdom,Sale
536804,20679,EDWARDIAN PARASOL RED,12/2/2010,12,5.95,71.4,14031,United Kingdom,Sale
536804,15056BL,EDWARDIAN PARASOL BLACK,12/2/2010,12,5.95,71.4,14031,United Kingdom,Sale
536804,21658,GLASS  BEURRE DISH,12/2/2010,8,3.95,31.6,14031,United Kingdom,Sale
536804,22065,CHRISTMAS PUDDING TRINKET POT,12/2/2010,10,1.45,14.5,14031,United Kingdom,Sale
536804,22988,SOLDIERS EGG CUP,12/2/2010,72,1.25,90,14031,United Kingdom,Sale
536804,22697,GREEN REGENCY TEACUP AND SAUCER,12/2/2010,6,2.95,17.7,14031,United Kingdom,Sale
536804,22798,ANTIQUE GLASS DRESSING TABLE POT,12/2/2010,2,2.95,5.9,14031,United Kingdom,Sale
536804,84879,ASSORTED COLOUR BIRD ORNAMENT,12/2/2010,48,1.69,81.12,14031,United Kingdom,Sale
536804,22801,ANTIQUE GLASS PEDESTAL BOWL,12/2/2010,6,3.75,22.5,14031,United Kingdom,Sale
536804,22800,ANTIQUE TALL SWIRLGLASS TRINKET POT,12/2/2010,12,3.75,45,14031,United Kingdom,Sale
536804,79067,CORONA MEXICAN TRAY,12/2/2010,17,3.75,63.75,14031,United Kingdom,Sale
536805,21788,KIDS RAIN MAC BLUE,12/2/2010,24,0.85,20.4,14775,United Kingdom,Sale
536805,22321,BIRD DECORATION RED RETROSPOT,12/2/2010,12,0.85,10.2,14775,United Kingdom,Sale
536805,22492,MINI PAINT SET VINTAGE,12/2/2010,72,0.65,46.8,14775,United Kingdom,Sale
536805,20971,PINK BLUE FELT CRAFT TRINKET BOX,12/2/2010,12,1.25,15,14775,United Kingdom,Sale
536805,20972,PINK CREAM FELT CRAFT TRINKET BOX,12/2/2010,12,1.25,15,14775,United Kingdom,Sale
536805,20974,12 PENCILS SMALL TUBE SKULL,12/2/2010,24,0.65,15.6,14775,United Kingdom,Sale
536805,20973,12 PENCIL SMALL TUBE WOODLAND,12/2/2010,24,0.65,15.6,14775,United Kingdom,Sale
536805,22561,WOODEN SCHOOL COLOURING SET,12/2/2010,12,1.65,19.8,14775,United Kingdom,Sale
536805,22491,PACK OF 12 COLOURED PENCILS,12/2/2010,24,0.85,20.4,14775,United Kingdom,Sale
536805,22489,PACK OF 12 TRADITIONAL CRAYONS,12/2/2010,24,0.42,10.08,14775,United Kingdom,Sale
536805,15036,ASSORTED COLOURS SILK FAN,12/2/2010,12,0.75,9,14775,United Kingdom,Sale
536805,21069,VINTAGE BILLBOARD TEA MUG,12/2/2010,12,1.25,15,14775,United Kingdom,Sale
536805,37370,RETRO COFFEE MUGS ASSORTED,12/2/2010,12,1.25,15,14775,United Kingdom,Sale
536805,22567,20 DOLLY PEGS RETROSPOT,12/2/2010,12,1.25,15,14775,United Kingdom,Sale
536805,22558,CLOTHES PEGS RETROSPOT PACK 24,12/2/2010,12,1.49,17.88,14775,United Kingdom,Sale
536805,22408,MONEY BOX CONFECTIONERY DESIGN,12/2/2010,12,1.25,15,14775,United Kingdom,Sale
536805,22406,MONEY BOX KINGS CHOICE DESIGN,12/2/2010,12,1.25,15,14775,United Kingdom,Sale
536805,22405,MONEY BOX POCKET MONEY DESIGN,12/2/2010,12,1.25,15,14775,United Kingdom,Sale
536805,21908,CHOCOLATE THIS WAY METAL SIGN,12/2/2010,24,2.1,50.4,14775,United Kingdom,Sale
536805,85152,HAND OVER THE CHOCOLATE   SIGN,12/2/2010,24,2.1,50.4,14775,United Kingdom,Sale
536806,21803,CHRISTMAS TREE STAR DECORATION,12/2/2010,36,0.42,15.12,12971,United Kingdom,Sale
536806,22579,WOODEN TREE CHRISTMAS SCANDINAVIAN,12/2/2010,12,0.85,10.2,12971,United Kingdom,Sale
536806,82580,BATHROOM METAL SIGN,12/2/2010,12,0.55,6.6,12971,United Kingdom,Sale
536806,82581,TOILET METAL SIGN,12/2/2010,12,0.55,6.6,12971,United Kingdom,Sale
536806,82578,KITCHEN METAL SIGN,12/2/2010,12,0.55,6.6,12971,United Kingdom,Sale
C536807,22501,PICNIC BASKET WICKER LARGE,12/2/2010,-2,9.95,-19.9,15834,United Kingdom,Return
C536807,22778,GLASS CLOCHE SMALL,12/2/2010,-1,3.95,-3.95,15834,United Kingdom,Return
536808,22423,REGENCY CAKESTAND 3 TIER,12/2/2010,1,12.75,12.75,17659,United Kingdom,Sale
536808,22846,BREAD BIN DINER STYLE RED,12/2/2010,1,16.95,16.95,17659,United Kingdom,Sale
536808,21733,RED HANGING HEART T-LIGHT HOLDER,12/2/2010,6,2.95,17.7,17659,United Kingdom,Sale
536808,21669,BLUE STRIPE CERAMIC DRAWER KNOB,12/2/2010,12,1.25,15,17659,United Kingdom,Sale
536808,22634,CHILDS BREAKFAST SET SPACEBOY,12/2/2010,2,9.95,19.9,17659,United Kingdom,Sale
536808,21259,VICTORIAN SEWING BOX SMALL,12/2/2010,2,5.95,11.9,17659,United Kingdom,Sale
536808,21257,VICTORIAN SEWING BOX MEDIUM,12/2/2010,2,7.95,15.9,17659,United Kingdom,Sale
536808,22568,FELTCRAFT CUSHION OWL,12/2/2010,8,3.75,30,17659,United Kingdom,Sale
536808,22569,FELTCRAFT CUSHION BUTTERFLY,12/2/2010,8,3.75,30,17659,United Kingdom,Sale
536808,22570,FELTCRAFT CUSHION RABBIT,12/2/2010,12,3.75,45,17659,United Kingdom,Sale
536808,84029E,RED WOOLLY HOTTIE WHITE HEART,12/2/2010,4,3.75,15,17659,United Kingdom,Sale
536808,21481,FAWN BLUE HOT WATER BOTTLE,12/2/2010,6,2.95,17.7,17659,United Kingdom,Sale
536809,84950,ASSORTED COLOUR T-LIGHT HOLDER,12/2/2010,1824,0.55,1003.2,15299,United Kingdom,Sale
536810,21833,CAMOUFLAGE LED TORCH,12/2/2010,204,1.49,303.96,15299,United Kingdom,Sale
536811,22275,WEEKEND BAG VINTAGE ROSE PAISLEY,12/2/2010,69,7.65,527.85,15299,United Kingdom,Sale
C536812,22578,WOODEN STAR CHRISTMAS SCANDINAVIAN,12/2/2010,-36,0.85,-30.6,16546,United Kingdom,Return
C536812,22574,HEART WOODEN CHRISTMAS DECORATION,12/2/2010,-192,0.72,-138.24,16546,United Kingdom,Return
C536812,22593,CHRISTMAS GINGHAM STAR,12/2/2010,-144,0.72,-103.68,16546,United Kingdom,Return
C536812,22595,GINGHAM HEART DECORATION,12/2/2010,-144,0.72,-103.68,16546,United Kingdom,Return
C536812,22588,CARD HOLDER GINGHAM HEART,12/2/2010,-192,2.1,-403.2,16546,United Kingdom,Return
C536812,22130,PARTY CONE CHRISTMAS DECORATION,12/2/2010,-144,0.72,-103.68,16546,United Kingdom,Return
536813,37450,CERAMIC CAKE BOWL + HANGING CAKES,12/2/2010,6,2.95,17.7,15646,United Kingdom,Sale
536813,20668,DISCO BALL CHRISTMAS DECORATION,12/2/2010,24,0.12,2.88,15646,United Kingdom,Sale
536813,22818,CARD CHRISTMAS VILLAGE,12/2/2010,12,0.42,5.04,15646,United Kingdom,Sale
536813,22816,CARD MOTORBIKE SANTA,12/2/2010,12,0.42,5.04,15646,United Kingdom,Sale
536813,22043,CHRISTMAS CARD SCREEN PRINT,12/2/2010,12,0.42,5.04,15646,United Kingdom,Sale
536813,22044,CHRISTMAS CARD STACK OF PRESENTS,12/2/2010,12,0.42,5.04,15646,United Kingdom,Sale
536813,22042,CHRISTMAS CARD SINGING ANGEL,12/2/2010,12,0.42,5.04,15646,United Kingdom,Sale
536813,85032D,YULETIDE IMAGES GIFT WRAP SET,12/2/2010,6,2.1,12.6,15646,United Kingdom,Sale
536813,85049A,TRADITIONAL CHRISTMAS RIBBONS,12/2/2010,12,1.25,15,15646,United Kingdom,Sale
536813,22910,PAPER CHAIN KIT VINTAGE CHRISTMAS,12/2/2010,6,2.95,17.7,15646,United Kingdom,Sale
536813,22086,PAPER CHAIN KIT 50'S CHRISTMAS,12/2/2010,6,2.95,17.7,15646,United Kingdom,Sale
536813,72816,SET/3 CHRISTMAS DECOUPAGE CANDLES,12/2/2010,12,1.25,15,15646,United Kingdom,Sale
536813,35957,SMALLFOLKART BAUBLE CHRISTMAS DEC,12/2/2010,48,0.42,20.16,15646,United Kingdom,Sale
536813,17003,BROCADE RING PURSE,12/2/2010,36,0.21,7.56,15646,United Kingdom,Sale
536813,22089,PAPER BUNTING VINTAGE PAISLEY,12/2/2010,6,2.95,17.7,15646,United Kingdom,Sale
536813,22413,METAL SIGN TAKE IT OR LEAVE IT,12/2/2010,6,2.95,17.7,15646,United Kingdom,Sale
536813,46000S,POLYESTER FILLER PAD 40x40cm,12/2/2010,2,1.45,2.9,15646,United Kingdom,Sale
C536814,21527,RED RETROSPOT TRADITIONAL TEAPOT,12/2/2010,-2,7.95,-15.9,13958,United Kingdom,Return
C536814,72799E,IVORY PILLAR CANDLE SILVER FLOCK,12/2/2010,-6,2.95,-17.7,13958,United Kingdom,Return
C536814,85066,CREAM SWEETHEART MINI CHEST,12/2/2010,-2,12.75,-25.5,13958,United Kingdom,Return
C536814,21586,KINGS CHOICE GIANT TUBE MATCHES,12/2/2010,-12,2.55,-30.6,13958,United Kingdom,Return
C536814,21258,VICTORIAN SEWING BOX LARGE,12/2/2010,-1,12.75,-12.75,13958,United Kingdom,Return
C536815,85175,CACTI T-LIGHT CANDLES,12/2/2010,-1,0.42,-0.42,14443,United Kingdom,Return
C536815,22178,VICTORIAN GLASS HANGING T-LIGHT,12/2/2010,-1,1.25,-1.25,14443,United Kingdom,Return
C536816,21129,SILVER FISHING GNOME,12/2/2010,-2,6.95,-13.9,14443,United Kingdom,Return
C536817,22187,GREEN CHRISTMAS TREE CARD HOLDER,12/2/2010,-1,4.25,-4.25,14156,EIRE,Return
C536817,71477,COLOURED GLASS STAR T-LIGHT HOLDER,12/2/2010,-1,3.25,-3.25,14156,EIRE,Return
C536818,84947,ANTIQUE SILVER TEA GLASS ENGRAVED,12/2/2010,-1,1.25,-1.25,16995,United Kingdom,Return
536819,22427,ENAMEL FLOWER JUG CREAM,12/2/2010,3,5.95,17.85,13402,United Kingdom,Sale
536819,72741,GRAND CHOCOLATECANDLE,12/2/2010,9,1.45,13.05,13402,United Kingdom,Sale
536819,22898,CHILDRENS APRON APPLES DESIGN,12/2/2010,8,1.95,15.6,13402,United Kingdom,Sale
536819,22667,RECIPE BOX RETROSPOT,12/2/2010,6,2.95,17.7,13402,United Kingdom,Sale
536819,22328,ROUND SNACK BOXES SET OF 4 FRUITS,12/2/2010,12,2.95,35.4,13402,United Kingdom,Sale
536819,21506,FANCY FONT BIRTHDAY CARD,12/2/2010,12,0.42,5.04,13402,United Kingdom,Sale
536819,21519,GIN & TONIC DIET GREETING CARD,12/2/2010,12,0.42,5.04,13402,United Kingdom,Sale
536819,21213,PACK OF 72 SKULL CAKE CASES,12/2/2010,24,0.55,13.2,13402,United Kingdom,Sale
536819,21063,PARTY INVITES JAZZ HEARTS,12/2/2010,12,0.85,10.2,13402,United Kingdom,Sale
536819,21059,PARTY INVITES DINOSAURS,12/2/2010,12,0.85,10.2,13402,United Kingdom,Sale
536819,84375,SET OF 20 KIDS COOKIE CUTTERS,12/2/2010,24,2.1,50.4,13402,United Kingdom,Sale
536819,22625,RED KITCHEN SCALES,12/2/2010,2,8.5,17,13402,United Kingdom,Sale
536819,22624,IVORY KITCHEN SCALES,12/2/2010,2,8.5,17,13402,United Kingdom,Sale
536819,22988,SOLDIERS EGG CUP,12/2/2010,12,1.25,15,13402,United Kingdom,Sale
536819,21975,PACK OF 60 DINOSAUR CAKE CASES,12/2/2010,24,0.55,13.2,13402,United Kingdom,Sale
536819,20914,SET/5 RED RETROSPOT LID GLASS BOWLS,12/2/2010,12,2.95,35.4,13402,United Kingdom,Sale
536819,22429,ENAMEL MEASURING JUG CREAM,12/2/2010,4,4.25,17,13402,United Kingdom,Sale
C536820,22877,NUMBER TILE COTTAGE GARDEN 9,12/2/2010,-1,1.95,-1.95,18168,United Kingdom,Return
C536820,22869,NUMBER TILE COTTAGE GARDEN 1,12/2/2010,-1,1.95,-1.95,18168,United Kingdom,Return
C536820,22878,NUMBER TILE COTTAGE GARDEN No,12/2/2010,-1,2.1,-2.1,18168,United Kingdom,Return
C536820,21843,RED RETROSPOT CAKE STAND,12/2/2010,-1,10.95,-10.95,18168,United Kingdom,Return
536821,22630,DOLLY GIRL LUNCH BOX,12/2/2010,1,1.95,1.95,17757,United Kingdom,Sale
536821,22867,HAND WARMER BIRD DESIGN,12/2/2010,1,2.1,2.1,17757,United Kingdom,Sale
536821,21494,ROTATING LEAVES T-LIGHT HOLDER,12/2/2010,3,1.25,3.75,17757,United Kingdom,Sale
536821,21094,SET/6 RED SPOTTY PAPER PLATES,12/2/2010,6,0.85,5.1,17757,United Kingdom,Sale
536821,22651,GENTLEMAN SHIRT REPAIR KIT,12/2/2010,7,0.85,5.95,17757,United Kingdom,Sale
536821,21080,SET/20 RED RETROSPOT PAPER NAPKINS,12/2/2010,3,0.85,2.55,17757,United Kingdom,Sale
536821,22652,TRAVEL SEWING KIT,12/2/2010,1,1.65,1.65,17757,United Kingdom,Sale
536821,21217,RED RETROSPOT ROUND CAKE TINS,12/2/2010,1,9.95,9.95,17757,United Kingdom,Sale
536821,22502,PICNIC BASKET WICKER SMALL,12/2/2010,3,5.95,17.85,17757,United Kingdom,Sale
536821,22430,ENAMEL WATERING CAN CREAM,12/2/2010,1,4.95,4.95,17757,United Kingdom,Sale
536821,21429,RED GINGHAM ROSE JEWELLERY BOX,12/2/2010,1,1.65,1.65,17757,United Kingdom,Sale
536821,22666,RECIPE BOX PANTRY YELLOW DESIGN,12/2/2010,4,2.95,11.8,17757,United Kingdom,Sale
536821,22667,RECIPE BOX RETROSPOT,12/2/2010,4,2.95,11.8,17757,United Kingdom,Sale
536821,21034,REX CASH+CARRY JUMBO SHOPPER,12/2/2010,2,0.95,1.9,17757,United Kingdom,Sale
536821,22425,ENAMEL COLANDER CREAM,12/2/2010,2,4.95,9.9,17757,United Kingdom,Sale
536821,21086,SET/6 RED SPOTTY PAPER CUPS,12/2/2010,6,0.65,3.9,17757,United Kingdom,Sale
536821,21240,BLUE POLKADOT CUP,12/2/2010,8,0.85,6.8,17757,United Kingdom,Sale
536821,21239,PINK  POLKADOT CUP,12/2/2010,8,0.85,6.8,17757,United Kingdom,Sale
536821,21238,RED RETROSPOT CUP,12/2/2010,5,0.85,4.25,17757,United Kingdom,Sale
536821,22617,BAKING SET SPACEBOY DESIGN,12/2/2010,1,4.95,4.95,17757,United Kingdom,Sale
536821,22083,PAPER CHAIN KIT RETROSPOT,12/2/2010,6,2.95,17.7,17757,United Kingdom,Sale
536821,22197,POPCORN HOLDER,12/2/2010,5,0.85,4.25,17757,United Kingdom,Sale
536821,22631,CIRCUS PARADE LUNCH BOX,12/2/2010,1,1.95,1.95,17757,United Kingdom,Sale
C536822,22847,BREAD BIN DINER STYLE IVORY,12/2/2010,-2,16.95,-33.9,14625,United Kingdom,Return
C536822,21430,SET/3 RED GINGHAM ROSE STORAGE BOX,12/2/2010,-1,3.75,-3.75,14625,United Kingdom,Return
536823,22508,DOORSTOP RETROSPOT HEART,12/2/2010,4,3.75,15,13011,United Kingdom,Sale
536823,82494L,WOODEN FRAME ANTIQUE WHITE,12/2/2010,6,2.95,17.7,13011,United Kingdom,Sale
536823,85014A,BLACK/BLUE POLKADOT UMBRELLA,12/2/2010,3,5.95,17.85,13011,United Kingdom,Sale
536824,85123A,WHITE HANGING HEART T-LIGHT HOLDER,12/2/2010,160,2.55,408,13798,United Kingdom,Sale
C536825,22617,BAKING SET SPACEBOY DESIGN,12/2/2010,-1,4.95,-4.95,15384,United Kingdom,Return
C536825,22197,POPCORN HOLDER,12/2/2010,-2,0.85,-1.7,15384,United Kingdom,Return
C536826,35004B,SET OF 3 BLACK FLYING DUCKS,12/2/2010,-2,4.65,-9.3,17924,United Kingdom,Return
C536826,35004B,SET OF 3 BLACK FLYING DUCKS,12/2/2010,-3,4.65,-13.95,17924,United Kingdom,Return
C536827,21527,RED RETROSPOT TRADITIONAL TEAPOT,12/2/2010,-3,6.95,-20.85,13408,United Kingdom,Return
C536828,22832,BROCANTE SHELF WITH HOOKS,12/2/2010,-1,10.75,-10.75,14264,United Kingdom,Return
C536828,84946,ANTIQUE SILVER T-LIGHT GLASS,12/2/2010,-3,1.25,-3.75,14264,United Kingdom,Return
C536829,71477,COLOURED GLASS STAR T-LIGHT HOLDER,12/2/2010,-1,3.25,-3.25,13295,United Kingdom,Return
536830,84077,WORLD WAR 2 GLIDERS ASSTD DESIGNS,12/2/2010,2880,0.18,518.4,16754,United Kingdom,Sale
536830,21915,RED  HARMONICA IN BOX,12/2/2010,1400,1.06,1484,16754,United Kingdom,Sale
536831,84880,WHITE WIRE EGG HOLDER,12/2/2010,12,4.95,59.4,16029,United Kingdom,Sale
536831,22207,FRYING PAN UNION FLAG,12/2/2010,48,3.75,180,16029,United Kingdom,Sale
536831,21929,JUMBO BAG PINK VINTAGE PAISLEY,12/2/2010,100,1.65,165,16029,United Kingdom,Sale
536831,21928,JUMBO BAG SCANDINAVIAN BLUE PAISLEY,12/2/2010,100,1.65,165,16029,United Kingdom,Sale
536832,21927,BLUE/CREAM STRIPE CUSHION COVER,12/2/2010,24,1.25,30,16634,United Kingdom,Sale
536832,21925,UNION STRIPE CUSHION COVER,12/2/2010,12,1.25,15,16634,United Kingdom,Sale
536832,71477,COLOURED GLASS STAR T-LIGHT HOLDER,12/2/2010,4,3.25,13,16634,United Kingdom,Sale
536832,21733,RED HANGING HEART T-LIGHT HOLDER,12/2/2010,6,2.95,17.7,16634,United Kingdom,Sale
536832,22763,KEY CABINET MA CAMPAGNE,12/2/2010,2,9.95,19.9,16634,United Kingdom,Sale
536832,22863,SOAP DISH BROCANTE,12/2/2010,6,2.95,17.7,16634,United Kingdom,Sale
536832,84406B,CREAM CUPID HEARTS COAT HANGER,12/2/2010,8,3.25,26,16634,United Kingdom,Sale
536832,85066,CREAM SWEETHEART MINI CHEST,12/2/2010,2,12.75,25.5,16634,United Kingdom,Sale
536833,85123A,WHITE HANGING HEART T-LIGHT HOLDER,12/2/2010,6,2.95,17.7,18239,United Kingdom,Sale
536833,84970S,HANGING HEART ZINC T-LIGHT HOLDER,12/2/2010,12,0.85,10.2,18239,United Kingdom,Sale
536833,20749,ASSORTED COLOUR MINI CASES,12/2/2010,2,7.95,15.9,18239,United Kingdom,Sale
536833,15060B,FAIRY CAKE DESIGN UMBRELLA,12/2/2010,4,3.75,15,18239,United Kingdom,Sale
536833,85014B,RED RETROSPOT UMBRELLA,12/2/2010,3,5.95,17.85,18239,United Kingdom,Sale
536833,22464,HANGING METAL HEART LANTERN,12/2/2010,12,1.65,19.8,18239,United Kingdom,Sale
536833,22465,HANGING METAL STAR LANTERN,12/2/2010,12,1.65,19.8,18239,United Kingdom,Sale
536833,22785,SQUARECUSHION COVER PINK UNION,12/2/2010,4,6.75,27,18239,United Kingdom,Sale
536833,71053,WHITE METAL LANTERN,12/2/2010,4,3.75,15,18239,United Kingdom,Sale
536833,22969,HOMEMADE JAM SCENTED CANDLES,12/2/2010,12,1.45,17.4,18239,United Kingdom,Sale
536833,22810,SET OF 6 T-LIGHTS SNOWMEN,12/2/2010,6,2.95,17.7,18239,United Kingdom,Sale
536833,22186,RED STAR CARD HOLDER,12/2/2010,6,2.95,17.7,18239,United Kingdom,Sale
536833,22187,GREEN CHRISTMAS TREE CARD HOLDER,12/2/2010,4,4.25,17,18239,United Kingdom,Sale
536833,22141,CHRISTMAS CRAFT TREE TOP ANGEL,12/2/2010,6,2.1,12.6,18239,United Kingdom,Sale
536833,22144,CHRISTMAS CRAFT LITTLE FRIENDS,12/2/2010,6,2.1,12.6,18239,United Kingdom,Sale
536833,22121,NOEL WOODEN BLOCK LETTERS,12/2/2010,3,5.95,17.85,18239,United Kingdom,Sale
536833,21364,PEACE SMALL WOOD LETTERS,12/2/2010,2,6.75,13.5,18239,United Kingdom,Sale
536833,22573,STAR WOODEN CHRISTMAS DECORATION,12/2/2010,12,0.85,10.2,18239,United Kingdom,Sale
536833,22576,SWALLOW WOODEN CHRISTMAS DECORATION,12/2/2010,12,0.85,10.2,18239,United Kingdom,Sale
536833,22578,WOODEN STAR CHRISTMAS SCANDINAVIAN,12/2/2010,12,0.85,10.2,18239,United Kingdom,Sale
536833,22593,CHRISTMAS GINGHAM STAR,12/2/2010,12,0.85,10.2,18239,United Kingdom,Sale
536833,22595,GINGHAM HEART DECORATION,12/2/2010,12,0.85,10.2,18239,United Kingdom,Sale
536833,35961,FOLKART ZINC HEART CHRISTMAS DEC,12/2/2010,12,0.85,10.2,18239,United Kingdom,Sale
536833,22334,DINOSAUR PARTY BAG + STICKER SET,12/2/2010,8,1.65,13.2,18239,United Kingdom,Sale
536833,22910,PAPER CHAIN KIT VINTAGE CHRISTMAS,12/2/2010,6,2.95,17.7,18239,United Kingdom,Sale
536833,22065,CHRISTMAS PUDDING TRINKET POT,12/2/2010,12,1.45,17.4,18239,United Kingdom,Sale
536833,21349,IVY HEART WREATH,12/2/2010,2,6.75,13.5,18239,United Kingdom,Sale
536833,21352,EUCALYPTUS & PINECONE  WREATH,12/2/2010,2,6.75,13.5,18239,United Kingdom,Sale
536833,21621,VINTAGE UNION JACK BUNTING,12/2/2010,2,8.5,17,18239,United Kingdom,Sale
536834,21111,"SWISS ROLL TOWEL, CHOCOLATE  SPOTS",12/2/2010,12,2.95,35.4,14576,United Kingdom,Sale
536835,22655,VINTAGE RED KITCHEN CABINET,12/2/2010,1,295,295,13145,United Kingdom,Sale
536836,21231,SWEETHEART CERAMIC TRINKET BOX,12/2/2010,20,1.25,25,18168,United Kingdom,Sale
536836,21232,STRAWBERRY CERAMIC TRINKET BOX,12/2/2010,20,1.25,25,18168,United Kingdom,Sale
536836,22060,LARGE CAKE STAND HANGING HEARTS,12/2/2010,2,9.95,19.9,18168,United Kingdom,Sale
536836,37449,CERAMIC CAKE STAND + HANGING CAKES,12/2/2010,2,9.95,19.9,18168,United Kingdom,Sale
536836,22061,LARGE CAKE STAND  HANGING STRAWBERY,12/2/2010,2,9.95,19.9,18168,United Kingdom,Sale
536836,21843,RED RETROSPOT CAKE STAND,12/2/2010,2,10.95,21.9,18168,United Kingdom,Sale
536836,21531,RED RETROSPOT SUGAR JAM BOWL,12/2/2010,2,2.55,5.1,18168,United Kingdom,Sale
536836,21539,RED RETROSPOT BUTTER DISH,12/2/2010,3,4.95,14.85,18168,United Kingdom,Sale
536836,22198,LARGE POPCORN HOLDER,12/2/2010,2,1.65,3.3,18168,United Kingdom,Sale
536836,22197,POPCORN HOLDER,12/2/2010,2,0.85,1.7,18168,United Kingdom,Sale
536836,22633,HAND WARMER UNION JACK,12/2/2010,4,2.1,8.4,18168,United Kingdom,Sale
536836,22180,RETROSPOT LAMP,12/2/2010,1,9.95,9.95,18168,United Kingdom,Sale
536836,21218,RED SPOTTY BISCUIT TIN,12/2/2010,2,3.75,7.5,18168,United Kingdom,Sale
536836,21155,RED RETROSPOT PEG BAG,12/2/2010,1,2.1,2.1,18168,United Kingdom,Sale
536836,21039,RED RETROSPOT SHOPPING BAG,12/2/2010,1,2.55,2.55,18168,United Kingdom,Sale
536836,21157,RED RETROSPOT WASHBAG,12/2/2010,1,2.1,2.1,18168,United Kingdom,Sale
536836,21041,RED RETROSPOT OVEN GLOVE DOUBLE,12/2/2010,1,2.95,2.95,18168,United Kingdom,Sale
536836,21154,RED RETROSPOT OVEN GLOVE,12/2/2010,1,1.25,1.25,18168,United Kingdom,Sale
536836,21154,RED RETROSPOT OVEN GLOVE,12/2/2010,2,1.25,2.5,18168,United Kingdom,Sale
536836,21035,SET/2 RED RETROSPOT TEA TOWELS,12/2/2010,1,2.95,2.95,18168,United Kingdom,Sale
536836,47570B,TEA TIME TABLE CLOTH,12/2/2010,1,10.65,10.65,18168,United Kingdom,Sale
536836,47567B,TEA TIME KITCHEN APRON,12/2/2010,2,5.95,11.9,18168,United Kingdom,Sale
536836,47559B,TEA TIME OVEN GLOVE,12/2/2010,6,1.25,7.5,18168,United Kingdom,Sale
536836,22193,RED DINER WALL CLOCK,12/2/2010,1,8.5,8.5,18168,United Kingdom,Sale
536836,22649,STRAWBERRY FAIRY CAKE TEAPOT,12/2/2010,1,4.95,4.95,18168,United Kingdom,Sale
536836,16156S,WRAP PINK FAIRY CAKES,12/2/2010,25,0.42,10.5,18168,United Kingdom,Sale
536836,16161P,WRAP ENGLISH ROSE,12/2/2010,25,0.42,10.5,18168,United Kingdom,Sale
536837,82486,WOOD S/3 CABINET ANT WHITE FINISH,12/2/2010,2,7.95,15.9,14395,United Kingdom,Sale
536837,82483,WOOD 2 DRAWER CABINET WHITE FINISH,12/2/2010,4,5.95,23.8,14395,United Kingdom,Sale
536837,82482,WOODEN PICTURE FRAME WHITE FINISH,12/2/2010,6,2.55,15.3,14395,United Kingdom,Sale
536837,21754,HOME BUILDING BLOCK WORD,12/2/2010,3,5.95,17.85,14395,United Kingdom,Sale
536837,21755,LOVE BUILDING BLOCK WORD,12/2/2010,3,5.95,17.85,14395,United Kingdom,Sale
,,,,,,,,,
,,,,,,,,,
,,,,,,,,,
,,,,,,,,,
,,,,,,,,,
,,,,,,,,,
,,,,,,,,,
,,,,,,,,,
,,,,,,,,,
,,,,,,,,,
,,,,,,,,,
,,,,,,,,,
,,,,,,,,,
,,,,,,,,,
,,,,,,,,,
,,,,,,,,,
,,,,,,,,,
,,,,,,,,,
,,,,,,,,,
,,,,,,,,,
,,,,,,,,,
,,,,,,,,,
,,,,,,,,,
,,,,,,,,,
,,,,,,,,,
,,,,,,,,,
,,,,,,,,,
,,,,,,,,,
,,,,,,,,,
,,,,,,,,,
,,,,,,,,,
,,,,,,,,,
,,,,,,,,,
,,,,,,,,,
,,,,,,,,,
,,,,,,,,,
,,,,,,,,,
,,,,,,,,,
,,,,,,,,,
,,,,,,,,,
,,,,,,,,,
,,,,,,,,,
,,,,,,,,,
,,,,,,,,,
,,,,,,,,,
,,,,,,,,,
,,,,,,,,,
,,,,,,,,,
,,,,,,,,,
,,,,,,,,,
,,,,,,,,,
,,,,,,,,,
,,,,,,,,,
,,,,,,,,,
,,,,,,,,,
,,,,,,,,,
,,,,,,,,,
,,,,,,,,,
,,,,,,,,,
,,,,,,,,,
,,,,,,,,,
,,,,,,,,,
,,,,,,,,,
,,,,,,,,,
,,,,,,,,,
,,,,,,,,,
,,,,,,,,,
,,,,,,,,,
,,,,,,,,,
,,,,,,,,,
,,,,,,,,,
,,,,,,,,,
,,,,,,,,,
,,,,,,,,,
,,,,,,,,,
,,,,,,,,,
,,,,,,,,,
,,,,,,,,,
,,,,,,,,,
,,,,,,,,,
,,,,,,,,,
,,,,,,,,,
,,,,,,,,,
,,,,,,,,,
,,,,,,,,,
,,,,,,,,,
,,,,,,,,,
,,,,,,,,,
,,,,,,,,,
,,,,,,,,,
,,,,,,,,,
,,,,,,,,,
,,,,,,,,,
,,,,,,,,,
,,,,,,,,,
,,,,,,,,,
,,,,,,,,,
,,,,,,,,,
,,,,,,,,,
,,,,,,,,,
,,,,,,,,,
,,,,,,,,,
,,,,,,,,,
,,,,,,,,,
,,,,,,,,,
,,,,,,,,,
,,,,,,,,,
,,,,,,,,,
,,,,,,,,,
,,,,,,,,,
,,,,,,,,,
,,,,,,,,,
,,,,,,,,,
,,,,,,,,,
,,,,,,,,,
,,,,,,,,,
,,,,,,,,,
,,,,,,,,,
,,,,,,,,,
,,,,,,,,,
,,,,,,,,,
,,,,,,,,,
,,,,,,,,,
,,,,,,,,,
,,,,,,,,,
,,,,,,,,,
,,,,,,,,,
,,,,,,,,,
,,,,,,,,,
,,,,,,,,,
,,,,,,,,,
,,,,,,,,,
,,,,,,,,,
,,,,,,,,,
,,,,,,,,,
,,,,,,,,,
,,,,,,,,,
,,,,,,,,,
,,,,,,,,,
,,,,,,,,,
,,,,,,,,,
,,,,,,,,,
,,,,,,,,,
,,,,,,,,,
,,,,,,,,,
,,,,,,,,,
,,,,,,,,,
,,,,,,,,,
,,,,,,,,,
,,,,,,,,,
,,,,,,,,,
,,,,,,,,,
,,,,,,,,,
,,,,,,,,,
,,,,,,,,,
,,,,,,,,,
,,,,,,,,,
,,,,,,,,,
,,,,,,,,,
,,,,,,,,,
,,,,,,,,,
,,,,,,,,,
,,,,,,,,,
,,,,,,,,,
,,,,,,,,,
,,,,,,,,,
,,,,,,,,,
,,,,,,,,,
,,,,,,,,,
,,,,,,,,,
,,,,,,,,,
,,,,,,,,,
,,,,,,,,,
,,,,,,,,,
,,,,,,,,,
,,,,,,,,,
,,,,,,,,,
,,,,,,,,,
,,,,,,,,,
,,,,,,,,,
,,,,,,,,,
,,,,,,,,,
,,,,,,,,,
,,,,,,,,,
,,,,,,,,,
,,,,,,,,,
,,,,,,,,,
,,,,,,,,,
,,,,,,,,,
,,,,,,,,,
,,,,,,,,,
,,,,,,,,,
,,,,,,,,,
,,,,,,,,,
,,,,,,,,,
,,,,,,,,,
,,,,,,,,,
,,,,,,,,,
,,,,,,,,,
,,,,,,,,,
,,,,,,,,,
,,,,,,,,,
,,,,,,,,,
,,,,,,,,,
,,,,,,,,,
,,,,,,,,,
,,,,,,,,,
,,,,,,,,,
,,,,,,,,,
,,,,,,,,,
,,,,,,,,,
,,,,,,,,,
,,,,,,,,,
,,,,,,,,,
,,,,,,,,,
,,,,,,,,,
,,,,,,,,,
,,,,,,,,,
,,,,,,,,,
,,,,,,,,,
,,,,,,,,,
,,,,,,,,,
,,,,,,,,,
,,,,,,,,,
,,,,,,,,,
,,,,,,,,,
,,,,,,,,,
,,,,,,,,,
,,,,,,,,,
,,,,,,,,,
,,,,,,,,,
,,,,,,,,,
,,,,,,,,,
,,,,,,,,,
,,,,,,,,,
,,,,,,,,,
,,,,,,,,,
,,,,,,,,,
,,,,,,,,,
,,,,,,,,,
,,,,,,,,,
,,,,,,,,,
,,,,,,,,,
,,,,,,,,,
,,,,,,,,,
,,,,,,,,,
,,,,,,,,,
,,,,,,,,,
,,,,,,,,,
,,,,,,,,,
,,,,,,,,,
,,,,,,,,,
,,,,,,,,,
,,,,,,,,,
,,,,,,,,,
,,,,,,,,,
,,,,,,,,,
,,,,,,,,,
,,,,,,,,,
,,,,,,,,,
,,,,,,,,,
,,,,,,,,,
,,,,,,,,,
,,,,,,,,,
,,,,,,,,,
,,,,,,,,,
,,,,,,,,,
,,,,,,,,,
,,,,,,,,,
,,,,,,,,,
,,,,,,,,,
,,,,,,,,,
,,,,,,,,,
,,,,,,,,,
,,,,,,,,,
,,,,,,,,,
,,,,,,,,,
,,,,,,,,,
,,,,,,,,,
,,,,,,,,,
,,,,,,,,,
,,,,,,,,,
,,,,,,,,,
,,,,,,,,,
,,,,,,,,,
,,,,,,,,,
,,,,,,,,,
,,,,,,,,,
,,,,,,,,,
,,,,,,,,,
,,,,,,,,,
,,,,,,,,,
,,,,,,,,,
,,,,,,,,,
,,,,,,,,,
,,,,,,,,,
,,,,,,,,,
,,,,,,,,,
,,,,,,,,,
,,,,,,,,,
,,,,,,,,,
,,,,,,,,,
,,,,,,,,,
,,,,,,,,,
,,,,,,,,,
,,,,,,,,,
,,,,,,,,,
,,,,,,,,,
,,,,,,,,,
,,,,,,,,,
,,,,,,,,,
,,,,,,,,,
,,,,,,,,,
,,,,,,,,,
,,,,,,,,,
,,,,,,,,,
,,,,,,,,,
,,,,,,,,,
,,,,,,,,,
,,,,,,,,,
,,,,,,,,,
,,,,,,,,,
,,,,,,,,,
,,,,,,,,,
,,,,,,,,,
,,,,,,,,,
,,,,,,,,,
,,,,,,,,,
,,,,,,,,,
,,,,,,,,,
,,,,,,,,,
,,,,,,,,,
,,,,,,,,,
,,,,,,,,,
,,,,,,,,,
,,,,,,,,,
,,,,,,,,,
,,,,,,,,,
,,,,,,,,,
,,,,,,,,,
,,,,,,,,,
,,,,,,,,,
,,,,,,,,,
,,,,,,,,,
,,,,,,,,,
,,,,,,,,,
,,,,,,,,,
,,,,,,,,,
,,,,,,,,,
,,,,,,,,,
,,,,,,,,,
,,,,,,,,,
,,,,,,,,,
,,,,,,,,,
,,,,,,,,,
,,,,,,,,,
,,,,,,,,,
,,,,,,,,,
,,,,,,,,,
,,,,,,,,,
,,,,,,,,,
,,,,,,,,,
,,,,,,,,,
,,,,,,,,,
,,,,,,,,,
,,,,,,,,,
,,,,,,,,,
,,,,,,,,,
,,,,,,,,,
,,,,,,,,,
,,,,,,,,,
,,,,,,,,,
,,,,,,,,,
,,,,,,,,,
,,,,,,,,,
,,,,,,,,,
,,,,,,,,,
,,,,,,,,,
,,,,,,,,,
,,,,,,,,,
,,,,,,,,,
,,,,,,,,,
,,,,,,,,,
,,,,,,,,,
,,,,,,,,,
,,,,,,,,,
,,,,,,,,,
,,,,,,,,,
,,,,,,,,,
,,,,,,,,,
,,,,,,,,,
,,,,,,,,,
,,,,,,,,,
,,,,,,,,,
,,,,,,,,,
,,,,,,,,,
,,,,,,,,,
,,,,,,,,,
,,,,,,,,,
,,,,,,,,,
,,,,,,,,,
,,,,,,,,,
,,,,,,,,,
,,,,,,,,,
,,,,,,,,,
,,,,,,,,,
,,,,,,,,,
,,,,,,,,,
,,,,,,,,,
,,,,,,,,,
,,,,,,,,,
,,,,,,,,,
,,,,,,,,,
,,,,,,,,,
,,,,,,,,,
,,,,,,,,,
,,,,,,,,,
,,,,,,,,,
,,,,,,,,,
,,,,,,,,,
,,,,,,,,,
,,,,,,,,,
,,,,,,,,,
,,,,,,,,,
,,,,,,,,,
,,,,,,,,,
,,,,,,,,,
,,,,,,,,,
,,,,,,,,,
,,,,,,,,,
,,,,,,,,,
,,,,,,,,,
,,,,,,,,,
,,,,,,,,,
,,,,,,,,,
,,,,,,,,,
,,,,,,,,,
,,,,,,,,,
,,,,,,,,,
,,,,,,,,,
,,,,,,,,,
,,,,,,,,,
,,,,,,,,,
,,,,,,,,,
,,,,,,,,,
,,,,,,,,,
,,,,,,,,,
,,,,,,,,,
,,,,,,,,,
,,,,,,,,,
,,,,,,,,,
,,,,,,,,,
,,,,,,,,,
,,,,,,,,,
,,,,,,,,,
,,,,,,,,,
,,,,,,,,,
,,,,,,,,,
,,,,,,,,,
,,,,,,,,,
,,,,,,,,,
,,,,,,,,,
,,,,,,,,,
,,,,,,,,,
,,,,,,,,,
,,,,,,,,,
,,,,,,,,,
,,,,,,,,,
,,,,,,,,,
,,,,,,,,,
,,,,,,,,,
,,,,,,,,,
,,,,,,,,,
,,,,,,,,,
,,,,,,,,,
,,,,,,,,,
,,,,,,,,,
,,,,,,,,,
,,,,,,,,,
,,,,,,,,,
,,,,,,,,,
,,,,,,,,,
,,,,,,,,,
,,,,,,,,,
,,,,,,,,,
,,,,,,,,,
,,,,,,,,,
,,,,,,,,,
,,,,,,,,,
,,,,,,,,,
,,,,,,,,,
,,,,,,,,,
,,,,,,,,,
,,,,,,,,,
,,,,,,,,,
,,,,,,,,,
,,,,,,,,,
,,,,,,,,,
,,,,,,,,,
,,,,,,,,,
,,,,,,,,,
,,,,,,,,,
,,,,,,,,,
,,,,,,,,,
,,,,,,,,,
,,,,,,,,,
,,,,,,,,,
,,,,,,,,,
,,,,,,,,,
,,,,,,,,,
,,,,,,,,,
,,,,,,,,,
,,,,,,,,,
,,,,,,,,,
,,,,,,,,,
,,,,,,,,,
,,,,,,,,,
,,,,,,,,,
,,,,,,,,,
,,,,,,,,,
,,,,,,,,,
,,,,,,,,,
,,,,,,,,,
,,,,,,,,,
,,,,,,,,,
,,,,,,,,,
,,,,,,,,,
,,,,,,,,,
,,,,,,,,,
,,,,,,,,,
,,,,,,,,,
,,,,,,,,,
,,,,,,,,,
,,,,,,,,,
,,,,,,,,,
,,,,,,,,,
,,,,,,,,,
,,,,,,,,,
,,,,,,,,,
,,,,,,,,,
,,,,,,,,,
,,,,,,,,,
,,,,,,,,,
,,,,,,,,,
,,,,,,,,,
,,,,,,,,,
,,,,,,,,,
,,,,,,,,,
,,,,,,,,,
,,,,,,,,,
,,,,,,,,,
,,,,,,,,,
,,,,,,,,,
,,,,,,,,,
,,,,,,,,,
,,,,,,,,,
,,,,,,,,,
,,,,,,,,,
,,,,,,,,,
,,,,,,,,,
,,,,,,,,,
,,,,,,,,,
,,,,,,,,,
,,,,,,,,,
,,,,,,,,,
,,,,,,,,,
,,,,,,,,,
,,,,,,,,,
,,,,,,,,,
,,,,,,,,,
,,,,,,,,,
,,,,,,,,,
,,,,,,,,,
,,,,,,,,,
,,,,,,,,,
,,,,,,,,,
,,,,,,,,,
,,,,,,,,,
,,,,,,,,,
,,,,,,,,,
,,,,,,,,,
,,,,,,,,,
,,,,,,,,,
,,,,,,,,,
,,,,,,,,,
,,,,,,,,,
,,,,,,,,,
,,,,,,,,,
,,,,,,,,,
,,,,,,,,,
,,,,,,,,,
,,,,,,,,,
,,,,,,,,,
,,,,,,,,,
,,,,,,,,,
,,,,,,,,,
,,,,,,,,,
,,,,,,,,,
,,,,,,,,,
,,,,,,,,,
,,,,,,,,,
,,,,,,,,,
,,,,,,,,,
,,,,,,,,,
,,,,,,,,,
,,,,,,,,,
,,,,,,,,,
,,,,,,,,,
,,,,,,,,,
,,,,,,,,,
,,,,,,,,,
,,,,,,,,,
,,,,,,,,,
,,,,,,,,,
,,,,,,,,,
,,,,,,,,,
,,,,,,,,,
,,,,,,,,,
,,,,,,,,,
,,,,,,,,,
,,,,,,,,,
,,,,,,,,,
,,,,,,,,,
,,,,,,,,,
,,,,,,,,,
,,,,,,,,,
,,,,,,,,,
,,,,,,,,,
,,,,,,,,,
,,,,,,,,,
,,,,,,,,,
,,,,,,,,,
,,,,,,,,,
,,,,,,,,,
,,,,,,,,,
,,,,,,,,,
,,,,,,,,,
,,,,,,,,,
,,,,,,,,,
,,,,,,,,,
,,,,,,,,,
,,,,,,,,,
,,,,,,,,,
,,,,,,,,,
,,,,,,,,,
,,,,,,,,,
,,,,,,,,,
,,,,,,,,,
,,,,,,,,,
,,,,,,,,,
,,,,,,,,,
,,,,,,,,,
,,,,,,,,,
,,,,,,,,,
,,,,,,,,,
,,,,,,,,,
,,,,,,,,,
,,,,,,,,,
,,,,,,,,,
,,,,,,,,,
,,,,,,,,,
,,,,,,,,,
,,,,,,,,,
,,,,,,,,,
,,,,,,,,,
,,,,,,,,,
,,,,,,,,,
,,,,,,,,,
,,,,,,,,,
,,,,,,,,,
,,,,,,,,,
,,,,,,,,,
,,,,,,,,,
,,,,,,,,,
,,,,,,,,,
,,,,,,,,,
,,,,,,,,,
,,,,,,,,,
,,,,,,,,,
,,,,,,,,,
,,,,,,,,,
,,,,,,,,,
,,,,,,,,,
,,,,,,,,,
,,,,,,,,,
,,,,,,,,,
,,,,,,,,,
,,,,,,,,,
,,,,,,,,,
,,,,,,,,,
,,,,,,,,,
,,,,,,,,,
,,,,,,,,,
,,,,,,,,,
,,,,,,,,,
,,,,,,,,,
,,,,,,,,,
,,,,,,,,,
,,,,,,,,,
,,,,,,,,,
,,,,,,,,,
,,,,,,,,,
,,,,,,,,,
,,,,,,,,,
,,,,,,,,,
,,,,,,,,,
,,,,,,,,,
,,,,,,,,,
,,,,,,,,,
,,,,,,,,,
,,,,,,,,,
,,,,,,,,,
,,,,,,,,,
,,,,,,,,,
,,,,,,,,,
,,,,,,,,,
,,,,,,,,,
,,,,,,,,,
,,,,,,,,,
,,,,,,,,,
,,,,,,,,,
,,,,,,,,,
,,,,,,,,,
,,,,,,,,,
,,,,,,,,,
,,,,,,,,,
,,,,,,,,,
,,,,,,,,,
,,,,,,,,,
,,,,,,,,,
,,,,,,,,,
,,,,,,,,,
,,,,,,,,,
,,,,,,,,,
,,,,,,,,,
,,,,,,,,,
,,,,,,,,,
,,,,,,,,,
,,,,,,,,,
,,,,,,,,,
,,,,,,,,,
,,,,,,,,,
,,,,,,,,,
,,,,,,,,,
,,,,,,,,,
,,,,,,,,,
,,,,,,,,,
,,,,,,,,,
,,,,,,,,,
,,,,,,,,,
,,,,,,,,,
,,,,,,,,,
,,,,,,,,,
,,,,,,,,,
,,,,,,,,,
,,,,,,,,,
,,,,,,,,,
,,,,,,,,,
,,,,,,,,,
,,,,,,,,,
,,,,,,,,,
,,,,,,,,,
,,,,,,,,,
,,,,,,,,,
,,,,,,,,,
,,,,,,,,,
,,,,,,,,,
,,,,,,,,,
,,,,,,,,,
,,,,,,,,,
,,,,,,,,,
,,,,,,,,,
,,,,,,,,,
,,,,,,,,,
,,,,,,,,,
,,,,,,,,,
,,,,,,,,,
,,,,,,,,,
,,,,,,,,,
,,,,,,,,,
,,,,,,,,,
,,,,,,,,,
,,,,,,,,,
,,,,,,,,,
,,,,,,,,,
,,,,,,,,,
,,,,,,,,,
,,,,,,,,,
,,,,,,,,,
,,,,,,,,,
,,,,,,,,,
,,,,,,,,,
,,,,,,,,,
,,,,,,,,,
,,,,,,,,,
,,,,,,,,,
,,,,,,,,,
,,,,,,,,,
,,,,,,,,,
,,,,,,,,,
,,,,,,,,,
,,,,,,,,,
,,,,,,,,,
,,,,,,,,,
,,,,,,,,,
,,,,,,,,,
,,,,,,,,,
,,,,,,,,,
,,,,,,,,,
,,,,,,,,,
,,,,,,,,,
,,,,,,,,,
,,,,,,,,,
,,,,,,,,,
,,,,,,,,,
,,,,,,,,,
,,,,,,,,,
,,,,,,,,,
,,,,,,,,,
,,,,,,,,,
,,,,,,,,,
,,,,,,,,,
,,,,,,,,,
,,,,,,,,,
,,,,,,,,,
,,,,,,,,,
,,,,,,,,,
,,,,,,,,,
,,,,,,,,,
,,,,,,,,,
,,,,,,,,,
,,,,,,,,,
,,,,,,,,,
,,,,,,,,,
,,,,,,,,,
,,,,,,,,,
,,,,,,,,,
,,,,,,,,,
,,,,,,,,,
,,,,,,,,,
,,,,,,,,,
,,,,,,,,,
,,,,,,,,,
,,,,,,,,,
,,,,,,,,,
,,,,,,,,,
,,,,,,,,,
,,,,,,,,,
,,,,,,,,,
,,,,,,,,,
,,,,,,,,,
,,,,,,,,,
,,,,,,,,,
,,,,,,,,,
,,,,,,,,,
,,,,,,,,,
,,,,,,,,,
,,,,,,,,,
,,,,,,,,,
,,,,,,,,,
,,,,,,,,,
,,,,,,,,,
,,,,,,,,,
,,,,,,,,,
,,,,,,,,,
,,,,,,,,,
,,,,,,,,,
,,,,,,,,,
,,,,,,,,,
,,,,,,,,,
,,,,,,,,,
,,,,,,,,,
,,,,,,,,,
,,,,,,,,,
,,,,,,,,,
,,,,,,,,,
,,,,,,,,,
,,,,,,,,,
,,,,,,,,,
,,,,,,,,,
,,,,,,,,,
,,,,,,,,,
,,,,,,,,,
,,,,,,,,,
,,,,,,,,,
,,,,,,,,,
,,,,,,,,,
,,,,,,,,,
,,,,,,,,,
,,,,,,,,,
,,,,,,,,,
,,,,,,,,,
,,,,,,,,,
,,,,,,,,,
,,,,,,,,,
,,,,,,,,,
,,,,,,,,,
,,,,,,,,,
,,,,,,,,,
,,,,,,,,,
,,,,,,,,,
,,,,,,,,,
,,,,,,,,,
,,,,,,,,,
,,,,,,,,,
,,,,,,,,,
,,,,,,,,,
,,,,,,,,,
,,,,,,,,,
,,,,,,,,,
,,,,,,,,,
,,,,,,,,,
,,,,,,,,,
,,,,,,,,,
,,,,,,,,,
,,,,,,,,,
,,,,,,,,,
,,,,,,,,,
,,,,,,,,,
,,,,,,,,,
,,,,,,,,,
,,,,,,,,,
,,,,,,,,,
,,,,,,,,,
,,,,,,,,,
,,,,,,,,,
,,,,,,,,,
,,,,,,,,,
,,,,,,,,,
,,,,,,,,,
,,,,,,,,,
,,,,,,,,,
,,,,,,,,,
,,,,,,,,,
,,,,,,,,,
,,,,,,,,,
,,,,,,,,,
,,,,,,,,,
,,,,,,,,,
,,,,,,,,,
,,,,,,,,,
,,,,,,,,,
,,,,,,,,,
,,,,,,,,,
,,,,,,,,,
,,,,,,,,,
,,,,,,,,,
,,,,,,,,,
,,,,,,,,,
,,,,,,,,,
,,,,,,,,,
,,,,,,,,,
,,,,,,,,,
,,,,,,,,,
,,,,,,,,,
,,,,,,,,,
,,,,,,,,,
,,,,,,,,,
,,,,,,,,,
,,,,,,,,,
,,,,,,,,,
,,,,,,,,,
,,,,,,,,,
,,,,,,,,,
,,,,,,,,,
,,,,,,,,,
,,,,,,,,,
,,,,,,,,,
,,,,,,,,,
,,,,,,,,,
,,,,,,,,,
,,,,,,,,,
,,,,,,,,,
,,,,,,,,,
,,,,,,,,,
,,,,,,,,,
,,,,,,,,,
,,,,,,,,,
,,,,,,,,,
,,,,,,,,,
,,,,,,,,,
,,,,,,,,,
,,,,,,,,,
,,,,,,,,,
,,,,,,,,,
,,,,,,,,,
,,,,,,,,,
,,,,,,,,,
,,,,,,,,,
,,,,,,,,,
,,,,,,,,,
,,,,,,,,,
,,,,,,,,,
,,,,,,,,,
,,,,,,,,,
,,,,,,,,,
,,,,,,,,,
,,,,,,,,,
,,,,,,,,,
,,,,,,,,,
,,,,,,,,,
,,,,,,,,,
,,,,,,,,,
,,,,,,,,,
,,,,,,,,,
,,,,,,,,,
,,,,,,,,,
,,,,,,,,,
,,,,,,,,,
,,,,,,,,,
,,,,,,,,,
,,,,,,,,,
,,,,,,,,,
,,,,,,,,,
,,,,,,,,,
,,,,,,,,,
,,,,,,,,,
,,,,,,,,,
,,,,,,,,,
,,,,,,,,,
,,,,,,,,,
,,,,,,,,,
,,,,,,,,,
,,,,,,,,,
,,,,,,,,,
,,,,,,,,,
,,,,,,,,,
,,,,,,,,,
,,,,,,,,,
,,,,,,,,,
,,,,,,,,,
,,,,,,,,,
,,,,,,,,,
,,,,,,,,,
,,,,,,,,,
,,,,,,,,,
,,,,,,,,,
,,,,,,,,,
,,,,,,,,,
,,,,,,,,,
,,,,,,,,,
,,,,,,,,,
,,,,,,,,,
,,,,,,,,,
,,,,,,,,,
,,,,,,,,,
,,,,,,,,,
,,,,,,,,,
,,,,,,,,,
,,,,,,,,,
,,,,,,,,,
,,,,,,,,,
,,,,,,,,,
,,,,,,,,,
,,,,,,,,,
,,,,,,,,,
,,,,,,,,,
,,,,,,,,,
,,,,,,,,,
,,,,,,,,,
,,,,,,,,,
,,,,,,,,,
,,,,,,,,,
,,,,,,,,,
,,,,,,,,,
,,,,,,,,,
,,,,,,,,,
,,,,,,,,,
,,,,,,,,,
,,,,,,,,,
,,,,,,,,,
,,,,,,,,,
,,,,,,,,,
,,,,,,,,,
,,,,,,,,,
,,,,,,,,,
,,,,,,,,,
,,,,,,,,,
,,,,,,,,,
,,,,,,,,,
,,,,,,,,,
,,,,,,,,,
,,,,,,,,,
,,,,,,,,,
,,,,,,,,,
,,,,,,,,,
,,,,,,,,,
,,,,,,,,,
,,,,,,,,,
,,,,,,,,,
,,,,,,,,,
,,,,,,,,,
,,,,,,,,,
,,,,,,,,,
,,,,,,,,,
,,,,,,,,,
,,,,,,,,,
,,,,,,,,,
,,,,,,,,,
,,,,,,,,,
,,,,,,,,,
,,,,,,,,,
,,,,,,,,,
,,,,,,,,,
,,,,,,,,,
,,,,,,,,,
,,,,,,,,,
,,,,,,,,,
,,,,,,,,,
,,,,,,,,,
,,,,,,,,,
,,,,,,,,,
,,,,,,,,,
,,,,,,,,,
,,,,,,,,,
,,,,,,,,,
,,,,,,,,,
,,,,,,,,,
,,,,,,,,,
,,,,,,,,,
,,,,,,,,,
,,,,,,,,,
,,,,,,,,,
,,,,,,,,,
,,,,,,,,,
,,,,,,,,,
,,,,,,,,,
,,,,,,,,,
,,,,,,,,,
,,,,,,,,,
,,,,,,,,,
,,,,,,,,,
,,,,,,,,,
,,,,,,,,,
,,,,,,,,,
,,,,,,,,,
,,,,,,,,,
,,,,,,,,,
,,,,,,,,,
,,,,,,,,,
,,,,,,,,,
,,,,,,,,,
,,,,,,,,,
,,,,,,,,,
,,,,,,,,,
,,,,,,,,,
,,,,,,,,,
,,,,,,,,,
,,,,,,,,,
,,,,,,,,,
,,,,,,,,,
,,,,,,,,,
,,,,,,,,,
,,,,,,,,,
,,,,,,,,,
,,,,,,,,,
,,,,,,,,,
,,,,,,,,,
,,,,,,,,,
,,,,,,,,,
,,,,,,,,,
,,,,,,,,,
,,,,,,,,,
,,,,,,,,,
,,,,,,,,,
,,,,,,,,,
,,,,,,,,,
,,,,,,,,,
,,,,,,,,,
,,,,,,,,,
,,,,,,,,,
,,,,,,,,,
,,,,,,,,,
,,,,,,,,,
,,,,,,,,,
,,,,,,,,,
,,,,,,,,,
,,,,,,,,,
,,,,,,,,,
,,,,,,,,,
,,,,,,,,,
,,,,,,,,,
,,,,,,,,,
,,,,,,,,,
,,,,,,,,,
,,,,,,,,,
,,,,,,,,,
,,,,,,,,,
,,,,,,,,,
,,,,,,,,,
,,,,,,,,,
,,,,,,,,,
,,,,,,,,,
,,,,,,,,,
,,,,,,,,,
,,,,,,,,,
,,,,,,,,,
,,,,,,,,,
,,,,,,,,,
,,,,,,,,,
,,,,,,,,,
,,,,,,,,,
,,,,,,,,,
,,,,,,,,,
,,,,,,,,,
,,,,,,,,,
,,,,,,,,,
,,,,,,,,,
,,,,,,,,,
,,,,,,,,,
,,,,,,,,,
,,,,,,,,,
,,,,,,,,,
,,,,,,,,,
,,,,,,,,,
,,,,,,,,,
,,,,,,,,,
,,,,,,,,,
,,,,,,,,,
,,,,,,,,,
,,,,,,,,,
,,,,,,,,,
,,,,,,,,,
,,,,,,,,,
,,,,,,,,,
,,,,,,,,,
,,,,,,,,,
,,,,,,,,,
,,,,,,,,,
,,,,,,,,,
,,,,,,,,,
,,,,,,,,,
,,,,,,,,,
,,,,,,,,,
,,,,,,,,,
,,,,,,,,,
,,,,,,,,,
,,,,,,,,,
,,,,,,,,,
,,,,,,,,,
,,,,,,,,,
,,,,,,,,,
,,,,,,,,,
,,,,,,,,,
,,,,,,,,,
,,,,,,,,,
,,,,,,,,,
,,,,,,,,,
,,,,,,,,,
,,,,,,,,,
,,,,,,,,,
,,,,,,,,,
,,,,,,,,,
,,,,,,,,,
,,,,,,,,,
,,,,,,,,,
,,,,,,,,,
,,,,,,,,,
,,,,,,,,,
,,,,,,,,,
,,,,,,,,,
,,,,,,,,,
,,,,,,,,,
,,,,,,,,,
,,,,,,,,,
,,,,,,,,,
,,,,,,,,,
,,,,,,,,,
,,,,,,,,,
,,,,,,,,,
,,,,,,,,,
,,,,,,,,,
,,,,,,,,,
,,,,,,,,,
,,,,,,,,,
,,,,,,,,,
,,,,,,,,,
,,,,,,,,,
,,,,,,,,,
,,,,,,,,,
,,,,,,,,,
,,,,,,,,,
,,,,,,,,,
,,,,,,,,,
,,,,,,,,,
,,,,,,,,,
,,,,,,,,,
,,,,,,,,,
,,,,,,,,,
,,,,,,,,,
,,,,,,,,,
,,,,,,,,,
,,,,,,,,,
,,,,,,,,,
,,,,,,,,,
,,,,,,,,,
,,,,,,,,,
,,,,,,,,,
,,,,,,,,,
,,,,,,,,,
,,,,,,,,,
,,,,,,,,,
,,,,,,,,,
,,,,,,,,,
,,,,,,,,,
,,,,,,,,,
,,,,,,,,,
,,,,,,,,,
,,,,,,,,,
,,,,,,,,,
,,,,,,,,,
,,,,,,,,,
,,,,,,,,,
,,,,,,,,,
,,,,,,,,,
,,,,,,,,,
,,,,,,,,,
,,,,,,,,,
,,,,,,,,,
,,,,,,,,,
,,,,,,,,,
,,,,,,,,,
,,,,,,,,,
,,,,,,,,,
,,,,,,,,,
,,,,,,,,,
,,,,,,,,,
,,,,,,,,,
,,,,,,,,,
,,,,,,,,,
,,,,,,,,,
,,,,,,,,,
,,,,,,,,,
,,,,,,,,,
,,,,,,,,,
,,,,,,,,,
,,,,,,,,,
,,,,,,,,,
,,,,,,,,,
,,,,,,,,,
,,,,,,,,,
,,,,,,,,,
,,,,,,,,,
,,,,,,,,,
,,,,,,,,,
,,,,,,,,,
,,,,,,,,,
,,,,,,,,,
,,,,,,,,,
,,,,,,,,,
,,,,,,,,,
,,,,,,,,,
,,,,,,,,,
,,,,,,,,,
,,,,,,,,,
,,,,,,,,,
,,,,,,,,,
,,,,,,,,,
,,,,,,,,,
,,,,,,,,,
,,,,,,,,,
,,,,,,,,,
,,,,,,,,,
,,,,,,,,,
,,,,,,,,,
,,,,,,,,,
,,,,,,,,,
,,,,,,,,,
,,,,,,,,,
,,,,,,,,,
,,,,,,,,,
,,,,,,,,,
,,,,,,,,,
,,,,,,,,,
,,,,,,,,,
,,,,,,,,,
,,,,,,,,,
,,,,,,,,,
,,,,,,,,,
,,,,,,,,,
,,,,,,,,,
,,,,,,,,,
,,,,,,,,,
,,,,,,,,,
,,,,,,,,,
,,,,,,,,,
,,,,,,,,,
,,,,,,,,,
,,,,,,,,,
,,,,,,,,,
,,,,,,,,,
,,,,,,,,,
,,,,,,,,,
,,,,,,,,,
,,,,,,,,,
,,,,,,,,,
,,,,,,,,,
,,,,,,,,,
,,,,,,,,,
,,,,,,,,,
,,,,,,,,,
,,,,,,,,,
,,,,,,,,,
,,,,,,,,,
,,,,,,,,,
,,,,,,,,,
,,,,,,,,,
,,,,,,,,,
,,,,,,,,,
,,,,,,,,,
,,,,,,,,,
,,,,,,,,,
,,,,,,,,,
,,,,,,,,,
,,,,,,,,,
,,,,,,,,,
,,,,,,,,,
,,,,,,,,,
,,,,,,,,,
,,,,,,,,,
,,,,,,,,,
,,,,,,,,,
,,,,,,,,,
,,,,,,,,,
,,,,,,,,,
,,,,,,,,,
,,,,,,,,,
,,,,,,,,,
,,,,,,,,,
,,,,,,,,,
,,,,,,,,,
,,,,,,,,,
,,,,,,,,,
,,,,,,,,,
,,,,,,,,,
,,,,,,,,,
,,,,,,,,,
,,,,,,,,,
,,,,,,,,,
,,,,,,,,,
,,,,,,,,,
,,,,,,,,,
,,,,,,,,,
,,,,,,,,,
,,,,,,,,,
,,,,,,,,,
,,,,,,,,,
,,,,,,,,,
,,,,,,,,,
,,,,,,,,,
,,,,,,,,,
,,,,,,,,,
,,,,,,,,,
,,,,,,,,,
,,,,,,,,,
,,,,,,,,,
,,,,,,,,,
,,,,,,,,,
,,,,,,,,,
,,,,,,,,,
,,,,,,,,,
,,,,,,,,,
,,,,,,,,,
,,,,,,,,,
,,,,,,,,,
,,,,,,,,,
,,,,,,,,,
,,,,,,,,,
,,,,,,,,,
,,,,,,,,,
,,,,,,,,,
,,,,,,,,,
,,,,,,,,,
,,,,,,,,,
,,,,,,,,,
,,,,,,,,,
,,,,,,,,,
,,,,,,,,,
,,,,,,,,,
,,,,,,,,,
,,,,,,,,,
,,,,,,,,,
,,,,,,,,,
,,,,,,,,,
,,,,,,,,,
,,,,,,,,,
,,,,,,,,,
,,,,,,,,,
,,,,,,,,,
,,,,,,,,,
,,,,,,,,,
,,,,,,,,,
,,,,,,,,,
,,,,,,,,,
,,,,,,,,,
,,,,,,,,,
,,,,,,,,,
,,,,,,,,,
,,,,,,,,,
,,,,,,,,,
,,,,,,,,,
,,,,,,,,,
,,,,,,,,,
,,,,,,,,,
,,,,,,,,,
,,,,,,,,,
,,,,,,,,,
,,,,,,,,,
,,,,,,,,,
,,,,,,,,,
,,,,,,,,,
,,,,,,,,,
,,,,,,,,,
,,,,,,,,,
,,,,,,,,,
,,,,,,,,,
,,,,,,,,,
,,,,,,,,,
,,,,,,,,,
,,,,,,,,,
,,,,,,,,,
,,,,,,,,,
,,,,,,,,,
,,,,,,,,,
,,,,,,,,,
,,,,,,,,,
,,,,,,,,,
,,,,,,,,,
,,,,,,,,,
,,,,,,,,,
,,,,,,,,,
,,,,,,,,,
,,,,,,,,,
,,,,,,,,,
,,,,,,,,,
,,,,,,,,,
,,,,,,,,,
,,,,,,,,,
,,,,,,,,,
,,,,,,,,,
,,,,,,,,,
,,,,,,,,,
,,,,,,,,,
,,,,,,,,,
,,,,,,,,,
,,,,,,,,,
,,,,,,,,,
,,,,,,,,,
,,,,,,,,,
,,,,,,,,,
,,,,,,,,,
,,,,,,,,,
,,,,,,,,,
,,,,,,,,,
,,,,,,,,,
,,,,,,,,,
,,,,,,,,,
,,,,,,,,,
,,,,,,,,,
,,,,,,,,,
,,,,,,,,,
,,,,,,,,,
,,,,,,,,,
,,,,,,,,,
,,,,,,,,,
,,,,,,,,,
,,,,,,,,,
,,,,,,,,,
,,,,,,,,,
,,,,,,,,,
,,,,,,,,,
,,,,,,,,,
,,,,,,,,,
,,,,,,,,,
,,,,,,,,,
,,,,,,,,,
,,,,,,,,,
,,,,,,,,,
,,,,,,,,,
,,,,,,,,,
,,,,,,,,,
,,,,,,,,,
,,,,,,,,,
,,,,,,,,,
,,,,,,,,,
,,,,,,,,,
,,,,,,,,,
,,,,,,,,,
,,,,,,,,,
,,,,,,,,,
,,,,,,,,,
,,,,,,,,,
,,,,,,,,,
,,,,,,,,,
,,,,,,,,,
,,,,,,,,,
,,,,,,,,,
,,,,,,,,,
,,,,,,,,,
,,,,,,,,,
,,,,,,,,,
,,,,,,,,,
,,,,,,,,,
,,,,,,,,,
,,,,,,,,,
,,,,,,,,,
,,,,,,,,,
,,,,,,,,,
,,,,,,,,,
,,,,,,,,,
,,,,,,,,,
,,,,,,,,,
,,,,,,,,,
,,,,,,,,,
,,,,,,,,,
,,,,,,,,,
,,,,,,,,,
,,,,,,,,,
,,,,,,,,,
,,,,,,,,,
,,,,,,,,,
,,,,,,,,,
,,,,,,,,,
,,,,,,,,,
,,,,,,,,,
,,,,,,,,,
,,,,,,,,,
,,,,,,,,,
,,,,,,,,,
,,,,,,,,,
,,,,,,,,,
,,,,,,,,,
,,,,,,,,,
,,,,,,,,,
,,,,,,,,,
,,,,,,,,,
,,,,,,,,,
,,,,,,,,,
,,,,,,,,,
,,,,,,,,,
,,,,,,,,,
,,,,,,,,,
,,,,,,,,,
,,,,,,,,,
,,,,,,,,,
,,,,,,,,,
,,,,,,,,,
,,,,,,,,,
,,,,,,,,,
,,,,,,,,,
,,,,,,,,,
,,,,,,,,,
,,,,,,,,,
,,,,,,,,,
,,,,,,,,,
,,,,,,,,,
,,,,,,,,,
,,,,,,,,,
,,,,,,,,,
,,,,,,,,,
,,,,,,,,,
,,,,,,,,,
,,,,,,,,,
,,,,,,,,,
,,,,,,,,,
,,,,,,,,,
,,,,,,,,,
,,,,,,,,,
,,,,,,,,,
,,,,,,,,,
,,,,,,,,,
,,,,,,,,,
,,,,,,,,,
,,,,,,,,,
,,,,,,,,,
,,,,,,,,,
,,,,,,,,,
,,,,,,,,,
,,,,,,,,,
,,,,,,,,,
,,,,,,,,,
,,,,,,,,,
,,,,,,,,,
,,,,,,,,,
,,,,,,,,,
,,,,,,,,,
,,,,,,,,,
,,,,,,,,,
,,,,,,,,,
,,,,,,,,,
,,,,,,,,,
,,,,,,,,,
,,,,,,,,,
,,,,,,,,,
,,,,,,,,,
,,,,,,,,,
,,,,,,,,,
,,,,,,,,,
,,,,,,,,,
,,,,,,,,,
,,,,,,,,,
,,,,,,,,,
,,,,,,,,,
,,,,,,,,,
,,,,,,,,,
,,,,,,,,,
,,,,,,,,,
,,,,,,,,,
,,,,,,,,,
,,,,,,,,,
,,,,,,,,,
,,,,,,,,,
,,,,,,,,,
,,,,,,,,,
,,,,,,,,,
,,,,,,,,,
,,,,,,,,,
,,,,,,,,,
,,,,,,,,,
,,,,,,,,,
,,,,,,,,,
,,,,,,,,,
,,,,,,,,,
,,,,,,,,,
,,,,,,,,,
,,,,,,,,,
,,,,,,,,,
,,,,,,,,,
,,,,,,,,,
,,,,,,,,,
,,,,,,,,,
,,,,,,,,,
,,,,,,,,,
,,,,,,,,,
,,,,,,,,,
,,,,,,,,,
,,,,,,,,,
,,,,,,,,,
,,,,,,,,,
,,,,,,,,,
,,,,,,,,,
,,,,,,,,,
,,,,,,,,,
,,,,,,,,,
,,,,,,,,,
,,,,,,,,,
,,,,,,,,,
,,,,,,,,,
,,,,,,,,,
,,,,,,,,,
,,,,,,,,,
,,,,,,,,,
,,,,,,,,,
,,,,,,,,,
,,,,,,,,,
,,,,,,,,,
,,,,,,,,,
,,,,,,,,,
,,,,,,,,,
,,,,,,,,,
,,,,,,,,,
,,,,,,,,,
,,,,,,,,,
,,,,,,,,,
,,,,,,,,,
,,,,,,,,,
,,,,,,,,,
,,,,,,,,,
,,,,,,,,,
,,,,,,,,,
,,,,,,,,,
,,,,,,,,,
,,,,,,,,,
,,,,,,,,,
,,,,,,,,,
,,,,,,,,,
,,,,,,,,,
,,,,,,,,,
,,,,,,,,,
,,,,,,,,,
,,,,,,,,,
,,,,,,,,,
,,,,,,,,,
,,,,,,,,,
,,,,,,,,,
,,,,,,,,,
,,,,,,,,,
,,,,,,,,,
,,,,,,,,,
,,,,,,,,,
,,,,,,,,,
,,,,,,,,,
,,,,,,,,,
,,,,,,,,,
,,,,,,,,,
,,,,,,,,,
,,,,,,,,,
,,,,,,,,,
,,,,,,,,,
,,,,,,,,,
,,,,,,,,,
,,,,,,,,,
,,,,,,,,,
,,,,,,,,,
,,,,,,,,,
,,,,,,,,,
,,,,,,,,,
,,,,,,,,,
,,,,,,,,,
,,,,,,,,,
,,,,,,,,,
,,,,,,,,,
,,,,,,,,,
,,,,,,,,,
,,,,,,,,,
,,,,,,,,,
,,,,,,,,,
,,,,,,,,,
,,,,,,,,,
,,,,,,,,,
,,,,,,,,,
,,,,,,,,,
,,,,,,,,,
,,,,,,,,,
,,,,,,,,,
,,,,,,,,,
,,,,,,,,,
,,,,,,,,,
,,,,,,,,,
,,,,,,,,,
,,,,,,,,,
,,,,,,,,,
,,,,,,,,,
,,,,,,,,,
,,,,,,,,,
,,,,,,,,,
,,,,,,,,,
,,,,,,,,,
,,,,,,,,,
,,,,,,,,,
,,,,,,,,,
,,,,,,,,,
,,,,,,,,,
,,,,,,,,,
,,,,,,,,,
,,,,,,,,,
,,,,,,,,,
,,,,,,,,,
,,,,,,,,,
,,,,,,,,,
,,,,,,,,,
,,,,,,,,,
,,,,,,,,,
,,,,,,,,,
,,,,,,,,,
,,,,,,,,,
,,,,,,,,,
,,,,,,,,,
,,,,,,,,,
,,,,,,,,,
,,,,,,,,,
,,,,,,,,,
,,,,,,,,,
,,,,,,,,,
,,,,,,,,,
,,,,,,,,,
,,,,,,,,,
,,,,,,,,,
,,,,,,,,,
,,,,,,,,,
,,,,,,,,,
,,,,,,,,,
,,,,,,,,,
,,,,,,,,,
,,,,,,,,,
,,,,,,,,,
,,,,,,,,,
,,,,,,,,,
,,,,,,,,,
,,,,,,,,,
,,,,,,,,,
,,,,,,,,,
,,,,,,,,,
,,,,,,,,,
,,,,,,,,,
,,,,,,,,,
,,,,,,,,,
,,,,,,,,,
,,,,,,,,,
,,,,,,,,,
,,,,,,,,,
,,,,,,,,,
,,,,,,,,,
,,,,,,,,,
,,,,,,,,,
,,,,,,,,,
,,,,,,,,,
,,,,,,,,,
,,,,,,,,,
,,,,,,,,,
,,,,,,,,,
,,,,,,,,,
,,,,,,,,,
,,,,,,,,,
,,,,,,,,,
,,,,,,,,,
,,,,,,,,,
,,,,,,,,,
,,,,,,,,,
,,,,,,,,,
,,,,,,,,,
,,,,,,,,,
,,,,,,,,,
,,,,,,,,,
,,,,,,,,,
,,,,,,,,,
,,,,,,,,,
,,,,,,,,,
,,,,,,,,,
,,,,,,,,,
,,,,,,,,,
,,,,,,,,,
,,,,,,,,,
,,,,,,,,,
,,,,,,,,,
,,,,,,,,,
,,,,,,,,,
,,,,,,,,,
,,,,,,,,,
,,,,,,,,,
,,,,,,,,,
,,,,,,,,,
,,,,,,,,,
,,,,,,,,,
,,,,,,,,,
,,,,,,,,,
,,,,,,,,,
,,,,,,,,,
,,,,,,,,,
,,,,,,,,,
,,,,,,,,,
,,,,,,,,,
,,,,,,,,,
,,,,,,,,,
,,,,,,,,,
,,,,,,,,,
,,,,,,,,,
,,,,,,,,,
,,,,,,,,,
,,,,,,,,,
,,,,,,,,,
,,,,,,,,,
,,,,,,,,,
,,,,,,,,,
,,,,,,,,,
,,,,,,,,,
,,,,,,,,,
,,,,,,,,,
,,,,,,,,,
,,,,,,,,,
,,,,,,,,,
,,,,,,,,,
,,,,,,,,,
,,,,,,,,,
,,,,,,,,,
,,,,,,,,,
,,,,,,,,,
,,,,,,,,,
,,,,,,,,,
,,,,,,,,,
,,,,,,,,,
,,,,,,,,,
,,,,,,,,,
,,,,,,,,,
,,,,,,,,,
,,,,,,,,,
,,,,,,,,,
,,,,,,,,,
,,,,,,,,,
,,,,,,,,,
,,,,,,,,,
,,,,,,,,,
,,,,,,,,,
,,,,,,,,,
,,,,,,,,,
,,,,,,,,,
,,,,,,,,,
,,,,,,,,,
,,,,,,,,,
,,,,,,,,,
,,,,,,,,,
,,,,,,,,,
,,,,,,,,,
,,,,,,,,,
,,,,,,,,,
,,,,,,,,,
,,,,,,,,,
,,,,,,,,,
,,,,,,,,,
,,,,,,,,,
,,,,,,,,,
,,,,,,,,,
,,,,,,,,,
,,,,,,,,,
,,,,,,,,,
,,,,,,,,,
,,,,,,,,,
,,,,,,,,,
,,,,,,,,,
,,,,,,,,,
,,,,,,,,,
,,,,,,,,,
,,,,,,,,,
,,,,,,,,,
,,,,,,,,,
,,,,,,,,,
,,,,,,,,,
,,,,,,,,,
,,,,,,,,,
,,,,,,,,,
,,,,,,,,,
,,,,,,,,,
,,,,,,,,,
,,,,,,,,,
,,,,,,,,,
,,,,,,,,,
,,,,,,,,,
,,,,,,,,,
,,,,,,,,,
,,,,,,,,,
,,,,,,,,,
,,,,,,,,,
,,,,,,,,,
,,,,,,,,,
,,,,,,,,,
,,,,,,,,,
,,,,,,,,,
,,,,,,,,,
,,,,,,,,,
,,,,,,,,,
,,,,,,,,,
,,,,,,,,,
,,,,,,,,,
,,,,,,,,,
,,,,,,,,,
,,,,,,,,,
,,,,,,,,,
,,,,,,,,,
,,,,,,,,,
,,,,,,,,,
,,,,,,,,,
,,,,,,,,,
,,,,,,,,,
,,,,,,,,,
,,,,,,,,,
,,,,,,,,,
,,,,,,,,,
,,,,,,,,,
,,,,,,,,,
,,,,,,,,,
,,,,,,,,,
,,,,,,,,,
,,,,,,,,,
,,,,,,,,,
,,,,,,,,,
,,,,,,,,,
,,,,,,,,,
,,,,,,,,,
,,,,,,,,,
,,,,,,,,,
,,,,,,,,,
,,,,,,,,,
,,,,,,,,,
,,,,,,,,,
,,,,,,,,,
,,,,,,,,,
,,,,,,,,,
,,,,,,,,,
,,,,,,,,,
,,,,,,,,,
,,,,,,,,,
,,,,,,,,,
,,,,,,,,,
,,,,,,,,,
,,,,,,,,,
,,,,,,,,,
,,,,,,,,,
,,,,,,,,,
,,,,,,,,,
,,,,,,,,,
,,,,,,,,,
,,,,,,,,,
,,,,,,,,,
,,,,,,,,,
,,,,,,,,,
,,,,,,,,,
,,,,,,,,,
,,,,,,,,,
,,,,,,,,,
,,,,,,,,,
,,,,,,,,,
,,,,,,,,,
,,,,,,,,,
,,,,,,,,,
,,,,,,,,,
,,,,,,,,,
,,,,,,,,,
,,,,,,,,,
,,,,,,,,,
,,,,,,,,,
,,,,,,,,,
,,,,,,,,,
,,,,,,,,,
,,,,,,,,,
,,,,,,,,,
,,,,,,,,,
,,,,,,,,,
,,,,,,,,,
,,,,,,,,,
,,,,,,,,,
,,,,,,,,,
,,,,,,,,,
,,,,,,,,,
,,,,,,,,,
,,,,,,,,,
,,,,,,,,,
,,,,,,,,,
,,,,,,,,,
,,,,,,,,,
,,,,,,,,,
,,,,,,,,,
,,,,,,,,,
,,,,,,,,,
,,,,,,,,,
,,,,,,,,,
,,,,,,,,,
,,,,,,,,,
,,,,,,,,,
,,,,,,,,,
,,,,,,,,,
,,,,,,,,,
,,,,,,,,,
,,,,,,,,,
,,,,,,,,,
,,,,,,,,,
,,,,,,,,,
,,,,,,,,,
,,,,,,,,,
,,,,,,,,,
,,,,,,,,,
,,,,,,,,,
,,,,,,,,,
,,,,,,,,,
,,,,,,,,,
,,,,,,,,,
,,,,,,,,,
,,,,,,,,,
,,,,,,,,,
,,,,,,,,,
,,,,,,,,,
,,,,,,,,,
,,,,,,,,,
,,,,,,,,,
,,,,,,,,,
,,,,,,,,,
,,,,,,,,,
,,,,,,,,,
,,,,,,,,,
,,,,,,,,,
,,,,,,,,,
,,,,,,,,,
,,,,,,,,,
,,,,,,,,,
,,,,,,,,,
,,,,,,,,,
,,,,,,,,,
,,,,,,,,,
,,,,,,,,,
,,,,,,,,,
,,,,,,,,,
,,,,,,,,,
,,,,,,,,,
,,,,,,,,,
,,,,,,,,,
,,,,,,,,,
,,,,,,,,,
,,,,,,,,,
,,,,,,,,,
,,,,,,,,,
,,,,,,,,,
,,,,,,,,,
,,,,,,,,,
,,,,,,,,,
,,,,,,,,,
,,,,,,,,,
,,,,,,,,,
,,,,,,,,,
,,,,,,,,,
,,,,,,,,,
,,,,,,,,,
,,,,,,,,,
,,,,,,,,,
,,,,,,,,,
,,,,,,,,,
,,,,,,,,,
,,,,,,,,,
,,,,,,,,,
,,,,,,,,,
,,,,,,,,,
,,,,,,,,,
,,,,,,,,,
,,,,,,,,,
,,,,,,,,,
,,,,,,,,,
,,,,,,,,,
,,,,,,,,,
,,,,,,,,,
,,,,,,,,,
,,,,,,,,,
,,,,,,,,,
,,,,,,,,,
,,,,,,,,,
,,,,,,,,,
,,,,,,,,,
,,,,,,,,,
,,,,,,,,,
,,,,,,,,,
,,,,,,,,,
,,,,,,,,,
,,,,,,,,,
,,,,,,,,,
,,,,,,,,,
,,,,,,,,,
,,,,,,,,,
,,,,,,,,,
,,,,,,,,,
,,,,,,,,,
,,,,,,,,,
,,,,,,,,,
,,,,,,,,,
,,,,,,,,,
,,,,,,,,,
,,,,,,,,,
,,,,,,,,,
,,,,,,,,,
,,,,,,,,,
,,,,,,,,,
,,,,,,,,,
,,,,,,,,,
,,,,,,,,,
,,,,,,,,,
,,,,,,,,,
,,,,,,,,,
,,,,,,,,,
,,,,,,,,,
,,,,,,,,,
,,,,,,,,,
,,,,,,,,,
,,,,,,,,,
,,,,,,,,,
,,,,,,,,,
,,,,,,,,,
,,,,,,,,,
,,,,,,,,,
,,,,,,,,,
,,,,,,,,,
,,,,,,,,,
,,,,,,,,,
,,,,,,,,,
,,,,,,,,,
,,,,,,,,,
,,,,,,,,,
,,,,,,,,,
,,,,,,,,,
,,,,,,,,,
,,,,,,,,,
,,,,,,,,,
,,,,,,,,,
,,,,,,,,,
,,,,,,,,,
,,,,,,,,,
,,,,,,,,,
,,,,,,,,,
,,,,,,,,,
,,,,,,,,,
,,,,,,,,,
,,,,,,,,,
,,,,,,,,,
,,,,,,,,,
,,,,,,,,,
,,,,,,,,,
,,,,,,,,,
,,,,,,,,,
,,,,,,,,,
,,,,,,,,,
,,,,,,,,,
,,,,,,,,,
,,,,,,,,,
,,,,,,,,,
,,,,,,,,,
,,,,,,,,,
,,,,,,,,,
,,,,,,,,,
,,,,,,,,,
,,,,,,,,,
,,,,,,,,,
,,,,,,,,,
,,,,,,,,,
,,,,,,,,,
,,,,,,,,,
,,,,,,,,,
,,,,,,,,,
,,,,,,,,,
,,,,,,,,,
,,,,,,,,,
,,,,,,,,,
,,,,,,,,,
,,,,,,,,,
,,,,,,,,,
,,,,,,,,,
,,,,,,,,,
,,,,,,,,,
,,,,,,,,,
,,,,,,,,,
,,,,,,,,,
,,,,,,,,,
,,,,,,,,,
,,,,,,,,,
,,,,,,,,,
,,,,,,,,,
,,,,,,,,,
,,,,,,,,,
,,,,,,,,,
,,,,,,,,,
,,,,,,,,,
,,,,,,,,,
,,,,,,,,,
,,,,,,,,,
,,,,,,,,,
,,,,,,,,,
,,,,,,,,,
,,,,,,,,,
,,,,,,,,,
,,,,,,,,,
,,,,,,,,,
,,,,,,,,,
,,,,,,,,,
,,,,,,,,,
,,,,,,,,,
,,,,,,,,,
,,,,,,,,,
,,,,,,,,,
,,,,,,,,,
,,,,,,,,,
,,,,,,,,,
,,,,,,,,,
,,,,,,,,,
,,,,,,,,,
,,,,,,,,,
,,,,,,,,,
,,,,,,,,,
,,,,,,,,,
,,,,,,,,,
,,,,,,,,,
,,,,,,,,,
,,,,,,,,,
,,,,,,,,,
,,,,,,,,,
,,,,,,,,,
,,,,,,,,,
,,,,,,,,,
,,,,,,,,,
,,,,,,,,,
,,,,,,,,,
,,,,,,,,,
,,,,,,,,,
,,,,,,,,,
,,,,,,,,,
,,,,,,,,,
,,,,,,,,,
,,,,,,,,,
,,,,,,,,,
,,,,,,,,,
,,,,,,,,,
,,,,,,,,,
,,,,,,,,,
,,,,,,,,,
,,,,,,,,,
,,,,,,,,,
,,,,,,,,,
,,,,,,,,,
,,,,,,,,,
,,,,,,,,,
,,,,,,,,,
,,,,,,,,,
,,,,,,,,,
,,,,,,,,,
,,,,,,,,,
,,,,,,,,,
,,,,,,,,,
,,,,,,,,,
,,,,,,,,,
,,,,,,,,,
,,,,,,,,,
,,,,,,,,,
,,,,,,,,,
,,,,,,,,,
,,,,,,,,,
,,,,,,,,,
,,,,,,,,,
,,,,,,,,,
,,,,,,,,,
,,,,,,,,,
,,,,,,,,,
,,,,,,,,,
,,,,,,,,,
,,,,,,,,,
,,,,,,,,,
,,,,,,,,,
,,,,,,,,,
,,,,,,,,,
,,,,,,,,,
,,,,,,,,,
,,,,,,,,,
,,,,,,,,,
,,,,,,,,,
,,,,,,,,,
,,,,,,,,,
,,,,,,,,,
,,,,,,,,,
,,,,,,,,,
,,,,,,,,,
,,,,,,,,,
,,,,,,,,,
,,,,,,,,,
,,,,,,,,,
,,,,,,,,,
,,,,,,,,,
,,,,,,,,,
,,,,,,,,,
,,,,,,,,,
,,,,,,,,,
,,,,,,,,,
,,,,,,,,,
,,,,,,,,,
,,,,,,,,,
,,,,,,,,,
,,,,,,,,,
,,,,,,,,,
,,,,,,,,,
,,,,,,,,,
,,,,,,,,,
,,,,,,,,,
,,,,,,,,,
,,,,,,,,,
,,,,,,,,,
,,,,,,,,,
,,,,,,,,,
,,,,,,,,,
,,,,,,,,,
,,,,,,,,,
,,,,,,,,,
,,,,,,,,,
,,,,,,,,,
,,,,,,,,,
,,,,,,,,,
,,,,,,,,,
,,,,,,,,,
,,,,,,,,,
,,,,,,,,,
,,,,,,,,,
,,,,,,,,,
,,,,,,,,,
,,,,,,,,,
,,,,,,,,,
,,,,,,,,,
,,,,,,,,,
,,,,,,,,,
,,,,,,,,,
,,,,,,,,,
,,,,,,,,,
,,,,,,,,,
,,,,,,,,,
,,,,,,,,,
,,,,,,,,,
,,,,,,,,,
,,,,,,,,,
,,,,,,,,,
,,,,,,,,,
,,,,,,,,,
,,,,,,,,,
,,,,,,,,,
,,,,,,,,,
,,,,,,,,,
,,,,,,,,,
,,,,,,,,,
,,,,,,,,,
,,,,,,,,,
,,,,,,,,,
,,,,,,,,,
,,,,,,,,,
,,,,,,,,,
,,,,,,,,,
,,,,,,,,,
,,,,,,,,,
,,,,,,,,,
,,,,,,,,,
,,,,,,,,,
,,,,,,,,,
,,,,,,,,,
,,,,,,,,,
,,,,,,,,,
,,,,,,,,,
,,,,,,,,,
,,,,,,,,,
,,,,,,,,,
,,,,,,,,,
,,,,,,,,,
,,,,,,,,,
,,,,,,,,,
,,,,,,,,,
,,,,,,,,,
,,,,,,,,,
,,,,,,,,,
,,,,,,,,,
,,,,,,,,,
,,,,,,,,,
,,,,,,,,,
,,,,,,,,,
,,,,,,,,,
,,,,,,,,,
,,,,,,,,,
,,,,,,,,,
,,,,,,,,,
,,,,,,,,,
,,,,,,,,,
,,,,,,,,,
,,,,,,,,,
,,,,,,,,,
,,,,,,,,,
,,,,,,,,,
,,,,,,,,,
,,,,,,,,,
,,,,,,,,,
,,,,,,,,,
,,,,,,,,,
,,,,,,,,,
,,,,,,,,,
,,,,,,,,,
,,,,,,,,,
,,,,,,,,,
,,,,,,,,,
,,,,,,,,,
,,,,,,,,,
,,,,,,,,,
,,,,,,,,,
,,,,,,,,,
,,,,,,,,,
,,,,,,,,,
,,,,,,,,,
,,,,,,,,,
,,,,,,,,,
,,,,,,,,,
,,,,,,,,,
,,,,,,,,,
,,,,,,,,,
,,,,,,,,,
,,,,,,,,,
,,,,,,,,,
,,,,,,,,,
,,,,,,,,,
,,,,,,,,,
,,,,,,,,,
,,,,,,,,,
,,,,,,,,,
,,,,,,,,,
,,,,,,,,,
,,,,,,,,,
,,,,,,,,,
,,,,,,,,,
,,,,,,,,,
,,,,,,,,,
,,,,,,,,,
,,,,,,,,,
,,,,,,,,,
,,,,,,,,,
,,,,,,,,,
,,,,,,,,,
,,,,,,,,,
,,,,,,,,,
,,,,,,,,,
,,,,,,,,,
,,,,,,,,,
,,,,,,,,,
,,,,,,,,,
,,,,,,,,,
,,,,,,,,,
,,,,,,,,,
,,,,,,,,,
,,,,,,,,,
,,,,,,,,,
,,,,,,,,,
,,,,,,,,,
,,,,,,,,,
,,,,,,,,,
,,,,,,,,,
,,,,,,,,,
,,,,,,,,,
,,,,,,,,,
,,,,,,,,,
,,,,,,,,,
,,,,,,,,,
,,,,,,,,,
,,,,,,,,,
,,,,,,,,,
,,,,,,,,,
,,,,,,,,,
,,,,,,,,,
,,,,,,,,,
,,,,,,,,,
,,,,,,,,,
,,,,,,,,,
,,,,,,,,,
,,,,,,,,,
,,,,,,,,,
,,,,,,,,,
,,,,,,,,,
,,,,,,,,,
,,,,,,,,,
,,,,,,,,,
,,,,,,,,,
,,,,,,,,,
,,,,,,,,,
,,,,,,,,,
,,,,,,,,,
,,,,,,,,,
,,,,,,,,,
,,,,,,,,,
,,,,,,,,,
,,,,,,,,,
,,,,,,,,,
,,,,,,,,,
,,,,,,,,,
,,,,,,,,,
,,,,,,,,,
,,,,,,,,,
,,,,,,,,,
,,,,,,,,,
,,,,,,,,,
,,,,,,,,,
,,,,,,,,,
,,,,,,,,,
,,,,,,,,,
,,,,,,,,,
,,,,,,,,,
,,,,,,,,,
,,,,,,,,,
,,,,,,,,,
,,,,,,,,,
,,,,,,,,,
,,,,,,,,,
,,,,,,,,,
,,,,,,,,,
,,,,,,,,,
,,,,,,,,,
,,,,,,,,,
,,,,,,,,,
,,,,,,,,,
,,,,,,,,,
,,,,,,,,,
,,,,,,,,,
,,,,,,,,,
,,,,,,,,,
,,,,,,,,,
,,,,,,,,,
,,,,,,,,,
,,,,,,,,,
,,,,,,,,,
,,,,,,,,,
,,,,,,,,,
,,,,,,,,,
,,,,,,,,,
,,,,,,,,,
,,,,,,,,,
,,,,,,,,,
,,,,,,,,,
,,,,,,,,,
,,,,,,,,,
,,,,,,,,,
,,,,,,,,,
,,,,,,,,,
,,,,,,,,,
,,,,,,,,,
,,,,,,,,,
,,,,,,,,,
,,,,,,,,,
,,,,,,,,,
,,,,,,,,,
,,,,,,,,,
,,,,,,,,,
,,,,,,,,,
,,,,,,,,,
,,,,,,,,,
,,,,,,,,,
,,,,,,,,,
,,,,,,,,,
,,,,,,,,,
,,,,,,,,,
,,,,,,,,,
,,,,,,,,,
,,,,,,,,,
,,,,,,,,,
,,,,,,,,,
,,,,,,,,,
,,,,,,,,,
,,,,,,,,,
,,,,,,,,,
,,,,,,,,,
,,,,,,,,,
,,,,,,,,,
,,,,,,,,,
,,,,,,,,,
,,,,,,,,,
,,,,,,,,,
,,,,,,,,,
,,,,,,,,,
,,,,,,,,,
,,,,,,,,,
,,,,,,,,,
,,,,,,,,,
,,,,,,,,,
,,,,,,,,,
,,,,,,,,,
,,,,,,,,,
,,,,,,,,,
,,,,,,,,,
,,,,,,,,,
,,,,,,,,,
,,,,,,,,,
,,,,,,,,,
,,,,,,,,,
,,,,,,,,,
,,,,,,,,,
,,,,,,,,,
,,,,,,,,,
,,,,,,,,,
,,,,,,,,,
,,,,,,,,,
,,,,,,,,,
,,,,,,,,,
,,,,,,,,,
,,,,,,,,,
,,,,,,,,,
,,,,,,,,,
,,,,,,,,,
,,,,,,,,,
,,,,,,,,,
,,,,,,,,,
,,,,,,,,,
,,,,,,,,,
,,,,,,,,,
,,,,,,,,,
,,,,,,,,,
,,,,,,,,,
,,,,,,,,,
,,,,,,,,,
,,,,,,,,,
,,,,,,,,,
,,,,,,,,,
,,,,,,,,,
,,,,,,,,,
,,,,,,,,,
,,,,,,,,,
,,,,,,,,,
,,,,,,,,,
,,,,,,,,,
,,,,,,,,,
,,,,,,,,,
,,,,,,,,,
,,,,,,,,,
,,,,,,,,,
,,,,,,,,,
,,,,,,,,,
,,,,,,,,,
,,,,,,,,,
,,,,,,,,,
,,,,,,,,,
,,,,,,,,,
,,,,,,,,,
,,,,,,,,,
,,,,,,,,,
,,,,,,,,,
,,,,,,,,,
,,,,,,,,,
,,,,,,,,,
,,,,,,,,,
,,,,,,,,,
,,,,,,,,,
,,,,,,,,,
,,,,,,,,,
,,,,,,,,,
,,,,,,,,,
,,,,,,,,,
,,,,,,,,,
,,,,,,,,,
,,,,,,,,,
,,,,,,,,,
,,,,,,,,,
,,,,,,,,,
,,,,,,,,,
,,,,,,,,,
,,,,,,,,,
,,,,,,,,,
,,,,,,,,,
,,,,,,,,,
,,,,,,,,,
,,,,,,,,,
,,,,,,,,,
,,,,,,,,,
,,,,,,,,,
,,,,,,,,,
,,,,,,,,,
,,,,,,,,,
,,,,,,,,,
,,,,,,,,,
,,,,,,,,,
,,,,,,,,,
,,,,,,,,,
,,,,,,,,,
,,,,,,,,,
,,,,,,,,,
,,,,,,,,,
,,,,,,,,,
,,,,,,,,,
,,,,,,,,,
,,,,,,,,,
,,,,,,,,,
,,,,,,,,,
,,,,,,,,,
,,,,,,,,,
,,,,,,,,,
,,,,,,,,,
,,,,,,,,,
,,,,,,,,,
,,,,,,,,,
,,,,,,,,,
,,,,,,,,,
,,,,,,,,,
,,,,,,,,,
,,,,,,,,,
,,,,,,,,,
,,,,,,,,,
,,,,,,,,,
,,,,,,,,,
,,,,,,,,,
,,,,,,,,,
,,,,,,,,,
,,,,,,,,,
,,,,,,,,,
,,,,,,,,,
,,,,,,,,,
,,,,,,,,,
,,,,,,,,,
,,,,,,,,,
,,,,,,,,,
,,,,,,,,,
,,,,,,,,,
,,,,,,,,,
,,,,,,,,,
,,,,,,,,,
,,,,,,,,,
,,,,,,,,,
,,,,,,,,,
,,,,,,,,,
,,,,,,,,,
,,,,,,,,,
,,,,,,,,,
,,,,,,,,,
,,,,,,,,,
,,,,,,,,,
,,,,,,,,,
,,,,,,,,,
,,,,,,,,,
,,,,,,,,,
,,,,,,,,,
,,,,,,,,,
,,,,,,,,,
,,,,,,,,,
,,,,,,,,,
,,,,,,,,,
,,,,,,,,,
,,,,,,,,,
,,,,,,,,,
,,,,,,,,,
,,,,,,,,,
,,,,,,,,,
,,,,,,,,,
,,,,,,,,,
,,,,,,,,,
,,,,,,,,,
,,,,,,,,,
,,,,,,,,,
,,,,,,,,,
,,,,,,,,,
,,,,,,,,,
,,,,,,,,,
,,,,,,,,,
,,,,,,,,,
,,,,,,,,,
,,,,,,,,,
,,,,,,,,,
,,,,,,,,,
,,,,,,,,,
,,,,,,,,,
,,,,,,,,,
,,,,,,,,,
,,,,,,,,,
,,,,,,,,,
,,,,,,,,,
,,,,,,,,,
,,,,,,,,,
,,,,,,,,,
,,,,,,,,,
,,,,,,,,,
,,,,,,,,,
,,,,,,,,,
,,,,,,,,,
,,,,,,,,,
,,,,,,,,,
,,,,,,,,,
,,,,,,,,,
,,,,,,,,,
,,,,,,,,,
,,,,,,,,,
,,,,,,,,,
,,,,,,,,,
,,,,,,,,,
,,,,,,,,,
,,,,,,,,,
,,,,,,,,,
,,,,,,,,,
,,,,,,,,,
,,,,,,,,,
,,,,,,,,,
,,,,,,,,,
,,,,,,,,,
,,,,,,,,,
,,,,,,,,,
,,,,,,,,,
,,,,,,,,,
,,,,,,,,,
,,,,,,,,,
,,,,,,,,,
,,,,,,,,,
,,,,,,,,,
,,,,,,,,,
,,,,,,,,,
,,,,,,,,,
,,,,,,,,,
,,,,,,,,,
,,,,,,,,,
,,,,,,,,,
,,,,,,,,,
,,,,,,,,,
,,,,,,,,,
,,,,,,,,,
,,,,,,,,,
,,,,,,,,,
,,,,,,,,,
,,,,,,,,,
,,,,,,,,,
,,,,,,,,,
,,,,,,,,,
,,,,,,,,,
,,,,,,,,,
,,,,,,,,,
,,,,,,,,,
,,,,,,,,,
,,,,,,,,,
,,,,,,,,,
,,,,,,,,,
,,,,,,,,,
,,,,,,,,,
,,,,,,,,,
,,,,,,,,,
,,,,,,,,,
,,,,,,,,,
,,,,,,,,,
,,,,,,,,,
,,,,,,,,,
,,,,,,,,,
,,,,,,,,,
,,,,,,,,,
,,,,,,,,,
,,,,,,,,,
,,,,,,,,,
,,,,,,,,,
,,,,,,,,,
,,,,,,,,,
,,,,,,,,,
,,,,,,,,,
,,,,,,,,,
,,,,,,,,,
,,,,,,,,,
,,,,,,,,,
,,,,,,,,,
,,,,,,,,,
,,,,,,,,,
,,,,,,,,,
,,,,,,,,,
,,,,,,,,,
,,,,,,,,,
,,,,,,,,,
,,,,,,,,,
,,,,,,,,,
,,,,,,,,,
,,,,,,,,,
,,,,,,,,,
,,,,,,,,,
,,,,,,,,,
,,,,,,,,,
,,,,,,,,,
,,,,,,,,,
,,,,,,,,,
,,,,,,,,,
,,,,,,,,,
,,,,,,,,,
,,,,,,,,,
,,,,,,,,,
,,,,,,,,,
,,,,,,,,,
,,,,,,,,,
,,,,,,,,,
,,,,,,,,,
,,,,,,,,,
,,,,,,,,,
,,,,,,,,,
,,,,,,,,,
,,,,,,,,,
,,,,,,,,,
,,,,,,,,,
,,,,,,,,,
,,,,,,,,,
,,,,,,,,,
,,,,,,,,,
,,,,,,,,,
,,,,,,,,,
,,,,,,,,,
,,,,,,,,,
,,,,,,,,,
,,,,,,,,,
,,,,,,,,,
,,,,,,,,,
,,,,,,,,,
,,,,,,,,,
,,,,,,,,,
,,,,,,,,,
,,,,,,,,,
,,,,,,,,,
,,,,,,,,,
,,,,,,,,,
,,,,,,,,,
,,,,,,,,,
,,,,,,,,,
,,,,,,,,,
,,,,,,,,,
,,,,,,,,,
,,,,,,,,,
,,,,,,,,,
,,,,,,,,,
,,,,,,,,,
,,,,,,,,,
,,,,,,,,,
,,,,,,,,,
,,,,,,,,,
,,,,,,,,,
,,,,,,,,,
,,,,,,,,,
,,,,,,,,,
,,,,,,,,,
,,,,,,,,,
,,,,,,,,,
,,,,,,,,,
,,,,,,,,,
,,,,,,,,,
,,,,,,,,,
,,,,,,,,,
,,,,,,,,,
,,,,,,,,,
,,,,,,,,,
,,,,,,,,,
,,,,,,,,,
,,,,,,,,,
,,,,,,,,,
,,,,,,,,,
,,,,,,,,,
,,,,,,,,,
,,,,,,,,,
,,,,,,,,,
,,,,,,,,,
,,,,,,,,,
,,,,,,,,,
,,,,,,,,,
,,,,,,,,,
,,,,,,,,,
,,,,,,,,,
,,,,,,,,,
,,,,,,,,,
,,,,,,,,,
,,,,,,,,,
,,,,,,,,,
,,,,,,,,,
,,,,,,,,,
,,,,,,,,,
,,,,,,,,,
,,,,,,,,,
,,,,,,,,,
,,,,,,,,,
,,,,,,,,,
,,,,,,,,,
,,,,,,,,,
,,,,,,,,,
,,,,,,,,,
,,,,,,,,,
,,,,,,,,,
,,,,,,,,,
,,,,,,,,,
,,,,,,,,,
,,,,,,,,,
,,,,,,,,,
,,,,,,,,,
,,,,,,,,,
,,,,,,,,,
,,,,,,,,,
,,,,,,,,,
,,,,,,,,,
,,,,,,,,,
,,,,,,,,,
,,,,,,,,,
,,,,,,,,,
,,,,,,,,,
,,,,,,,,,
,,,,,,,,,
,,,,,,,,,
,,,,,,,,,
,,,,,,,,,
,,,,,,,,,
,,,,,,,,,
,,,,,,,,,
,,,,,,,,,
,,,,,,,,,
,,,,,,,,,
,,,,,,,,,
,,,,,,,,,
,,,,,,,,,
,,,,,,,,,
,,,,,,,,,
,,,,,,,,,
,,,,,,,,,
,,,,,,,,,
,,,,,,,,,
,,,,,,,,,
,,,,,,,,,
,,,,,,,,,
,,,,,,,,,
,,,,,,,,,
,,,,,,,,,
,,,,,,,,,
,,,,,,,,,
,,,,,,,,,
,,,,,,,,,
,,,,,,,,,
,,,,,,,,,
,,,,,,,,,
,,,,,,,,,
,,,,,,,,,
,,,,,,,,,
,,,,,,,,,
,,,,,,,,,
,,,,,,,,,
,,,,,,,,,
,,,,,,,,,
,,,,,,,,,
,,,,,,,,,
,,,,,,,,,
,,,,,,,,,
,,,,,,,,,
,,,,,,,,,
,,,,,,,,,
,,,,,,,,,
,,,,,,,,,
,,,,,,,,,
,,,,,,,,,
,,,,,,,,,
,,,,,,,,,
,,,,,,,,,
,,,,,,,,,
,,,,,,,,,
,,,,,,,,,
,,,,,,,,,
,,,,,,,,,
,,,,,,,,,
,,,,,,,,,
,,,,,,,,,
,,,,,,,,,
,,,,,,,,,
,,,,,,,,,
,,,,,,,,,
,,,,,,,,,
,,,,,,,,,
,,,,,,,,,
,,,,,,,,,
,,,,,,,,,
,,,,,,,,,
,,,,,,,,,
,,,,,,,,,
,,,,,,,,,
,,,,,,,,,
,,,,,,,,,
,,,,,,,,,
,,,,,,,,,
,,,,,,,,,
,,,,,,,,,
,,,,,,,,,
,,,,,,,,,
,,,,,,,,,
,,,,,,,,,
,,,,,,,,,
,,,,,,,,,
,,,,,,,,,
,,,,,,,,,
,,,,,,,,,
,,,,,,,,,
,,,,,,,,,
,,,,,,,,,
,,,,,,,,,
,,,,,,,,,
,,,,,,,,,
,,,,,,,,,
,,,,,,,,,
,,,,,,,,,
,,,,,,,,,
,,,,,,,,,
,,,,,,,,,
,,,,,,,,,
,,,,,,,,,
,,,,,,,,,
,,,,,,,,,
,,,,,,,,,
,,,,,,,,,
,,,,,,,,,
,,,,,,,,,
,,,,,,,,,
,,,,,,,,,
,,,,,,,,,
,,,,,,,,,
,,,,,,,,,
,,,,,,,,,
,,,,,,,,,
,,,,,,,,,
,,,,,,,,,
,,,,,,,,,
,,,,,,,,,
,,,,,,,,,
,,,,,,,,,
,,,,,,,,,
,,,,,,,,,
,,,,,,,,,
,,,,,,,,,
,,,,,,,,,
,,,,,,,,,
,,,,,,,,,
,,,,,,,,,
,,,,,,,,,
,,,,,,,,,
,,,,,,,,,
,,,,,,,,,
,,,,,,,,,
,,,,,,,,,
,,,,,,,,,
,,,,,,,,,
,,,,,,,,,
,,,,,,,,,
,,,,,,,,,
,,,,,,,,,
,,,,,,,,,
,,,,,,,,,
,,,,,,,,,
,,,,,,,,,
,,,,,,,,,
,,,,,,,,,
,,,,,,,,,
,,,,,,,,,
,,,,,,,,,
,,,,,,,,,
,,,,,,,,,
,,,,,,,,,
,,,,,,,,,
,,,,,,,,,
,,,,,,,,,
,,,,,,,,,
,,,,,,,,,
,,,,,,,,,
,,,,,,,,,
,,,,,,,,,
,,,,,,,,,
,,,,,,,,,
,,,,,,,,,
,,,,,,,,,
,,,,,,,,,
,,,,,,,,,
,,,,,,,,,
,,,,,,,,,
,,,,,,,,,
,,,,,,,,,
,,,,,,,,,
,,,,,,,,,
,,,,,,,,,
,,,,,,,,,
,,,,,,,,,
,,,,,,,,,
,,,,,,,,,
,,,,,,,,,
,,,,,,,,,
,,,,,,,,,
,,,,,,,,,
,,,,,,,,,
,,,,,,,,,
,,,,,,,,,
,,,,,,,,,
,,,,,,,,,
,,,,,,,,,
,,,,,,,,,
,,,,,,,,,
,,,,,,,,,
,,,,,,,,,
,,,,,,,,,
,,,,,,,,,
,,,,,,,,,
,,,,,,,,,
,,,,,,,,,
,,,,,,,,,
,,,,,,,,,
,,,,,,,,,
,,,,,,,,,
,,,,,,,,,
,,,,,,,,,
,,,,,,,,,
,,,,,,,,,
,,,,,,,,,
,,,,,,,,,
,,,,,,,,,
,,,,,,,,,
,,,,,,,,,
,,,,,,,,,
,,,,,,,,,
,,,,,,,,,
,,,,,,,,,
,,,,,,,,,
,,,,,,,,,
,,,,,,,,,
,,,,,,,,,
,,,,,,,,,
,,,,,,,,,
,,,,,,,,,
,,,,,,,,,
,,,,,,,,,
,,,,,,,,,
,,,,,,,,,
,,,,,,,,,
,,,,,,,,,
,,,,,,,,,
,,,,,,,,,
,,,,,,,,,
,,,,,,,,,
,,,,,,,,,
,,,,,,,,,
,,,,,,,,,
,,,,,,,,,
,,,,,,,,,
,,,,,,,,,
,,,,,,,,,
,,,,,,,,,
,,,,,,,,,
,,,,,,,,,
,,,,,,,,,
,,,,,,,,,
,,,,,,,,,
,,,,,,,,,
,,,,,,,,,
,,,,,,,,,
,,,,,,,,,
,,,,,,,,,
,,,,,,,,,
,,,,,,,,,
,,,,,,,,,
,,,,,,,,,
,,,,,,,,,
,,,,,,,,,
,,,,,,,,,
,,,,,,,,,
,,,,,,,,,
,,,,,,,,,
,,,,,,,,,
,,,,,,,,,
,,,,,,,,,
,,,,,,,,,
,,,,,,,,,
,,,,,,,,,
,,,,,,,,,
,,,,,,,,,
,,,,,,,,,
,,,,,,,,,
,,,,,,,,,
,,,,,,,,,
,,,,,,,,,
,,,,,,,,,
,,,,,,,,,
,,,,,,,,,
,,,,,,,,,
,,,,,,,,,
,,,,,,,,,
,,,,,,,,,
,,,,,,,,,
,,,,,,,,,
,,,,,,,,,
,,,,,,,,,
,,,,,,,,,
,,,,,,,,,
,,,,,,,,,
,,,,,,,,,
,,,,,,,,,
,,,,,,,,,
,,,,,,,,,
,,,,,,,,,
,,,,,,,,,
,,,,,,,,,
,,,,,,,,,
,,,,,,,,,
,,,,,,,,,
,,,,,,,,,
,,,,,,,,,
,,,,,,,,,
,,,,,,,,,
,,,,,,,,,
,,,,,,,,,
,,,,,,,,,
,,,,,,,,,
,,,,,,,,,
,,,,,,,,,
,,,,,,,,,
,,,,,,,,,
,,,,,,,,,
,,,,,,,,,
,,,,,,,,,
,,,,,,,,,
,,,,,,,,,
,,,,,,,,,
,,,,,,,,,
,,,,,,,,,
,,,,,,,,,
,,,,,,,,,
,,,,,,,,,
,,,,,,,,,
,,,,,,,,,
,,,,,,,,,
,,,,,,,,,
,,,,,,,,,
,,,,,,,,,
,,,,,,,,,
,,,,,,,,,
,,,,,,,,,
,,,,,,,,,
,,,,,,,,,
,,,,,,,,,
,,,,,,,,,
,,,,,,,,,
,,,,,,,,,
,,,,,,,,,
,,,,,,,,,
,,,,,,,,,
,,,,,,,,,
,,,,,,,,,
,,,,,,,,,
,,,,,,,,,
,,,,,,,,,
,,,,,,,,,
,,,,,,,,,
,,,,,,,,,
,,,,,,,,,
,,,,,,,,,
,,,,,,,,,
,,,,,,,,,
,,,,,,,,,
,,,,,,,,,
,,,,,,,,,
,,,,,,,,,
,,,,,,,,,
,,,,,,,,,
,,,,,,,,,
,,,,,,,,,
,,,,,,,,,
,,,,,,,,,
,,,,,,,,,
,,,,,,,,,
,,,,,,,,,
,,,,,,,,,
,,,,,,,,,
,,,,,,,,,
,,,,,,,,,
,,,,,,,,,
,,,,,,,,,
,,,,,,,,,
,,,,,,,,,
,,,,,,,,,
,,,,,,,,,
,,,,,,,,,
,,,,,,,,,
,,,,,,,,,
,,,,,,,,,
,,,,,,,,,
,,,,,,,,,
,,,,,,,,,
,,,,,,,,,
,,,,,,,,,
,,,,,,,,,
,,,,,,,,,
,,,,,,,,,
,,,,,,,,,
,,,,,,,,,
,,,,,,,,,
,,,,,,,,,
,,,,,,,,,
,,,,,,,,,
,,,,,,,,,
,,,,,,,,,
,,,,,,,,,
,,,,,,,,,
,,,,,,,,,
,,,,,,,,,
,,,,,,,,,
,,,,,,,,,
,,,,,,,,,
,,,,,,,,,
,,,,,,,,,
,,,,,,,,,
,,,,,,,,,
,,,,,,,,,
,,,,,,,,,
,,,,,,,,,
,,,,,,,,,
,,,,,,,,,
,,,,,,,,,
,,,,,,,,,
,,,,,,,,,
,,,,,,,,,
,,,,,,,,,
,,,,,,,,,
,,,,,,,,,
,,,,,,,,,
,,,,,,,,,
,,,,,,,,,
,,,,,,,,,
,,,,,,,,,
,,,,,,,,,
,,,,,,,,,
,,,,,,,,,
,,,,,,,,,
,,,,,,,,,
,,,,,,,,,
,,,,,,,,,
,,,,,,,,,
,,,,,,,,,
,,,,,,,,,
,,,,,,,,,
,,,,,,,,,
,,,,,,,,,
,,,,,,,,,
,,,,,,,,,
,,,,,,,,,
,,,,,,,,,
,,,,,,,,,
,,,,,,,,,
,,,,,,,,,
,,,,,,,,,
,,,,,,,,,
,,,,,,,,,
,,,,,,,,,
,,,,,,,,,
,,,,,,,,,
,,,,,,,,,
,,,,,,,,,
,,,,,,,,,
,,,,,,,,,
,,,,,,,,,
,,,,,,,,,
,,,,,,,,,
,,,,,,,,,
,,,,,,,,,
,,,,,,,,,
,,,,,,,,,
,,,,,,,,,
,,,,,,,,,
,,,,,,,,,
,,,,,,,,,
,,,,,,,,,
,,,,,,,,,
,,,,,,,,,
,,,,,,,,,
,,,,,,,,,
,,,,,,,,,
,,,,,,,,,
,,,,,,,,,
,,,,,,,,,
,,,,,,,,,
,,,,,,,,,
,,,,,,,,,
,,,,,,,,,
,,,,,,,,,
,,,,,,,,,
,,,,,,,,,
,,,,,,,,,
,,,,,,,,,
,,,,,,,,,
,,,,,,,,,
,,,,,,,,,
,,,,,,,,,
,,,,,,,,,
,,,,,,,,,
,,,,,,,,,
,,,,,,,,,
,,,,,,,,,
,,,,,,,,,
,,,,,,,,,
,,,,,,,,,
,,,,,,,,,
,,,,,,,,,
,,,,,,,,,
,,,,,,,,,
,,,,,,,,,
,,,,,,,,,
,,,,,,,,,
,,,,,,,,,
,,,,,,,,,
,,,,,,,,,
,,,,,,,,,
,,,,,,,,,
,,,,,,,,,
,,,,,,,,,
,,,,,,,,,
,,,,,,,,,
,,,,,,,,,
,,,,,,,,,
,,,,,,,,,
,,,,,,,,,
,,,,,,,,,
,,,,,,,,,
,,,,,,,,,
,,,,,,,,,
,,,,,,,,,
,,,,,,,,,
,,,,,,,,,
,,,,,,,,,
,,,,,,,,,
,,,,,,,,,
,,,,,,,,,
,,,,,,,,,
,,,,,,,,,
,,,,,,,,,
,,,,,,,,,
,,,,,,,,,
,,,,,,,,,
,,,,,,,,,
,,,,,,,,,
,,,,,,,,,
,,,,,,,,,
,,,,,,,,,
,,,,,,,,,
,,,,,,,,,
,,,,,,,,,
,,,,,,,,,
,,,,,,,,,
,,,,,,,,,
,,,,,,,,,
,,,,,,,,,
,,,,,,,,,
,,,,,,,,,
,,,,,,,,,
,,,,,,,,,
,,,,,,,,,
,,,,,,,,,
,,,,,,,,,
,,,,,,,,,
,,,,,,,,,
,,,,,,,,,
,,,,,,,,,
,,,,,,,,,
,,,,,,,,,
,,,,,,,,,
,,,,,,,,,
,,,,,,,,,
,,,,,,,,,
,,,,,,,,,
,,,,,,,,,
,,,,,,,,,
,,,,,,,,,
,,,,,,,,,
,,,,,,,,,
,,,,,,,,,
,,,,,,,,,
,,,,,,,,,
,,,,,,,,,
,,,,,,,,,
,,,,,,,,,
,,,,,,,,,
,,,,,,,,,
,,,,,,,,,
,,,,,,,,,
,,,,,,,,,
,,,,,,,,,
,,,,,,,,,
,,,,,,,,,
,,,,,,,,,
,,,,,,,,,
,,,,,,,,,
,,,,,,,,,
,,,,,,,,,
,,,,,,,,,
,,,,,,,,,
,,,,,,,,,
,,,,,,,,,
,,,,,,,,,
,,,,,,,,,
,,,,,,,,,
,,,,,,,,,
,,,,,,,,,
,,,,,,,,,
,,,,,,,,,
,,,,,,,,,
,,,,,,,,,
,,,,,,,,,
,,,,,,,,,
,,,,,,,,,
,,,,,,,,,
,,,,,,,,,
,,,,,,,,,
,,,,,,,,,
,,,,,,,,,
,,,,,,,,,
,,,,,,,,,
,,,,,,,,,
,,,,,,,,,
,,,,,,,,,
,,,,,,,,,
,,,,,,,,,
,,,,,,,,,
,,,,,,,,,
,,,,,,,,,
,,,,,,,,,
,,,,,,,,,
,,,,,,,,,
,,,,,,,,,
,,,,,,,,,
,,,,,,,,,
,,,,,,,,,
,,,,,,,,,
,,,,,,,,,
,,,,,,,,,
,,,,,,,,,
,,,,,,,,,
,,,,,,,,,
,,,,,,,,,
,,,,,,,,,
,,,,,,,,,
,,,,,,,,,
,,,,,,,,,
,,,,,,,,,
,,,,,,,,,
,,,,,,,,,
,,,,,,,,,
,,,,,,,,,
,,,,,,,,,
,,,,,,,,,
,,,,,,,,,
,,,,,,,,,
,,,,,,,,,
,,,,,,,,,
,,,,,,,,,
,,,,,,,,,
,,,,,,,,,
,,,,,,,,,
,,,,,,,,,
,,,,,,,,,
,,,,,,,,,
,,,,,,,,,
,,,,,,,,,
,,,,,,,,,
,,,,,,,,,
,,,,,,,,,
,,,,,,,,,
,,,,,,,,,
,,,,,,,,,
,,,,,,,,,
,,,,,,,,,
,,,,,,,,,
,,,,,,,,,
,,,,,,,,,
,,,,,,,,,
,,,,,,,,,
,,,,,,,,,
,,,,,,,,,
,,,,,,,,,
,,,,,,,,,
,,,,,,,,,
,,,,,,,,,
,,,,,,,,,
,,,,,,,,,
,,,,,,,,,
,,,,,,,,,
,,,,,,,,,
,,,,,,,,,
,,,,,,,,,
,,,,,,,,,
,,,,,,,,,
,,,,,,,,,
,,,,,,,,,
,,,,,,,,,
,,,,,,,,,
,,,,,,,,,
,,,,,,,,,
,,,,,,,,,
,,,,,,,,,
,,,,,,,,,
,,,,,,,,,
,,,,,,,,,
,,,,,,,,,
,,,,,,,,,
,,,,,,,,,
,,,,,,,,,
,,,,,,,,,
,,,,,,,,,
,,,,,,,,,
,,,,,,,,,
,,,,,,,,,
,,,,,,,,,
,,,,,,,,,
,,,,,,,,,
,,,,,,,,,
,,,,,,,,,
,,,,,,,,,
,,,,,,,,,
,,,,,,,,,
,,,,,,,,,
,,,,,,,,,
,,,,,,,,,
,,,,,,,,,
,,,,,,,,,
,,,,,,,,,
,,,,,,,,,
,,,,,,,,,
,,,,,,,,,
,,,,,,,,,
,,,,,,,,,
,,,,,,,,,
,,,,,,,,,
,,,,,,,,,
,,,,,,,,,
,,,,,,,,,
,,,,,,,,,
,,,,,,,,,
,,,,,,,,,
,,,,,,,,,
,,,,,,,,,
,,,,,,,,,
,,,,,,,,,
,,,,,,,,,
,,,,,,,,,
,,,,,,,,,
,,,,,,,,,
,,,,,,,,,
,,,,,,,,,
,,,,,,,,,
,,,,,,,,,
,,,,,,,,,
,,,,,,,,,
,,,,,,,,,
,,,,,,,,,
,,,,,,,,,
,,,,,,,,,
,,,,,,,,,
,,,,,,,,,
,,,,,,,,,
,,,,,,,,,
,,,,,,,,,
,,,,,,,,,
,,,,,,,,,
,,,,,,,,,
,,,,,,,,,
,,,,,,,,,
,,,,,,,,,
,,,,,,,,,
,,,,,,,,,
,,,,,,,,,
,,,,,,,,,
,,,,,,,,,
,,,,,,,,,
,,,,,,,,,
,,,,,,,,,
,,,,,,,,,
,,,,,,,,,
,,,,,,,,,
,,,,,,,,,
,,,,,,,,,
,,,,,,,,,
,,,,,,,,,
,,,,,,,,,
,,,,,,,,,
,,,,,,,,,
,,,,,,,,,
,,,,,,,,,
,,,,,,,,,
,,,,,,,,,
,,,,,,,,,
,,,,,,,,,
,,,,,,,,,
,,,,,,,,,
,,,,,,,,,
,,,,,,,,,
,,,,,,,,,
,,,,,,,,,
,,,,,,,,,
,,,,,,,,,
,,,,,,,,,
,,,,,,,,,
,,,,,,,,,
,,,,,,,,,
,,,,,,,,,
,,,,,,,,,
,,,,,,,,,
,,,,,,,,,
,,,,,,,,,
,,,,,,,,,
,,,,,,,,,
,,,,,,,,,
,,,,,,,,,
,,,,,,,,,
,,,,,,,,,
,,,,,,,,,
,,,,,,,,,
,,,,,,,,,
,,,,,,,,,
,,,,,,,,,
,,,,,,,,,
,,,,,,,,,
,,,,,,,,,
,,,,,,,,,
,,,,,,,,,
,,,,,,,,,
,,,,,,,,,
,,,,,,,,,
,,,,,,,,,
,,,,,,,,,
,,,,,,,,,
,,,,,,,,,
,,,,,,,,,
,,,,,,,,,
,,,,,,,,,
,,,,,,,,,
,,,,,,,,,
,,,,,,,,,
,,,,,,,,,
,,,,,,,,,
,,,,,,,,,
,,,,,,,,,
,,,,,,,,,
,,,,,,,,,
,,,,,,,,,
,,,,,,,,,
,,,,,,,,,
,,,,,,,,,
,,,,,,,,,
,,,,,,,,,
,,,,,,,,,
,,,,,,,,,
,,,,,,,,,
,,,,,,,,,
,,,,,,,,,
,,,,,,,,,
,,,,,,,,,
,,,,,,,,,
,,,,,,,,,
,,,,,,,,,
,,,,,,,,,
,,,,,,,,,
,,,,,,,,,
,,,,,,,,,
,,,,,,,,,
,,,,,,,,,
,,,,,,,,,
,,,,,,,,,
,,,,,,,,,
,,,,,,,,,
,,,,,,,,,
,,,,,,,,,
,,,,,,,,,
,,,,,,,,,
,,,,,,,,,
,,,,,,,,,
,,,,,,,,,
,,,,,,,,,
,,,,,,,,,
,,,,,,,,,
,,,,,,,,,
,,,,,,,,,
,,,,,,,,,
,,,,,,,,,
,,,,,,,,,
,,,,,,,,,
,,,,,,,,,
,,,,,,,,,
,,,,,,,,,
,,,,,,,,,
,,,,,,,,,
,,,,,,,,,
,,,,,,,,,
,,,,,,,,,
,,,,,,,,,
,,,,,,,,,
,,,,,,,,,
,,,,,,,,,
,,,,,,,,,
,,,,,,,,,
,,,,,,,,,
,,,,,,,,,
,,,,,,,,,
,,,,,,,,,
,,,,,,,,,
,,,,,,,,,
,,,,,,,,,
,,,,,,,,,
,,,,,,,,,
,,,,,,,,,
,,,,,,,,,
,,,,,,,,,
,,,,,,,,,
,,,,,,,,,
,,,,,,,,,
,,,,,,,,,
,,,,,,,,,
,,,,,,,,,
,,,,,,,,,
,,,,,,,,,
,,,,,,,,,
,,,,,,,,,
,,,,,,,,,
,,,,,,,,,
,,,,,,,,,
,,,,,,,,,
,,,,,,,,,
,,,,,,,,,
,,,,,,,,,
,,,,,,,,,
,,,,,,,,,
,,,,,,,,,
,,,,,,,,,
,,,,,,,,,
,,,,,,,,,
,,,,,,,,,
,,,,,,,,,
,,,,,,,,,
,,,,,,,,,
,,,,,,,,,
,,,,,,,,,
,,,,,,,,,
,,,,,,,,,
,,,,,,,,,
,,,,,,,,,
,,,,,,,,,
,,,,,,,,,
,,,,,,,,,
,,,,,,,,,
,,,,,,,,,
,,,,,,,,,
,,,,,,,,,
,,,,,,,,,
,,,,,,,,,
,,,,,,,,,
,,,,,,,,,
,,,,,,,,,
,,,,,,,,,
,,,,,,,,,
,,,,,,,,,
,,,,,,,,,
,,,,,,,,,
,,,,,,,,,
,,,,,,,,,
,,,,,,,,,
,,,,,,,,,
,,,,,,,,,
,,,,,,,,,
,,,,,,,,,
,,,,,,,,,
,,,,,,,,,
,,,,,,,,,
,,,,,,,,,
,,,,,,,,,
,,,,,,,,,
,,,,,,,,,
,,,,,,,,,
,,,,,,,,,
,,,,,,,,,
,,,,,,,,,
,,,,,,,,,
,,,,,,,,,
,,,,,,,,,
,,,,,,,,,
,,,,,,,,,
,,,,,,,,,
,,,,,,,,,
,,,,,,,,,
,,,,,,,,,
,,,,,,,,,
,,,,,,,,,
,,,,,,,,,
,,,,,,,,,
,,,,,,,,,
,,,,,,,,,
,,,,,,,,,
,,,,,,,,,
,,,,,,,,,
,,,,,,,,,
,,,,,,,,,
,,,,,,,,,
,,,,,,,,,
,,,,,,,,,
,,,,,,,,,
,,,,,,,,,
,,,,,,,,,
,,,,,,,,,
,,,,,,,,,
,,,,,,,,,
,,,,,,,,,
,,,,,,,,,
,,,,,,,,,
,,,,,,,,,
,,,,,,,,,
,,,,,,,,,
,,,,,,,,,
,,,,,,,,,
,,,,,,,,,
,,,,,,,,,
,,,,,,,,,
,,,,,,,,,
,,,,,,,,,
,,,,,,,,,
,,,,,,,,,
,,,,,,,,,
,,,,,,,,,
,,,,,,,,,
,,,,,,,,,
,,,,,,,,,
,,,,,,,,,
,,,,,,,,,
,,,,,,,,,
,,,,,,,,,
,,,,,,,,,
,,,,,,,,,
,,,,,,,,,
,,,,,,,,,
,,,,,,,,,
,,,,,,,,,
,,,,,,,,,
,,,,,,,,,
,,,,,,,,,
,,,,,,,,,
,,,,,,,,,
,,,,,,,,,
,,,,,,,,,
,,,,,,,,,
,,,,,,,,,
,,,,,,,,,
,,,,,,,,,
,,,,,,,,,
,,,,,,,,,
,,,,,,,,,
,,,,,,,,,
,,,,,,,,,
,,,,,,,,,
,,,,,,,,,
,,,,,,,,,
,,,,,,,,,
,,,,,,,,,
,,,,,,,,,
,,,,,,,,,
,,,,,,,,,
,,,,,,,,,
,,,,,,,,,
,,,,,,,,,
,,,,,,,,,
,,,,,,,,,
,,,,,,,,,
,,,,,,,,,
,,,,,,,,,
,,,,,,,,,
,,,,,,,,,
,,,,,,,,,
,,,,,,,,,
,,,,,,,,,
,,,,,,,,,
,,,,,,,,,
,,,,,,,,,
,,,,,,,,,
,,,,,,,,,
,,,,,,,,,
,,,,,,,,,
,,,,,,,,,
,,,,,,,,,
,,,,,,,,,
,,,,,,,,,
,,,,,,,,,
,,,,,,,,,
,,,,,,,,,
,,,,,,,,,
,,,,,,,,,
,,,,,,,,,
,,,,,,,,,
,,,,,,,,,
,,,,,,,,,
,,,,,,,,,
,,,,,,,,,
,,,,,,,,,
,,,,,,,,,
,,,,,,,,,
,,,,,,,,,
,,,,,,,,,
,,,,,,,,,
,,,,,,,,,
,,,,,,,,,
,,,,,,,,,
,,,,,,,,,
,,,,,,,,,
,,,,,,,,,
,,,,,,,,,
,,,,,,,,,
,,,,,,,,,
,,,,,,,,,
,,,,,,,,,
,,,,,,,,,
,,,,,,,,,
,,,,,,,,,
,,,,,,,,,
,,,,,,,,,
,,,,,,,,,
,,,,,,,,,
,,,,,,,,,
,,,,,,,,,
,,,,,,,,,
,,,,,,,,,
,,,,,,,,,
,,,,,,,,,
,,,,,,,,,
,,,,,,,,,
,,,,,,,,,
,,,,,,,,,
,,,,,,,,,
,,,,,,,,,
,,,,,,,,,
,,,,,,,,,
,,,,,,,,,
,,,,,,,,,
,,,,,,,,,
,,,,,,,,,
,,,,,,,,,
,,,,,,,,,
,,,,,,,,,
,,,,,,,,,
,,,,,,,,,
,,,,,,,,,
,,,,,,,,,
,,,,,,,,,
,,,,,,,,,
,,,,,,,,,
,,,,,,,,,
,,,,,,,,,
,,,,,,,,,
,,,,,,,,,
,,,,,,,,,
,,,,,,,,,
,,,,,,,,,
,,,,,,,,,
,,,,,,,,,
,,,,,,,,,
,,,,,,,,,
,,,,,,,,,
,,,,,,,,,
,,,,,,,,,
,,,,,,,,,
,,,,,,,,,
,,,,,,,,,
,,,,,,,,,
,,,,,,,,,
,,,,,,,,,
,,,,,,,,,
,,,,,,,,,
,,,,,,,,,
,,,,,,,,,
,,,,,,,,,
,,,,,,,,,
,,,,,,,,,
,,,,,,,,,
,,,,,,,,,
,,,,,,,,,
,,,,,,,,,
,,,,,,,,,
,,,,,,,,,
,,,,,,,,,
,,,,,,,,,
,,,,,,,,,
,,,,,,,,,
,,,,,,,,,
,,,,,,,,,
,,,,,,,,,
,,,,,,,,,
,,,,,,,,,
,,,,,,,,,
,,,,,,,,,
,,,,,,,,,
,,,,,,,,,
,,,,,,,,,
,,,,,,,,,
,,,,,,,,,
,,,,,,,,,
,,,,,,,,,
,,,,,,,,,
,,,,,,,,,
,,,,,,,,,
,,,,,,,,,
,,,,,,,,,
,,,,,,,,,
,,,,,,,,,
,,,,,,,,,
,,,,,,,,,
,,,,,,,,,
,,,,,,,,,
,,,,,,,,,
,,,,,,,,,
,,,,,,,,,
,,,,,,,,,
,,,,,,,,,
,,,,,,,,,
,,,,,,,,,
,,,,,,,,,
,,,,,,,,,
,,,,,,,,,
,,,,,,,,,
,,,,,,,,,
,,,,,,,,,
,,,,,,,,,
,,,,,,,,,
,,,,,,,,,
,,,,,,,,,
,,,,,,,,,
,,,,,,,,,
,,,,,,,,,
,,,,,,,,,
,,,,,,,,,
,,,,,,,,,
,,,,,,,,,
,,,,,,,,,
,,,,,,,,,
,,,,,,,,,
,,,,,,,,,
,,,,,,,,,
,,,,,,,,,
,,,,,,,,,
,,,,,,,,,
,,,,,,,,,
,,,,,,,,,
,,,,,,,,,
,,,,,,,,,
,,,,,,,,,
,,,,,,,,,
,,,,,,,,,
,,,,,,,,,
,,,,,,,,,
,,,,,,,,,
,,,,,,,,,
,,,,,,,,,
,,,,,,,,,
,,,,,,,,,
,,,,,,,,,
,,,,,,,,,
,,,,,,,,,
,,,,,,,,,
,,,,,,,,,
,,,,,,,,,
,,,,,,,,,
,,,,,,,,,
,,,,,,,,,
,,,,,,,,,
,,,,,,,,,
,,,,,,,,,
,,,,,,,,,
,,,,,,,,,
,,,,,,,,,
,,,,,,,,,
,,,,,,,,,
,,,,,,,,,
,,,,,,,,,
,,,,,,,,,
,,,,,,,,,
,,,,,,,,,
,,,,,,,,,
,,,,,,,,,
,,,,,,,,,
,,,,,,,,,
,,,,,,,,,
,,,,,,,,,
,,,,,,,,,
,,,,,,,,,
,,,,,,,,,
,,,,,,,,,
,,,,,,,,,
,,,,,,,,,
,,,,,,,,,
,,,,,,,,,
,,,,,,,,,
,,,,,,,,,
,,,,,,,,,
,,,,,,,,,
,,,,,,,,,
,,,,,,,,,
,,,,,,,,,
,,,,,,,,,
,,,,,,,,,
,,,,,,,,,
,,,,,,,,,
,,,,,,,,,
,,,,,,,,,
,,,,,,,,,
,,,,,,,,,
,,,,,,,,,
,,,,,,,,,
,,,,,,,,,
,,,,,,,,,
,,,,,,,,,
,,,,,,,,,
,,,,,,,,,
,,,,,,,,,
,,,,,,,,,
,,,,,,,,,
,,,,,,,,,
,,,,,,,,,
,,,,,,,,,
,,,,,,,,,
,,,,,,,,,
,,,,,,,,,
,,,,,,,,,
,,,,,,,,,
,,,,,,,,,
,,,,,,,,,
,,,,,,,,,
,,,,,,,,,
,,,,,,,,,
,,,,,,,,,
,,,,,,,,,
,,,,,,,,,
,,,,,,,,,
,,,,,,,,,
,,,,,,,,,
,,,,,,,,,
,,,,,,,,,
,,,,,,,,,
,,,,,,,,,
,,,,,,,,,
,,,,,,,,,
,,,,,,,,,
,,,,,,,,,
,,,,,,,,,
,,,,,,,,,
,,,,,,,,,
,,,,,,,,,
,,,,,,,,,
,,,,,,,,,
,,,,,,,,,
,,,,,,,,,
,,,,,,,,,
,,,,,,,,,
,,,,,,,,,
,,,,,,,,,
,,,,,,,,,
,,,,,,,,,
,,,,,,,,,
,,,,,,,,,
,,,,,,,,,
,,,,,,,,,
,,,,,,,,,
,,,,,,,,,
,,,,,,,,,
,,,,,,,,,
,,,,,,,,,
,,,,,,,,,
,,,,,,,,,
,,,,,,,,,
,,,,,,,,,
,,,,,,,,,
,,,,,,,,,
,,,,,,,,,
,,,,,,,,,
,,,,,,,,,
,,,,,,,,,
,,,,,,,,,
,,,,,,,,,
,,,,,,,,,
,,,,,,,,,
,,,,,,,,,
,,,,,,,,,
,,,,,,,,,
,,,,,,,,,
,,,,,,,,,
,,,,,,,,,
,,,,,,,,,
,,,,,,,,,
,,,,,,,,,
,,,,,,,,,
,,,,,,,,,
,,,,,,,,,
,,,,,,,,,
,,,,,,,,,
,,,,,,,,,
,,,,,,,,,
,,,,,,,,,
,,,,,,,,,
,,,,,,,,,
,,,,,,,,,
,,,,,,,,,
,,,,,,,,,
,,,,,,,,,
,,,,,,,,,
,,,,,,,,,
,,,,,,,,,
,,,,,,,,,
,,,,,,,,,
,,,,,,,,,
,,,,,,,,,
,,,,,,,,,
,,,,,,,,,
,,,,,,,,,
,,,,,,,,,
,,,,,,,,,
,,,,,,,,,
,,,,,,,,,
,,,,,,,,,
,,,,,,,,,
,,,,,,,,,
,,,,,,,,,
,,,,,,,,,
,,,,,,,,,
,,,,,,,,,
,,,,,,,,,
,,,,,,,,,
,,,,,,,,,
,,,,,,,,,
,,,,,,,,,
,,,,,,,,,
,,,,,,,,,
,,,,,,,,,
,,,,,,,,,
,,,,,,,,,
,,,,,,,,,
,,,,,,,,,
,,,,,,,,,
,,,,,,,,,
,,,,,,,,,
,,,,,,,,,
,,,,,,,,,
,,,,,,,,,
,,,,,,,,,
,,,,,,,,,
,,,,,,,,,
,,,,,,,,,
,,,,,,,,,
,,,,,,,,,
,,,,,,,,,
,,,,,,,,,
,,,,,,,,,
,,,,,,,,,
,,,,,,,,,
,,,,,,,,,
,,,,,,,,,
,,,,,,,,,
,,,,,,,,,
,,,,,,,,,
,,,,,,,,,
,,,,,,,,,
,,,,,,,,,
,,,,,,,,,
,,,,,,,,,
,,,,,,,,,
,,,,,,,,,
,,,,,,,,,
,,,,,,,,,
,,,,,,,,,
,,,,,,,,,
,,,,,,,,,
,,,,,,,,,
,,,,,,,,,
,,,,,,,,,
,,,,,,,,,
,,,,,,,,,
,,,,,,,,,
,,,,,,,,,
,,,,,,,,,
,,,,,,,,,
,,,,,,,,,
,,,,,,,,,
,,,,,,,,,
,,,,,,,,,
,,,,,,,,,
,,,,,,,,,
,,,,,,,,,
,,,,,,,,,
,,,,,,,,,
,,,,,,,,,
,,,,,,,,,
,,,,,,,,,
,,,,,,,,,
,,,,,,,,,
,,,,,,,,,
,,,,,,,,,
,,,,,,,,,
,,,,,,,,,
,,,,,,,,,
,,,,,,,,,
,,,,,,,,,
,,,,,,,,,
,,,,,,,,,
,,,,,,,,,
,,,,,,,,,
,,,,,,,,,
,,,,,,,,,
,,,,,,,,,
,,,,,,,,,
,,,,,,,,,
,,,,,,,,,
,,,,,,,,,
,,,,,,,,,
,,,,,,,,,
,,,,,,,,,
,,,,,,,,,
,,,,,,,,,
,,,,,,,,,
,,,,,,,,,
,,,,,,,,,
,,,,,,,,,
,,,,,,,,,
,,,,,,,,,
,,,,,,,,,
,,,,,,,,,
,,,,,,,,,
,,,,,,,,,
,,,,,,,,,
,,,,,,,,,
,,,,,,,,,
,,,,,,,,,
,,,,,,,,,
,,,,,,,,,
,,,,,,,,,
,,,,,,,,,
,,,,,,,,,
,,,,,,,,,
,,,,,,,,,
,,,,,,,,,
,,,,,,,,,
,,,,,,,,,
,,,,,,,,,
,,,,,,,,,
,,,,,,,,,
,,,,,,,,,
,,,,,,,,,
,,,,,,,,,
,,,,,,,,,
,,,,,,,,,
,,,,,,,,,
,,,,,,,,,
,,,,,,,,,
,,,,,,,,,
,,,,,,,,,
,,,,,,,,,
,,,,,,,,,
,,,,,,,,,
,,,,,,,,,
,,,,,,,,,
,,,,,,,,,
,,,,,,,,,
,,,,,,,,,
,,,,,,,,,
,,,,,,,,,
,,,,,,,,,
,,,,,,,,,
,,,,,,,,,
,,,,,,,,,
,,,,,,,,,
,,,,,,,,,
,,,,,,,,,
,,,,,,,,,
,,,,,,,,,
,,,,,,,,,
,,,,,,,,,
,,,,,,,,,
,,,,,,,,,
,,,,,,,,,
,,,,,,,,,
,,,,,,,,,
,,,,,,,,,
,,,,,,,,,
,,,,,,,,,
,,,,,,,,,
,,,,,,,,,
,,,,,,,,,
,,,,,,,,,
,,,,,,,,,
,,,,,,,,,
,,,,,,,,,
,,,,,,,,,
,,,,,,,,,
,,,,,,,,,
,,,,,,,,,
,,,,,,,,,
,,,,,,,,,
,,,,,,,,,
,,,,,,,,,
,,,,,,,,,
,,,,,,,,,
,,,,,,,,,
,,,,,,,,,
,,,,,,,,,
,,,,,,,,,
,,,,,,,,,
,,,,,,,,,
,,,,,,,,,
,,,,,,,,,
,,,,,,,,,
,,,,,,,,,
,,,,,,,,,
,,,,,,,,,
,,,,,,,,,
,,,,,,,,,
,,,,,,,,,
,,,,,,,,,
,,,,,,,,,
,,,,,,,,,
,,,,,,,,,
,,,,,,,,,
,,,,,,,,,
,,,,,,,,,
,,,,,,,,,
,,,,,,,,,
,,,,,,,,,
,,,,,,,,,
,,,,,,,,,
,,,,,,,,,
,,,,,,,,,
,,,,,,,,,
,,,,,,,,,
,,,,,,,,,
,,,,,,,,,
,,,,,,,,,
,,,,,,,,,
,,,,,,,,,
,,,,,,,,,
,,,,,,,,,
,,,,,,,,,
,,,,,,,,,
,,,,,,,,,
,,,,,,,,,
,,,,,,,,,
,,,,,,,,,
,,,,,,,,,
,,,,,,,,,
,,,,,,,,,
,,,,,,,,,
,,,,,,,,,
,,,,,,,,,
,,,,,,,,,
,,,,,,,,,
,,,,,,,,,
,,,,,,,,,
,,,,,,,,,
,,,,,,,,,
,,,,,,,,,
,,,,,,,,,
,,,,,,,,,
,,,,,,,,,
,,,,,,,,,
,,,,,,,,,
,,,,,,,,,
,,,,,,,,,
,,,,,,,,,
,,,,,,,,,
,,,,,,,,,
,,,,,,,,,
,,,,,,,,,
,,,,,,,,,
,,,,,,,,,
,,,,,,,,,
,,,,,,,,,
,,,,,,,,,
,,,,,,,,,
,,,,,,,,,
,,,,,,,,,
,,,,,,,,,
,,,,,,,,,
,,,,,,,,,
,,,,,,,,,
,,,,,,,,,
,,,,,,,,,
,,,,,,,,,
,,,,,,,,,
,,,,,,,,,
,,,,,,,,,
,,,,,,,,,
,,,,,,,,,
,,,,,,,,,
,,,,,,,,,
,,,,,,,,,
,,,,,,,,,
,,,,,,,,,
,,,,,,,,,
,,,,,,,,,
,,,,,,,,,
,,,,,,,,,
,,,,,,,,,
,,,,,,,,,
,,,,,,,,,
,,,,,,,,,
,,,,,,,,,
,,,,,,,,,
,,,,,,,,,
,,,,,,,,,
,,,,,,,,,
,,,,,,,,,
,,,,,,,,,
,,,,,,,,,
,,,,,,,,,
,,,,,,,,,
,,,,,,,,,
,,,,,,,,,
,,,,,,,,,
,,,,,,,,,
,,,,,,,,,
,,,,,,,,,
,,,,,,,,,
,,,,,,,,,
,,,,,,,,,
,,,,,,,,,
,,,,,,,,,
,,,,,,,,,
,,,,,,,,,
,,,,,,,,,
,,,,,,,,,
,,,,,,,,,
,,,,,,,,,
,,,,,,,,,
,,,,,,,,,
,,,,,,,,,
,,,,,,,,,
,,,,,,,,,
,,,,,,,,,
,,,,,,,,,
,,,,,,,,,
,,,,,,,,,
,,,,,,,,,
,,,,,,,,,
,,,,,,,,,
,,,,,,,,,
,,,,,,,,,
,,,,,,,,,
,,,,,,,,,
,,,,,,,,,
,,,,,,,,,
,,,,,,,,,
,,,,,,,,,
,,,,,,,,,
,,,,,,,,,
,,,,,,,,,
,,,,,,,,,
,,,,,,,,,
,,,,,,,,,
,,,,,,,,,
,,,,,,,,,
,,,,,,,,,
,,,,,,,,,
,,,,,,,,,
,,,,,,,,,
,,,,,,,,,
,,,,,,,,,
,,,,,,,,,
,,,,,,,,,
,,,,,,,,,
,,,,,,,,,
,,,,,,,,,
,,,,,,,,,
,,,,,,,,,
,,,,,,,,,
,,,,,,,,,
,,,,,,,,,
,,,,,,,,,
,,,,,,,,,
,,,,,,,,,
,,,,,,,,,
,,,,,,,,,
,,,,,,,,,
,,,,,,,,,
,,,,,,,,,
,,,,,,,,,
,,,,,,,,,
,,,,,,,,,
,,,,,,,,,
,,,,,,,,,
,,,,,,,,,
,,,,,,,,,
,,,,,,,,,
,,,,,,,,,
,,,,,,,,,
,,,,,,,,,
,,,,,,,,,
,,,,,,,,,
,,,,,,,,,
,,,,,,,,,
,,,,,,,,,
,,,,,,,,,
,,,,,,,,,
,,,,,,,,,
,,,,,,,,,
,,,,,,,,,
,,,,,,,,,
,,,,,,,,,
,,,,,,,,,
,,,,,,,,,
,,,,,,,,,
,,,,,,,,,
,,,,,,,,,
,,,,,,,,,
,,,,,,,,,
,,,,,,,,,
,,,,,,,,,
,,,,,,,,,
,,,,,,,,,
,,,,,,,,,
,,,,,,,,,
,,,,,,,,,
,,,,,,,,,
,,,,,,,,,
,,,,,,,,,
,,,,,,,,,
,,,,,,,,,
,,,,,,,,,
,,,,,,,,,
,,,,,,,,,
,,,,,,,,,
,,,,,,,,,
,,,,,,,,,
,,,,,,,,,
,,,,,,,,,
,,,,,,,,,
,,,,,,,,,
,,,,,,,,,
,,,,,,,,,
,,,,,,,,,
,,,,,,,,,
,,,,,,,,,
,,,,,,,,,
,,,,,,,,,
,,,,,,,,,
,,,,,,,,,
,,,,,,,,,
,,,,,,,,,
,,,,,,,,,
,,,,,,,,,
,,,,,,,,,
,,,,,,,,,
,,,,,,,,,
,,,,,,,,,
,,,,,,,,,
,,,,,,,,,
,,,,,,,,,
,,,,,,,,,
,,,,,,,,,
,,,,,,,,,
,,,,,,,,,
,,,,,,,,,
,,,,,,,,,
,,,,,,,,,
,,,,,,,,,
,,,,,,,,,
,,,,,,,,,
,,,,,,,,,
,,,,,,,,,
,,,,,,,,,
